ID	Document
D1	pertinent resultat algorithme indexation moteur precision collection index recherche
D2	index pertinent systeme utilisateur information document rappel web collection indexation
D3	indexation index classement requete pertinent
D4	classement rappel systeme moteur terme texte resultat web index requete collection
D5	pertinent systeme recherche moteur precision indexation requete
D6	inverse information terme web recherche
D7	classement utilisateur algorithme systeme document texte index pertinent rappel precision requete
D8	inverse requete pertinent algorithme systeme terme web
D9	index classement pertinent precision indexation rappel web utilisateur terme collection document
D10	pertinent moteur texte information requete systeme document index
D11	systeme index document information texte
D12	precision utilisateur inverse rappel terme index systeme recherche requete resultat texte
D13	pertinent requete collection algorithme rappel classement index systeme indexation
D14	indexation information recherche algorithme terme
D15	utilisateur classement requete pertinent web document moteur inverse
D16	terme utilisateur pertinent rappel recherche systeme requete texte document indexation
D17	collection algorithme precision systeme inverse terme moteur pertinent utilisateur index
D18	pertinent moteur systeme information index rappel
D19	pertinent document rappel terme utilisateur collection inverse texte systeme requete algorithme recherche
D20	index web rappel requete collection resultat indexation
D21	pertinent web document classement algorithme requete resultat texte recherche rappel utilisateur moteur
D22	utilisateur information algorithme index texte inverse terme
D23	indexation resultat precision texte rappel index
D24	index indexation recherche algorithme systeme utilisateur collection rappel requete
D25	precision systeme requete utilisateur inverse moteur collection resultat rappel information document pertinent
D26	rappel inverse utilisateur information moteur
D27	moteur requete information inverse index algorithme rappel recherche terme
D28	systeme collection terme document requete algorithme precision index utilisateur moteur
D29	information recherche collection inverse requete document moteur algorithme classement terme
D30	texte requete rappel index resultat pertinent
D31	requete index texte moteur resultat pertinent collection web algorithme indexation
D32	classement document systeme indexation resultat algorithme web
D33	index algorithme classement indexation utilisateur recherche moteur
D34	indexation texte index document moteur information rappel
D35	resultat texte pertinent precision moteur collection algorithme web
D36	systeme pertinent texte rappel recherche
D37	recherche information moteur inverse document rappel
D38	systeme recherche algorithme pertinent terme web collection
D39	index moteur classement resultat indexation algorithme
D40	classement moteur inverse information requete terme systeme precision recherche collection
D41	rappel utilisateur pertinent precision web document
D42	inverse recherche systeme web texte
D43	collection utilisateur inverse texte pertinent rappel document
D44	inverse pertinent utilisateur collection document rappel
D45	pertinent collection document information moteur rappel index requete indexation utilisateur
D46	web moteur utilisateur rappel collection resultat information
D47	classement collection requete document recherche web precision texte terme
D48	terme moteur texte resultat classement web information
D49	algorithme web requete moteur document indexation
D50	indexation texte collection terme classement index inverse
D51	systeme terme moteur inverse texte index requete precision web collection classement
D52	texte document web precision inverse collection information pertinent
D53	recherche index systeme collection classement document information rappel indexation precision
D54	utilisateur resultat moteur web inverse pertinent precision
D55	information moteur pertinent algorithme texte collection recherche resultat
D56	collection information pertinent document classement web utilisateur precision recherche texte indexation
D57	document inverse systeme recherche web rappel texte
D58	classement moteur precision utilisateur systeme index collection
D59	resultat recherche utilisateur pertinent moteur algorithme terme systeme rappel document
D60	recherche texte web resultat requete precision utilisateur
D61	inverse web indexation requete document precision index classement collection
D62	texte information inverse systeme indexation web collection requete
D63	resultat classement terme texte precision document
D64	collection web index requete pertinent
D65	document collection terme recherche inverse moteur
D66	rappel pertinent document index recherche texte moteur
D67	rappel index information inverse requete systeme utilisateur web
D68	algorithme classement information rappel terme
D69	utilisateur recherche collection systeme texte requete
D70	terme texte collection moteur pertinent indexation index rappel
D71	precision moteur recherche texte classement utilisateur
D72	utilisateur indexation moteur resultat document
D73	inverse index moteur indexation terme systeme
D74	terme utilisateur collection web information resultat rappel
D75	inverse index document moteur classement information texte recherche rappel precision requete
D76	classement pertinent resultat terme indexation rappel
D77	indexation document requete collection precision information resultat algorithme classement
D78	requete classement systeme resultat moteur information utilisateur inverse recherche indexation algorithme index
D79	systeme moteur resultat collection terme indexation information classement index requete inverse
D80	information systeme inverse recherche moteur web algorithme classement index
D81	algorithme texte document inverse systeme web precision
D82	collection resultat algorithme rappel pertinent information
D83	pertinent texte web index algorithme indexation information
D84	terme classement index algorithme pertinent moteur inverse recherche requete document
D85	moteur index terme information texte recherche classement indexation algorithme inverse pertinent resultat
D86	recherche web requete rappel indexation information document resultat
D87	texte document utilisateur resultat web requete pertinent terme moteur
D88	information document web terme utilisateur algorithme pertinent
D89	web classement algorithme indexation systeme precision collection utilisateur index recherche
D90	document algorithme moteur terme precision recherche systeme inverse
D91	classement terme pertinent web requete systeme collection
D92	resultat moteur systeme pertinent information
D93	index web rappel indexation texte pertinent precision resultat
D94	algorithme recherche collection rappel systeme moteur resultat requete
D95	classement resultat web rappel collection indexation
D96	precision terme pertinent indexation resultat index systeme document requete utilisateur texte
D97	texte utilisateur web algorithme pertinent information systeme resultat rappel terme recherche
D98	pertinent classement rappel systeme resultat requete utilisateur texte recherche terme moteur
D99	index inverse resultat texte pertinent classement web algorithme information indexation precision
D100	texte recherche collection inverse utilisateur moteur terme resultat systeme index pertinent
D101	web information recherche rappel moteur
D102	precision terme algorithme indexation web pertinent requete index resultat utilisateur
D103	information algorithme web moteur texte collection document index indexation requete rappel
D104	inverse pertinent moteur precision algorithme terme utilisateur texte index resultat rappel
D105	terme index document rappel recherche algorithme classement
D106	recherche rappel document texte systeme collection resultat
D107	resultat collection indexation inverse precision moteur pertinent
D108	texte requete information algorithme document resultat classement terme
D109	algorithme pertinent systeme resultat rappel
D110	moteur utilisateur requete indexation document information
D111	collection index texte pertinent classement rappel recherche algorithme information inverse systeme precision
D112	texte terme resultat indexation precision moteur recherche document algorithme utilisateur collection
D113	pertinent terme collection classement recherche
D114	precision requete pertinent index recherche algorithme classement
D115	index collection pertinent systeme recherche indexation document
D116	document moteur requete rappel classement pertinent information indexation
D117	resultat classement web precision texte systeme pertinent moteur document
D118	requete texte pertinent utilisateur indexation algorithme rappel collection
D119	web resultat systeme requete terme utilisateur information algorithme index collection pertinent indexation
D120	document resultat indexation information requete utilisateur index moteur algorithme terme
D121	texte recherche pertinent indexation terme index systeme document precision rappel
D122	index collection algorithme moteur terme information
D123	terme recherche systeme index resultat
D124	inverse rappel document texte utilisateur classement pertinent requete web information
D125	systeme document web rappel terme precision indexation pertinent texte
D126	classement systeme information requete web
D127	pertinent resultat indexation terme texte systeme
D128	utilisateur recherche algorithme resultat systeme
D129	texte information rappel precision algorithme indexation terme
D130	document classement pertinent web utilisateur
D131	terme collection texte document systeme inverse utilisateur recherche index
D132	resultat classement pertinent collection rappel recherche algorithme systeme texte
D133	pertinent terme web inverse indexation information systeme
D134	rappel recherche information requete systeme classement algorithme moteur resultat texte
D135	systeme texte requete indexation moteur utilisateur inverse information document precision
D136	algorithme web resultat pertinent inverse utilisateur classement
D137	requete terme classement inverse document moteur texte resultat collection information indexation systeme
D138	index document algorithme classement information pertinent recherche terme
D139	resultat texte index classement pertinent indexation precision utilisateur
D140	utilisateur resultat moteur precision pertinent algorithme document classement indexation index
D141	systeme precision index texte rappel information moteur classement document terme web resultat
D142	resultat pertinent algorithme inverse recherche systeme precision
D143	requete recherche classement precision resultat indexation moteur
D144	rappel document collection web index algorithme
D145	precision web systeme terme information inverse moteur indexation classement recherche index
D146	index utilisateur systeme texte indexation algorithme moteur requete resultat inverse precision
D147	pertinent information inverse systeme rappel algorithme recherche web utilisateur moteur precision
D148	rappel pertinent requete inverse texte index
D149	pertinent inverse requete classement index document texte systeme indexation terme moteur
D150	recherche pertinent indexation precision classement collection moteur resultat algorithme
D151	terme document indexation rappel systeme resultat inverse
D152	recherche classement web terme systeme document moteur
D153	indexation recherche collection classement algorithme inverse
D154	classement pertinent information recherche utilisateur web algorithme requete
D155	moteur pertinent algorithme utilisateur terme inverse resultat
D156	rappel requete classement algorithme collection inverse recherche indexation moteur texte
D157	pertinent requete precision recherche moteur index web systeme terme document indexation inverse
D158	inverse algorithme web collection index
D159	index texte pertinent requete resultat classement
D160	requete collection terme texte web moteur resultat
D161	information algorithme precision terme pertinent index texte inverse
D162	utilisateur pertinent recherche classement moteur inverse terme document requete precision
D163	utilisateur classement systeme document rappel recherche inverse
D164	index utilisateur pertinent information classement
D165	recherche web collection systeme information moteur document indexation resultat
D166	document requete moteur index web utilisateur information
D167	inverse information classement collection systeme texte terme web index
D168	texte pertinent requete utilisateur precision document classement index terme indexation web
D169	index requete moteur web systeme rappel resultat
D170	utilisateur algorithme resultat indexation texte classement
D171	pertinent moteur precision resultat terme requete classement collection indexation inverse texte
D172	resultat web algorithme systeme recherche precision requete classement index information document
D173	inverse algorithme precision collection moteur utilisateur requete resultat classement
D174	texte moteur systeme recherche resultat
D175	information document systeme requete pertinent indexation utilisateur rappel moteur web inverse resultat
D176	pertinent algorithme precision information index
D177	rappel classement moteur inverse systeme algorithme terme
D178	recherche classement index pertinent document systeme algorithme utilisateur information
D179	inverse index pertinent classement recherche web
D180	texte information pertinent utilisateur systeme inverse document rappel requete moteur precision resultat
D181	web moteur recherche indexation algorithme systeme
D182	indexation precision rappel index classement inverse moteur web
D183	algorithme classement collection requete texte index
D184	resultat web algorithme moteur recherche precision
D185	pertinent algorithme texte recherche utilisateur precision terme web rappel classement inverse resultat
D186	moteur resultat algorithme requete recherche document indexation precision texte pertinent
D187	precision texte systeme document indexation terme rappel classement resultat utilisateur
D188	resultat moteur requete utilisateur texte information web terme inverse index
D189	systeme indexation precision rappel requete document collection algorithme utilisateur web texte index
D190	information recherche indexation inverse pertinent terme
D191	classement systeme terme inverse precision information
D192	texte web document information requete precision recherche
D193	resultat collection recherche indexation terme information
D194	texte moteur rappel index precision algorithme inverse web terme resultat pertinent utilisateur
D195	web precision index document recherche terme resultat
D196	index information moteur recherche collection texte
D197	algorithme rappel document terme indexation precision collection web resultat requete inverse
D198	index algorithme classement precision collection indexation utilisateur requete
D199	document resultat web texte systeme utilisateur information
D200	precision utilisateur pertinent rappel classement systeme recherche
D201	recherche inverse utilisateur requete texte collection indexation information document moteur
D202	rappel algorithme inverse precision utilisateur index
D203	rappel pertinent classement requete recherche
D204	terme web requete index systeme
D205	moteur index rappel terme information
D206	classement document information collection algorithme index utilisateur precision
D207	rappel classement moteur requete information algorithme
D208	classement precision inverse collection web
D209	utilisateur inverse recherche information rappel texte resultat web pertinent requete systeme index
D210	rappel classement information texte precision
D211	web systeme rappel moteur pertinent inverse information
D212	collection index terme web information pertinent resultat classement utilisateur recherche
D213	web rappel information recherche inverse systeme precision algorithme
D214	moteur resultat indexation utilisateur information
D215	collection inverse utilisateur moteur texte algorithme terme information web classement
D216	requete rappel index classement collection resultat
D217	resultat utilisateur collection algorithme inverse requete moteur indexation
D218	information collection web classement requete systeme
D219	moteur precision inverse utilisateur index information indexation collection
D220	information inverse resultat rappel pertinent recherche algorithme
D221	requete systeme texte utilisateur document
D222	requete texte classement recherche algorithme
D223	resultat information inverse index texte document terme precision requete recherche moteur
D224	rappel collection recherche terme requete
D225	recherche terme web rappel information texte classement requete
D226	utilisateur rappel resultat web requete document index inverse collection pertinent algorithme
D227	requete systeme document inverse utilisateur
D228	algorithme texte information requete collection moteur terme resultat web utilisateur
D229	pertinent utilisateur terme requete indexation
D230	resultat recherche systeme algorithme rappel precision indexation inverse terme requete pertinent index
D231	algorithme document requete terme systeme
D232	indexation requete algorithme rappel classement document pertinent terme resultat collection utilisateur recherche
D233	pertinent information indexation precision resultat utilisateur rappel recherche
D234	information requete algorithme recherche collection rappel classement precision
D235	collection pertinent document precision resultat information requete classement
D236	index terme collection web document algorithme systeme moteur
D237	recherche terme collection algorithme web resultat precision
D238	classement utilisateur recherche indexation collection rappel moteur document algorithme resultat
D239	systeme index terme precision collection pertinent
D240	algorithme information moteur texte document systeme pertinent utilisateur requete precision collection
D241	rappel pertinent precision information classement terme requete web inverse indexation moteur
D242	algorithme utilisateur inverse terme rappel texte resultat indexation
D243	resultat terme pertinent inverse systeme collection index indexation
D244	collection rappel precision document systeme terme
D245	systeme inverse resultat web algorithme utilisateur precision document requete pertinent index texte
D246	utilisateur terme algorithme pertinent document index resultat requete classement
D247	index indexation resultat recherche algorithme information systeme moteur requete inverse rappel document
D248	web recherche indexation document moteur
D249	web collection moteur texte inverse algorithme rappel information indexation resultat utilisateur
D250	information document collection resultat web terme
D251	web utilisateur classement moteur indexation collection texte algorithme requete information document recherche
D252	resultat texte terme systeme indexation requete collection utilisateur moteur information
D253	utilisateur classement terme information web moteur indexation index
D254	indexation moteur information index web requete algorithme utilisateur texte systeme
D255	collection utilisateur indexation pertinent algorithme moteur
D256	resultat inverse indexation utilisateur requete precision texte information pertinent terme moteur document
D257	index rappel precision indexation recherche utilisateur
D258	rappel systeme index recherche classement
D259	collection index utilisateur web resultat
D260	resultat utilisateur pertinent rappel systeme classement index
D261	requete document moteur systeme pertinent indexation texte information collection classement web resultat
D262	precision terme requete resultat document collection systeme
D263	information web pertinent precision terme rappel algorithme requete classement collection
D264	recherche inverse moteur texte algorithme
D265	requete classement moteur algorithme indexation collection inverse rappel
D266	index document precision systeme recherche rappel information
D267	rappel index indexation information web collection moteur utilisateur algorithme terme texte pertinent
D268	classement precision indexation utilisateur inverse resultat moteur terme systeme collection
D269	systeme collection rappel classement utilisateur information pertinent resultat moteur index inverse
D270	inverse web pertinent indexation resultat precision terme information classement index
D271	classement systeme web inverse recherche moteur resultat
D272	web information rappel terme requete precision indexation index
D273	resultat web texte requete information moteur inverse collection pertinent indexation recherche
D274	resultat web inverse indexation index texte terme information utilisateur
D275	moteur rappel recherche algorithme texte information classement collection indexation web
D276	information precision index collection rappel document
D277	inverse utilisateur indexation collection terme index pertinent requete precision web recherche
D278	recherche precision pertinent algorithme texte
D279	information indexation utilisateur rappel recherche pertinent terme texte collection resultat classement moteur
D280	texte systeme moteur requete document information
D281	precision web recherche rappel moteur information
D282	index utilisateur terme web recherche moteur resultat inverse pertinent information precision
D283	texte utilisateur web document inverse index requete moteur classement systeme rappel algorithme
D284	texte recherche classement systeme collection precision requete rappel
D285	resultat inverse recherche texte algorithme classement
D286	classement algorithme pertinent utilisateur terme document texte systeme information collection
D287	index classement inverse document moteur systeme utilisateur
D288	precision algorithme inverse information classement moteur index resultat collection indexation document recherche
D289	algorithme web recherche requete index texte precision resultat inverse systeme
D290	terme inverse systeme resultat classement requete precision collection texte information rappel index
D291	texte moteur recherche indexation pertinent document
D292	resultat pertinent information web classement document terme texte
D293	moteur rappel web texte recherche systeme information index resultat terme collection requete
D294	systeme collection indexation moteur utilisateur requete terme pertinent classement rappel
D295	classement resultat index terme moteur document requete collection inverse
D296	terme web indexation moteur classement
D297	recherche utilisateur index rappel pertinent requete
D298	terme pertinent information resultat indexation rappel classement systeme requete algorithme web recherche
D299	requete utilisateur web algorithme collection precision texte index
D300	rappel systeme index document moteur information collection pertinent classement
D301	requete algorithme pertinent moteur texte indexation utilisateur
D302	systeme classement index indexation recherche texte pertinent web information
D303	moteur indexation classement recherche terme information precision
D304	precision resultat web classement terme moteur requete
D305	inverse rappel texte algorithme precision collection
D306	collection utilisateur precision terme document resultat algorithme pertinent classement rappel moteur systeme
D307	rappel resultat classement requete pertinent precision index terme indexation document recherche
D308	resultat collection web index precision classement indexation document algorithme recherche
D309	resultat collection precision index recherche utilisateur moteur indexation
D310	collection requete precision recherche algorithme rappel
D311	classement texte information requete precision terme recherche utilisateur web
D312	systeme resultat classement indexation rappel collection web terme requete information recherche precision
D313	systeme moteur indexation algorithme document
D314	pertinent information resultat algorithme terme precision web requete moteur systeme utilisateur
D315	terme systeme indexation collection recherche
D316	web information document index moteur collection classement algorithme rappel inverse recherche
D317	systeme index precision web indexation terme collection recherche moteur
D318	rappel collection pertinent terme resultat utilisateur web algorithme information
D319	document pertinent systeme indexation rappel classement precision utilisateur terme recherche resultat collection
D320	collection resultat document inverse utilisateur web terme algorithme
D321	moteur utilisateur information texte algorithme document systeme resultat
D322	web inverse index requete rappel document moteur systeme collection algorithme
D323	document classement collection rappel precision texte terme requete inverse
D324	information algorithme texte moteur index collection classement
D325	utilisateur index terme precision requete information classement texte pertinent moteur
D326	resultat requete information pertinent indexation inverse document systeme
D327	collection algorithme texte information terme systeme precision classement indexation recherche
D328	web classement terme rappel pertinent document indexation
D329	indexation resultat rappel systeme recherche inverse texte utilisateur algorithme
D330	texte classement inverse requete collection utilisateur indexation rappel terme index moteur
D331	inverse precision pertinent web algorithme
D332	algorithme texte recherche indexation precision resultat moteur utilisateur collection
D333	algorithme moteur systeme terme information classement rappel texte
D334	collection resultat texte indexation algorithme recherche terme
D335	index indexation utilisateur rappel document classement pertinent
D336	web document inverse moteur collection recherche rappel algorithme
D337	pertinent classement rappel texte index resultat inverse terme algorithme web
D338	pertinent texte moteur terme rappel index algorithme indexation
D339	web texte rappel document collection inverse terme classement utilisateur
D340	inverse indexation systeme collection precision
D341	precision recherche texte document inverse systeme classement pertinent algorithme rappel
D342	web document terme texte indexation index algorithme moteur precision
D343	classement information requete web indexation document index terme rappel algorithme inverse
D344	collection pertinent texte recherche indexation classement
D345	algorithme precision texte resultat recherche inverse terme
D346	web information utilisateur systeme requete collection terme algorithme rappel inverse classement
D347	classement terme rappel collection pertinent texte document index requete resultat
D348	moteur recherche terme requete index precision
D349	web information resultat utilisateur algorithme classement systeme inverse texte indexation recherche terme
D350	web terme utilisateur recherche requete document moteur indexation index
D351	resultat terme utilisateur information pertinent
D352	information rappel texte inverse indexation systeme requete resultat document collection
D353	web requete collection resultat inverse precision systeme rappel algorithme utilisateur classement recherche
D354	terme collection information moteur pertinent index
D355	terme utilisateur web texte recherche document
D356	document web pertinent index requete moteur utilisateur classement texte
D357	information collection classement index web moteur algorithme rappel
D358	requete precision information texte indexation terme moteur
D359	recherche web index systeme algorithme terme document moteur texte
D360	systeme terme pertinent inverse precision recherche collection indexation rappel information utilisateur moteur
D361	algorithme web terme texte classement resultat requete recherche indexation collection rappel utilisateur
D362	moteur resultat classement index indexation terme precision systeme web recherche utilisateur information
D363	rappel collection document index algorithme moteur resultat texte indexation inverse terme recherche
D364	systeme algorithme indexation collection web index texte
D365	utilisateur rappel classement inverse texte
D366	texte pertinent algorithme systeme index rappel information
D367	indexation systeme texte web collection rappel pertinent index utilisateur
D368	terme collection pertinent systeme texte rappel web index inverse
D369	utilisateur resultat indexation rappel texte moteur recherche requete precision inverse document information
D370	algorithme web systeme rappel index terme recherche utilisateur pertinent document texte
D371	systeme algorithme web recherche terme utilisateur
D372	indexation algorithme classement document collection recherche rappel utilisateur
D373	rappel precision index indexation resultat algorithme collection pertinent document inverse texte
D374	moteur utilisateur document recherche index algorithme inverse web pertinent terme
D375	inverse indexation resultat precision pertinent texte utilisateur algorithme document classement systeme information
D376	information web precision classement texte
D377	web requete rappel pertinent recherche inverse
D378	information utilisateur texte systeme collection index classement requete terme web inverse resultat
D379	pertinent moteur requete systeme indexation classement
D380	terme moteur inverse classement index algorithme information indexation systeme web rappel
D381	inverse requete terme utilisateur resultat indexation texte systeme collection moteur precision rappel
D382	moteur systeme precision utilisateur recherche
D383	collection algorithme systeme utilisateur precision rappel document classement
D384	classement resultat utilisateur moteur precision document rappel systeme index
D385	inverse recherche index utilisateur moteur precision algorithme classement indexation
D386	classement indexation collection moteur terme requete algorithme index inverse systeme document
D387	indexation classement texte recherche document systeme pertinent moteur web collection algorithme rappel
D388	index collection classement resultat recherche web
D389	index collection information texte pertinent indexation requete rappel
D390	rappel systeme algorithme document information inverse utilisateur requete pertinent
D391	requete indexation inverse rappel resultat document recherche utilisateur
D392	rappel requete document index systeme resultat classement algorithme moteur
D393	index inverse algorithme classement resultat
D394	rappel information terme document index inverse
D395	resultat document classement index pertinent requete
D396	systeme classement utilisateur recherche web algorithme information collection
D397	index algorithme resultat recherche requete texte systeme utilisateur moteur inverse document indexation
D398	precision utilisateur algorithme requete inverse indexation moteur terme systeme collection web classement
D399	indexation classement recherche terme algorithme inverse
D400	indexation document web utilisateur pertinent resultat rappel
D401	terme rappel indexation index pertinent texte classement web moteur requete collection algorithme
D402	pertinent utilisateur index moteur terme document systeme texte rappel resultat classement algorithme
D403	precision classement web requete inverse resultat moteur algorithme rappel indexation
D404	utilisateur terme collection algorithme resultat moteur index
D405	web recherche texte information systeme indexation terme rappel document inverse moteur
D406	index systeme requete utilisateur collection
D407	terme web texte systeme index
D408	systeme precision resultat requete pertinent information classement document
D409	classement algorithme systeme information texte collection resultat inverse pertinent moteur
D410	information pertinent systeme terme requete classement indexation inverse moteur rappel texte
D411	document terme web moteur precision utilisateur classement
D412	rappel document resultat inverse terme utilisateur requete texte
D413	rappel precision utilisateur recherche moteur texte resultat information collection
D414	collection resultat index indexation terme inverse pertinent algorithme precision systeme
D415	requete systeme recherche moteur pertinent terme index web
D416	classement information precision algorithme collection recherche utilisateur index resultat requete indexation
D417	utilisateur algorithme terme document precision systeme information requete web texte classement rappel
D418	algorithme resultat index document web classement
D419	resultat systeme moteur terme document classement precision utilisateur indexation
D420	precision web recherche texte utilisateur rappel classement index resultat collection pertinent indexation
D421	moteur requete inverse terme resultat precision classement pertinent utilisateur indexation collection
D422	index moteur systeme utilisateur indexation information recherche
D423	moteur rappel collection document terme
D424	inverse index algorithme utilisateur indexation rappel moteur pertinent texte classement
D425	moteur resultat pertinent texte recherche
D426	index texte information resultat precision systeme pertinent web classement utilisateur rappel terme
D427	precision algorithme systeme pertinent indexation texte rappel
D428	classement collection terme web index pertinent
D429	precision collection classement requete pertinent inverse
D430	recherche texte web algorithme pertinent
D431	collection utilisateur document web algorithme pertinent systeme information terme precision
D432	classement recherche requete terme information document web pertinent resultat utilisateur algorithme
D433	precision moteur algorithme classement information recherche utilisateur
D434	utilisateur collection web indexation rappel document resultat requete
D435	indexation collection pertinent systeme recherche inverse rappel
D436	texte collection requete terme recherche systeme classement indexation web
D437	information moteur web systeme texte classement utilisateur collection requete document terme precision
D438	collection inverse document web rappel
D439	classement resultat web algorithme moteur rappel
D440	utilisateur classement algorithme requete moteur
D441	rappel collection pertinent classement precision algorithme web utilisateur systeme document
D442	precision moteur algorithme inverse document collection information resultat
D443	utilisateur pertinent inverse rappel requete document collection terme moteur indexation precision
D444	moteur terme web collection systeme utilisateur precision recherche rappel
D445	information index indexation recherche moteur terme precision texte pertinent document algorithme
D446	recherche algorithme classement rappel collection pertinent terme utilisateur index inverse
D447	resultat requete rappel systeme pertinent collection moteur terme
D448	terme indexation requete systeme classement texte rappel inverse precision information
D449	precision requete document collection web terme recherche algorithme rappel information
D450	resultat pertinent algorithme utilisateur moteur web indexation classement
D451	web rappel document precision indexation index systeme requete pertinent algorithme collection recherche
D452	collection precision moteur algorithme information texte requete indexation
D453	precision indexation collection algorithme pertinent terme document resultat
D454	moteur rappel web index requete recherche precision systeme
D455	precision web classement resultat terme document collection moteur recherche information texte
D456	index document information web moteur algorithme inverse resultat pertinent
D457	indexation web texte index inverse algorithme systeme information pertinent moteur document
D458	pertinent algorithme moteur index resultat document terme rappel indexation recherche information
D459	precision pertinent classement inverse resultat moteur web information requete
D460	moteur document terme requete information index web systeme classement rappel inverse resultat
D461	classement utilisateur inverse precision pertinent information collection
D462	inverse classement web rappel information terme algorithme texte moteur collection
D463	precision terme web requete collection information recherche resultat classement
D464	inverse algorithme classement systeme web terme moteur information collection precision requete index
D465	information pertinent algorithme rappel precision texte classement indexation utilisateur terme collection
D466	texte information collection resultat precision utilisateur web requete recherche index terme
D467	index algorithme indexation recherche terme
D468	utilisateur web recherche resultat requete indexation
D469	collection inverse requete resultat information indexation algorithme systeme terme moteur
D470	index rappel algorithme terme texte classement indexation
D471	classement document terme collection inverse indexation web
D472	pertinent document texte terme classement precision algorithme rappel index
D473	requete classement collection terme resultat algorithme indexation texte
D474	indexation terme recherche pertinent index utilisateur moteur
D475	rappel systeme indexation texte document pertinent information web collection
D476	requete moteur terme collection texte document index information precision algorithme utilisateur
D477	terme inverse resultat information algorithme requete
D478	requete recherche classement inverse precision pertinent resultat
D479	index moteur recherche utilisateur inverse rappel web precision classement collection systeme requete
D480	web indexation precision texte rappel collection moteur resultat
D481	requete web collection rappel inverse indexation systeme resultat information document
D482	inverse rappel moteur pertinent classement requete indexation information utilisateur precision
D483	rappel inverse resultat requete information algorithme utilisateur systeme texte web
D484	document indexation recherche resultat information precision algorithme inverse collection systeme classement
D485	document requete algorithme recherche classement index collection texte systeme resultat
D486	resultat utilisateur rappel algorithme terme pertinent precision texte
D487	moteur rappel terme recherche information collection texte indexation utilisateur classement algorithme
D488	precision web indexation index inverse utilisateur
D489	indexation recherche classement pertinent terme information resultat
D490	algorithme texte web systeme classement document rappel indexation resultat information moteur
D491	indexation web requete classement document precision moteur index pertinent collection
D492	document terme resultat pertinent requete recherche utilisateur rappel classement texte
D493	pertinent indexation recherche precision rappel classement algorithme index moteur resultat
D494	document indexation index classement algorithme requete pertinent precision information terme
D495	systeme collection indexation resultat rappel requete document
D496	recherche information rappel pertinent utilisateur resultat moteur algorithme indexation terme document requete
D497	pertinent classement index moteur terme inverse algorithme
D498	resultat pertinent rappel document terme algorithme indexation precision systeme inverse collection
D499	information collection systeme classement pertinent web requete rappel terme algorithme indexation
D500	rappel index utilisateur terme moteur inverse texte pertinent classement precision algorithme
D501	web texte document classement recherche inverse information indexation requete resultat utilisateur
D502	utilisateur classement systeme information precision pertinent algorithme moteur rappel collection requete
D503	terme information rappel recherche algorithme moteur index
D504	collection rappel information web indexation requete classement terme
D505	index pertinent resultat indexation inverse
D506	document index classement algorithme recherche rappel precision pertinent collection information
D507	recherche inverse terme indexation texte web pertinent precision index
D508	moteur systeme inverse requete web
D509	index requete web recherche rappel classement systeme resultat moteur
D510	classement requete recherche texte information collection precision inverse
D511	inverse document pertinent rappel indexation resultat texte
D512	document indexation rappel terme algorithme collection moteur precision resultat index web requete
D513	utilisateur algorithme requete pertinent precision index web classement information
D514	index moteur precision information classement inverse rappel web pertinent recherche systeme document
D515	document inverse web collection resultat precision
D516	resultat information precision index rappel collection indexation
D517	algorithme recherche moteur terme requete
D518	collection resultat index information texte rappel document
D519	precision document inverse indexation index systeme terme collection rappel
D520	resultat document inverse precision utilisateur
D521	moteur rappel terme information pertinent algorithme precision
D522	precision rappel recherche indexation terme systeme algorithme document information classement pertinent
D523	texte recherche information systeme pertinent
D524	information algorithme rappel document recherche terme web inverse
D525	utilisateur texte resultat inverse classement systeme moteur indexation terme precision collection
D526	resultat rappel collection inverse moteur classement terme
D527	texte requete indexation collection recherche index systeme
D528	moteur information resultat web inverse index document terme indexation
D529	texte web algorithme resultat precision inverse index classement
D530	terme systeme texte moteur index pertinent resultat collection web utilisateur
D531	systeme collection resultat web algorithme terme moteur pertinent
D532	moteur classement pertinent resultat utilisateur precision web texte algorithme index recherche
D533	index terme rappel indexation texte resultat requete systeme
D534	resultat recherche index texte indexation moteur collection
D535	texte algorithme index moteur web indexation inverse
D536	moteur classement terme precision information rappel algorithme texte
D537	document recherche algorithme information terme web
D538	terme collection index moteur rappel precision
D539	collection terme resultat classement algorithme systeme
D540	utilisateur systeme pertinent indexation moteur document index
D541	rappel web indexation classement requete collection
D542	pertinent moteur resultat systeme information document index inverse
D543	classement indexation recherche collection resultat utilisateur systeme document inverse rappel precision
D544	terme document collection algorithme indexation precision utilisateur moteur systeme index
D545	pertinent index terme utilisateur document indexation precision
D546	recherche algorithme web indexation collection rappel moteur pertinent requete resultat classement systeme
D547	terme indexation information inverse utilisateur moteur precision index algorithme recherche resultat web
D548	terme rappel information moteur recherche collection
D549	utilisateur texte index classement algorithme
D550	information requete texte terme collection rappel algorithme resultat index classement indexation
D551	collection requete rappel index classement moteur resultat
D552	resultat document terme precision pertinent recherche
D553	pertinent inverse document indexation collection information rappel
D554	document systeme recherche rappel terme web utilisateur information
D555	algorithme resultat terme pertinent precision recherche collection
D556	index document indexation algorithme precision recherche systeme
D557	index information document texte terme classement requete pertinent
D558	index classement indexation algorithme utilisateur collection terme precision recherche inverse document requete
D559	document indexation index requete moteur
D560	pertinent document index indexation terme texte systeme algorithme
D561	algorithme utilisateur web precision systeme pertinent index moteur indexation resultat requete
D562	requete utilisateur indexation document information
D563	classement collection information web document terme
D564	recherche document terme collection algorithme utilisateur moteur precision indexation inverse texte rappel
D565	classement utilisateur systeme terme index pertinent algorithme document recherche indexation
D566	resultat systeme terme texte algorithme web inverse classement document collection index
D567	recherche moteur terme texte algorithme index indexation systeme resultat rappel document
D568	algorithme indexation index pertinent recherche rappel inverse
D569	requete terme index recherche classement rappel document
D570	rappel requete inverse index classement utilisateur collection systeme precision
D571	indexation classement information collection pertinent rappel systeme precision inverse utilisateur moteur
D572	inverse precision classement index web systeme recherche
D573	indexation terme utilisateur web pertinent rappel document requete moteur
D574	collection moteur systeme classement document recherche inverse indexation index pertinent
D575	terme inverse systeme classement requete precision indexation utilisateur
D576	index moteur terme inverse precision web resultat pertinent classement utilisateur
D577	recherche terme precision pertinent texte classement document utilisateur indexation information requete inverse
D578	systeme requete document resultat texte classement pertinent precision moteur rappel indexation recherche
D579	inverse systeme recherche terme collection web utilisateur algorithme requete document moteur indexation
D580	terme rappel index algorithme pertinent moteur collection recherche web classement requete utilisateur
D581	inverse texte web recherche utilisateur moteur pertinent document resultat
D582	recherche web document collection resultat
D583	resultat texte rappel indexation systeme algorithme precision
D584	requete resultat systeme index algorithme moteur
D585	algorithme moteur terme recherche pertinent precision web
D586	rappel classement collection moteur terme web systeme index requete recherche
D587	terme texte indexation systeme information precision moteur rappel utilisateur collection recherche
D588	moteur classement document rappel systeme
D589	pertinent precision indexation inverse document texte rappel
D590	terme document web systeme algorithme inverse index requete recherche texte
D591	texte moteur rappel document index inverse precision information algorithme pertinent terme
D592	rappel recherche information inverse classement
D593	information inverse algorithme moteur precision
D594	terme texte algorithme recherche utilisateur inverse precision systeme collection index
D595	information index systeme algorithme inverse utilisateur
D596	recherche collection document algorithme indexation index pertinent rappel requete systeme utilisateur moteur
D597	rappel collection precision texte indexation web pertinent systeme utilisateur
D598	terme index systeme requete texte information rappel moteur inverse
D599	resultat precision texte index indexation
D600	information texte pertinent index precision algorithme
D601	index algorithme utilisateur collection resultat recherche terme web pertinent
D602	index precision recherche utilisateur rappel pertinent web document indexation
D603	classement texte terme resultat algorithme utilisateur systeme document
D604	classement rappel utilisateur inverse document algorithme information recherche texte resultat collection terme
D605	recherche utilisateur resultat texte indexation information systeme classement pertinent
D606	web collection document requete systeme terme recherche moteur
D607	pertinent utilisateur moteur requete resultat
D608	pertinent recherche classement indexation algorithme information resultat collection
D609	resultat algorithme rappel requete precision recherche collection utilisateur
D610	document moteur index systeme texte terme rappel recherche classement inverse web resultat
D611	indexation recherche information document requete collection moteur resultat inverse pertinent web
D612	requete index inverse resultat recherche
D613	algorithme web rappel classement inverse
D614	utilisateur collection document algorithme resultat
D615	rappel indexation collection systeme moteur algorithme precision terme resultat index document texte
D616	resultat collection utilisateur moteur classement terme requete index indexation texte
D617	systeme requete moteur terme collection precision
D618	resultat rappel indexation information terme requete web classement document utilisateur algorithme systeme
D619	algorithme moteur index texte document web rappel
D620	precision rappel information systeme pertinent utilisateur
D621	requete rappel indexation inverse terme
D622	pertinent terme collection texte precision systeme utilisateur indexation rappel index information resultat
D623	moteur index recherche precision pertinent inverse document information collection systeme classement algorithme
D624	index rappel pertinent systeme recherche classement resultat moteur information
D625	indexation document algorithme requete resultat information index systeme
D626	recherche utilisateur terme texte collection pertinent moteur index algorithme classement inverse
D627	classement information systeme terme collection
D628	requete classement texte pertinent web
D629	classement recherche texte information systeme rappel precision inverse moteur requete
D630	document inverse pertinent resultat texte collection
D631	inverse classement information terme utilisateur requete texte collection systeme pertinent
D632	pertinent recherche moteur algorithme resultat information requete document inverse rappel utilisateur
D633	rappel information requete pertinent classement document inverse moteur resultat recherche texte
D634	web pertinent moteur document index inverse resultat algorithme recherche classement
D635	texte information utilisateur indexation inverse precision web
D636	inverse resultat pertinent rappel indexation document algorithme collection utilisateur texte recherche systeme
D637	collection web recherche precision systeme terme requete information index inverse rappel moteur
D638	rappel web document systeme precision moteur terme indexation inverse index requete
D639	moteur pertinent recherche indexation document utilisateur classement terme
D640	resultat rappel collection requete classement information texte terme
D641	algorithme web pertinent information inverse rappel document
D642	moteur texte recherche collection information requete algorithme rappel classement
D643	algorithme precision recherche utilisateur moteur indexation pertinent inverse web
D644	classement systeme algorithme index pertinent document precision requete
D645	moteur systeme precision algorithme document inverse
D646	algorithme indexation inverse web collection pertinent
D647	web information systeme algorithme terme texte index recherche pertinent
D648	texte resultat inverse moteur classement utilisateur systeme requete index terme
D649	inverse precision utilisateur classement document index rappel
D650	web document rappel algorithme moteur
D651	collection requete texte algorithme resultat
D652	utilisateur rappel terme systeme classement requete inverse index collection precision
D653	classement terme document systeme algorithme requete resultat
D654	requete systeme algorithme utilisateur inverse indexation
D655	inverse algorithme index collection utilisateur pertinent web indexation requete terme
D656	requete systeme web index moteur texte resultat collection classement pertinent indexation
D657	index resultat precision indexation pertinent collection algorithme moteur terme classement
D658	systeme terme indexation classement collection pertinent index inverse
D659	algorithme resultat rappel terme moteur classement utilisateur information systeme
D660	texte rappel systeme recherche document pertinent
D661	classement resultat rappel requete web pertinent moteur recherche index
D662	systeme pertinent classement web texte indexation information document rappel precision resultat recherche
D663	document requete pertinent algorithme moteur
D664	web index information rappel recherche precision
D665	systeme requete utilisateur web inverse pertinent resultat rappel texte collection
D666	rappel collection inverse moteur recherche requete utilisateur indexation pertinent
D667	texte index rappel recherche indexation information utilisateur
D668	classement pertinent algorithme inverse web rappel resultat precision utilisateur
D669	indexation inverse requete pertinent recherche precision terme
D670	web algorithme texte resultat index pertinent information systeme classement
D671	resultat moteur texte rappel recherche requete precision algorithme pertinent terme inverse index
D672	terme recherche classement precision texte web inverse utilisateur pertinent indexation
D673	document texte indexation algorithme index pertinent rappel
D674	texte requete inverse utilisateur rappel index precision classement recherche terme
D675	document resultat recherche texte collection indexation index rappel
D676	web resultat systeme document rappel moteur indexation pertinent algorithme classement collection inverse
D677	indexation inverse precision rappel index web recherche
D678	collection information inverse document indexation algorithme utilisateur systeme requete recherche moteur
D679	precision requete resultat moteur utilisateur document
D680	requete indexation inverse web utilisateur document systeme information pertinent texte classement
D681	algorithme indexation utilisateur classement web
D682	inverse recherche index document precision texte information
D683	indexation rappel pertinent resultat collection classement document web requete
D684	inverse recherche terme indexation requete classement web
D685	precision systeme information texte moteur
D686	information classement moteur rappel inverse web utilisateur
D687	algorithme requete resultat inverse rappel document collection information web pertinent
D688	systeme information document texte moteur recherche classement
D689	precision classement texte rappel resultat terme requete indexation utilisateur collection index moteur
D690	indexation precision classement moteur information pertinent rappel utilisateur systeme algorithme web
D691	texte systeme utilisateur collection recherche indexation inverse pertinent classement algorithme index
D692	resultat algorithme moteur utilisateur texte pertinent document
D693	inverse resultat requete classement texte
D694	resultat collection index systeme moteur rappel recherche pertinent document terme information classement
D695	information collection resultat texte web systeme utilisateur moteur indexation requete
D696	information classement document collection terme pertinent moteur requete rappel recherche systeme precision
D697	information recherche precision index collection algorithme inverse rappel indexation
D698	collection terme utilisateur systeme information texte requete rappel classement inverse algorithme index
D699	rappel algorithme precision document moteur
D700	terme resultat requete moteur precision texte pertinent information utilisateur index classement
D701	inverse information algorithme utilisateur recherche document pertinent index precision web texte
D702	web rappel requete index recherche information document
D703	requete classement document inverse resultat
D704	classement pertinent document resultat terme utilisateur collection
D705	classement requete rappel terme precision algorithme document systeme texte utilisateur
D706	systeme inverse algorithme recherche web rappel moteur indexation requete
D707	classement texte information utilisateur requete rappel web document systeme
D708	inverse systeme resultat moteur pertinent collection requete web
D709	web texte systeme terme utilisateur information pertinent document classement inverse
D710	terme information web texte rappel document
D711	classement recherche terme collection pertinent moteur systeme inverse texte index utilisateur
D712	texte web inverse utilisateur rappel precision systeme document
D713	indexation terme texte document pertinent information resultat rappel collection recherche
D714	rappel web classement document moteur recherche resultat
D715	indexation information moteur utilisateur collection terme resultat classement systeme web precision algorithme
D716	indexation utilisateur terme pertinent information
D717	information recherche index indexation texte web
D718	pertinent requete utilisateur precision document web rappel moteur classement information inverse texte
D719	precision pertinent classement inverse utilisateur recherche index
D720	indexation classement resultat collection utilisateur moteur terme precision index texte
D721	utilisateur terme index inverse resultat document collection classement
D722	document information pertinent moteur rappel
D723	moteur systeme document utilisateur terme collection indexation precision pertinent inverse index texte
D724	rappel algorithme utilisateur index classement terme
D725	collection indexation texte index systeme
D726	information systeme requete texte indexation web
D727	resultat texte terme systeme moteur web indexation collection algorithme index precision document
D728	indexation requete web document classement
D729	moteur information systeme inverse classement rappel pertinent collection document index
D730	recherche collection terme algorithme rappel
D731	pertinent classement precision index rappel
D732	terme precision requete algorithme texte resultat rappel
D733	web information resultat utilisateur rappel recherche moteur indexation
D734	web algorithme document classement systeme
D735	systeme algorithme inverse terme rappel classement moteur web precision recherche pertinent texte
D736	requete recherche precision inverse information pertinent web rappel resultat index algorithme
D737	information document requete web recherche rappel precision collection terme moteur utilisateur
D738	classement algorithme index utilisateur pertinent
D739	texte rappel terme indexation index recherche algorithme classement
D740	terme inverse classement recherche pertinent document
D741	indexation utilisateur requete web systeme resultat index pertinent collection
D742	collection pertinent utilisateur rappel document information classement
D743	recherche inverse document requete indexation information
D744	terme pertinent precision resultat algorithme inverse systeme utilisateur moteur information indexation web
D745	indexation texte index requete recherche resultat utilisateur algorithme information collection
D746	moteur terme indexation precision index inverse texte
D747	recherche terme texte web pertinent rappel requete resultat index classement
D748	index classement document inverse algorithme requete texte
D749	texte terme collection index information recherche inverse pertinent resultat utilisateur indexation rappel
D750	terme web recherche systeme resultat information document classement utilisateur requete
D751	algorithme moteur classement rappel terme information
D752	terme inverse utilisateur web rappel
D753	pertinent information utilisateur moteur requete
D754	moteur requete terme web document algorithme indexation information inverse systeme rappel
D755	recherche systeme utilisateur terme indexation collection information document requete rappel precision
D756	collection pertinent algorithme requete terme indexation
D757	indexation algorithme index document inverse recherche
D758	utilisateur rappel algorithme document systeme resultat requete terme moteur
D759	texte information utilisateur web document terme
D760	requete information moteur document pertinent utilisateur recherche algorithme inverse web
D761	collection texte rappel pertinent requete document utilisateur classement precision information indexation resultat
D762	algorithme pertinent recherche classement index collection resultat
D763	indexation precision inverse web recherche terme requete
D764	algorithme index classement inverse information systeme pertinent utilisateur terme
D765	index precision utilisateur collection moteur systeme rappel resultat web classement terme
D766	systeme pertinent web requete classement recherche information index
D767	requete moteur indexation pertinent inverse document collection recherche
D768	inverse information document texte moteur pertinent classement algorithme
D769	index pertinent recherche web algorithme
D770	index resultat moteur rappel pertinent web indexation algorithme systeme collection
D771	resultat index moteur algorithme texte indexation pertinent terme classement
D772	classement systeme requete web information moteur recherche index
D773	indexation information algorithme resultat utilisateur pertinent index rappel moteur document collection classement
D774	web recherche classement precision document utilisateur inverse
D775	utilisateur inverse resultat index requete web algorithme precision moteur document
D776	inverse resultat moteur recherche systeme terme classement index pertinent requete algorithme document
D777	requete collection precision systeme pertinent moteur
D778	texte recherche document pertinent inverse resultat moteur web precision
D779	classement precision recherche moteur rappel indexation texte
D780	algorithme terme recherche classement index document information collection moteur precision texte
D781	algorithme index texte collection pertinent systeme inverse utilisateur classement
D782	terme information systeme collection classement texte pertinent requete
D783	classement inverse web recherche document information utilisateur systeme pertinent index
D784	index resultat web document pertinent
D785	moteur inverse index rappel collection information recherche systeme web utilisateur precision resultat
D786	algorithme resultat index document terme systeme pertinent utilisateur information
D787	requete rappel inverse information classement collection
D788	rappel indexation recherche classement index texte precision algorithme information
D789	precision algorithme inverse requete recherche index
D790	collection resultat rappel indexation recherche systeme information terme utilisateur classement
D791	index indexation algorithme inverse information collection document pertinent texte
D792	moteur utilisateur resultat information rappel pertinent algorithme document
D793	pertinent index collection utilisateur web
D794	document indexation classement texte recherche systeme algorithme
D795	rappel indexation web pertinent document
D796	index document moteur web pertinent systeme classement
D797	requete precision rappel algorithme terme resultat inverse
D798	systeme rappel index resultat web document utilisateur
D799	requete terme systeme index recherche pertinent precision moteur web rappel inverse information
D800	moteur information inverse pertinent classement index
D801	information precision indexation inverse moteur pertinent recherche
D802	inverse rappel algorithme document terme requete
D803	requete systeme terme moteur indexation recherche
D804	classement index moteur inverse document requete systeme utilisateur precision information algorithme
D805	terme resultat indexation requete systeme recherche
D806	recherche systeme algorithme rappel document
D807	indexation algorithme document rappel index inverse texte information resultat requete
D808	information recherche moteur collection terme index classement systeme requete web
D809	utilisateur requete indexation document moteur systeme terme resultat algorithme
D810	utilisateur classement precision document moteur rappel web texte algorithme requete systeme recherche
D811	texte classement information precision web inverse recherche algorithme utilisateur systeme
D812	requete inverse texte collection terme
D813	collection precision requete algorithme moteur index
D814	algorithme pertinent inverse web moteur texte classement requete systeme indexation terme
D815	collection utilisateur indexation texte information
D816	classement information web index inverse
D817	systeme rappel resultat collection recherche texte utilisateur algorithme terme requete document
D818	document information requete algorithme pertinent web index
D819	precision pertinent rappel systeme recherche moteur terme collection resultat
D820	rappel classement algorithme inverse index systeme collection
D821	precision document texte requete inverse algorithme terme information
D822	texte utilisateur indexation precision algorithme index moteur
D823	recherche inverse web moteur collection classement resultat
D824	index pertinent utilisateur requete document inverse web recherche systeme moteur collection
D825	collection systeme utilisateur information indexation index texte
D826	collection terme rappel indexation utilisateur pertinent web systeme
D827	document classement texte utilisateur web
D828	utilisateur precision algorithme rappel recherche texte pertinent collection information
D829	inverse rappel precision algorithme indexation web moteur classement collection document
D830	systeme information terme algorithme utilisateur rappel resultat recherche moteur pertinent web classement
D831	collection index precision requete terme resultat systeme information
D832	inverse moteur pertinent document rappel collection utilisateur systeme requete texte information
D833	systeme index inverse document algorithme
D834	index moteur texte terme inverse recherche systeme resultat collection information precision requete
D835	terme texte pertinent resultat web algorithme requete collection classement recherche systeme document
D836	recherche systeme pertinent terme web information requete document
D837	inverse texte terme classement precision
D838	utilisateur pertinent web recherche index classement indexation systeme rappel
D839	information document utilisateur algorithme pertinent web requete
D840	pertinent rappel utilisateur inverse precision index requete classement indexation
D841	algorithme moteur web index indexation
D842	index precision moteur document inverse classement rappel
D843	terme web document rappel requete resultat recherche collection texte moteur
D844	precision rappel web information collection terme recherche
D845	inverse classement texte web precision rappel collection recherche requete information
D846	moteur web recherche information index algorithme
D847	precision index collection texte systeme
D848	recherche texte moteur resultat document indexation
D849	pertinent indexation index requete terme algorithme recherche rappel
D850	web algorithme pertinent classement precision index texte
D851	systeme index precision requete utilisateur collection recherche
D852	inverse utilisateur rappel recherche resultat texte
D853	terme utilisateur inverse classement moteur index recherche pertinent
D854	collection pertinent information algorithme systeme inverse classement web
D855	systeme information precision collection document
D856	utilisateur algorithme indexation recherche resultat moteur systeme texte document
D857	systeme algorithme web texte utilisateur rappel requete terme classement collection inverse
D858	precision utilisateur moteur collection texte terme
D859	moteur terme pertinent utilisateur recherche texte requete systeme
D860	indexation index pertinent systeme inverse moteur texte document
D861	texte algorithme rappel information web utilisateur collection recherche requete inverse document
D862	pertinent resultat web recherche algorithme document collection systeme moteur requete texte
D863	terme collection inverse precision moteur systeme requete texte
D864	utilisateur recherche collection web pertinent
D865	algorithme web terme recherche moteur index utilisateur
D866	rappel moteur web requete document texte precision index utilisateur resultat
D867	web document index recherche classement texte rappel information terme collection
D868	index precision terme rappel pertinent moteur web
D869	requete texte rappel moteur inverse utilisateur algorithme web
D870	precision requete information recherche indexation inverse texte pertinent systeme
D871	precision web texte rappel document
D872	pertinent texte precision index document
D873	index terme recherche information document systeme
D874	systeme requete document utilisateur rappel
D875	information resultat web indexation index rappel utilisateur inverse terme classement
D876	information collection inverse requete precision recherche rappel
D877	resultat utilisateur texte indexation information collection inverse document systeme index terme rappel
D878	collection recherche rappel document classement systeme terme
D879	texte information indexation document requete recherche index classement terme systeme moteur algorithme
D880	index systeme resultat inverse document rappel classement indexation
D881	indexation index collection texte pertinent inverse requete information resultat recherche
D882	indexation pertinent document systeme recherche index information algorithme
D883	inverse precision terme moteur resultat systeme requete utilisateur indexation index information
D884	index resultat document utilisateur precision moteur classement recherche
D885	algorithme terme information moteur texte precision requete
D886	pertinent web requete utilisateur information
D887	resultat index requete pertinent texte inverse rappel information
D888	resultat classement precision indexation rappel information recherche
D889	document classement rappel indexation pertinent terme algorithme
D890	precision web indexation terme classement texte collection systeme utilisateur
D891	inverse web systeme rappel pertinent algorithme requete document resultat terme indexation index
D892	terme inverse resultat recherche classement
D893	texte pertinent resultat classement information index web inverse algorithme rappel requete
D894	recherche collection systeme texte moteur information terme
D895	indexation inverse collection terme systeme information index
D896	recherche terme rappel resultat pertinent algorithme moteur index utilisateur document
D897	precision indexation document moteur terme utilisateur
D898	resultat information rappel requete inverse index utilisateur web precision moteur collection
D899	indexation moteur information terme rappel
D900	rappel web requete precision utilisateur terme document moteur
D901	systeme precision rappel document algorithme moteur indexation inverse terme requete
D902	information resultat document collection indexation pertinent requete index inverse texte precision algorithme
D903	recherche resultat requete texte document utilisateur information
D904	classement rappel systeme texte moteur web utilisateur resultat index requete inverse document
D905	terme precision index classement information texte systeme
D906	precision recherche texte indexation inverse systeme algorithme collection moteur web
D907	texte systeme terme resultat information recherche rappel classement document moteur
D908	terme collection requete rappel indexation resultat precision
D909	resultat algorithme texte index moteur indexation web utilisateur classement document pertinent
D910	rappel algorithme requete texte inverse web pertinent
D911	terme texte indexation requete document systeme
D912	indexation rappel terme classement systeme resultat precision index document utilisateur
D913	texte algorithme inverse rappel terme requete utilisateur
D914	pertinent inverse precision systeme texte indexation resultat recherche terme algorithme
D915	texte rappel terme recherche algorithme systeme inverse resultat classement
D916	requete inverse recherche index utilisateur terme classement information resultat
D917	pertinent classement algorithme indexation information systeme
D918	algorithme inverse requete information document web indexation pertinent index moteur
D919	terme utilisateur resultat pertinent systeme web
D920	index pertinent systeme indexation collection utilisateur algorithme rappel inverse requete
D921	inverse web resultat terme information recherche
D922	moteur pertinent utilisateur document information texte indexation precision inverse
D923	systeme precision pertinent algorithme classement requete recherche utilisateur collection document inverse
D924	requete collection moteur inverse algorithme
D925	indexation moteur terme web precision recherche systeme texte utilisateur requete index
D926	rappel resultat requete utilisateur indexation document inverse collection classement systeme texte moteur
D927	algorithme web collection terme utilisateur document requete resultat moteur classement
D928	document web terme recherche moteur resultat
D929	information systeme moteur utilisateur collection
D930	algorithme inverse document systeme moteur terme web information
D931	terme document index recherche systeme indexation inverse precision requete pertinent
D932	rappel indexation pertinent utilisateur precision moteur web requete texte classement index
D933	algorithme classement moteur systeme inverse index precision terme web rappel resultat
D934	recherche moteur collection precision indexation resultat classement
D935	index document precision systeme indexation collection requete texte information
D936	index document moteur systeme rappel resultat web
D937	utilisateur document information texte recherche
D938	precision inverse web requete classement document
D939	rappel resultat collection recherche indexation texte inverse index
D940	resultat indexation algorithme collection classement inverse
D941	requete collection rappel systeme classement document index resultat utilisateur recherche
D942	moteur document precision resultat texte rappel terme requete pertinent information
D943	information rappel indexation resultat pertinent terme inverse document systeme web classement
D944	resultat index indexation recherche terme document systeme web
D945	web indexation pertinent systeme terme classement precision utilisateur
D946	utilisateur inverse rappel moteur algorithme resultat
D947	terme collection inverse index systeme requete moteur
D948	web pertinent classement resultat rappel algorithme document texte index
D949	inverse recherche terme requete precision utilisateur texte web systeme
D950	indexation resultat algorithme recherche systeme utilisateur
D951	resultat document indexation information terme pertinent classement
D952	precision classement pertinent index algorithme collection web indexation document utilisateur requete terme
D953	moteur systeme recherche pertinent algorithme texte indexation index
D954	rappel index indexation information precision
D955	rappel classement resultat precision systeme indexation terme pertinent collection
D956	precision collection indexation inverse texte resultat recherche classement web pertinent
D957	requete utilisateur inverse texte document
D958	pertinent resultat document collection indexation systeme web precision utilisateur information
D959	moteur algorithme indexation collection recherche
D960	utilisateur index classement requete algorithme recherche
D961	recherche algorithme web classement document pertinent terme utilisateur
D962	document pertinent moteur texte information terme systeme collection web classement algorithme precision
D963	resultat web systeme moteur information classement
D964	pertinent systeme texte rappel algorithme document
D965	information pertinent systeme resultat moteur collection indexation
D966	inverse index algorithme information utilisateur classement pertinent rappel texte indexation web requete
D967	indexation resultat utilisateur precision pertinent
D968	utilisateur indexation pertinent document systeme recherche texte
D969	precision moteur terme recherche rappel document resultat utilisateur algorithme index web
D970	algorithme index collection rappel texte
D971	recherche index collection moteur classement web
D972	pertinent inverse resultat systeme moteur
D973	index web collection terme rappel systeme moteur texte document
D974	recherche requete document moteur systeme rappel inverse classement
D975	pertinent collection indexation classement inverse requete precision moteur recherche document utilisateur
D976	resultat document web rappel recherche
D977	inverse moteur algorithme utilisateur pertinent indexation resultat rappel document terme recherche
D978	utilisateur information inverse algorithme pertinent recherche systeme indexation
D979	classement algorithme resultat collection web rappel texte moteur utilisateur information indexation
D980	algorithme collection systeme utilisateur web classement document pertinent moteur inverse information resultat
D981	resultat web recherche pertinent information requete rappel texte classement
D982	information index recherche web inverse systeme
D983	texte requete document classement indexation index algorithme recherche web systeme collection information
D984	resultat pertinent moteur recherche algorithme indexation collection precision inverse information
D985	precision information web resultat pertinent classement recherche inverse
D986	terme document information utilisateur collection requete moteur inverse
D987	index texte indexation pertinent systeme recherche resultat utilisateur classement
D988	collection rappel precision systeme resultat index algorithme
D989	systeme requete classement recherche index information algorithme precision indexation pertinent terme
D990	indexation resultat requete web texte index precision document information systeme utilisateur
D991	precision inverse moteur classement recherche systeme
D992	requete texte web rappel pertinent
D993	terme algorithme recherche document pertinent rappel inverse utilisateur web
D994	pertinent requete information recherche algorithme utilisateur systeme classement texte rappel resultat moteur
D995	terme inverse document systeme indexation
D996	requete precision information utilisateur classement
D997	systeme precision classement inverse document pertinent algorithme utilisateur web terme information
D998	texte rappel utilisateur pertinent web resultat index information document precision inverse
D999	information classement algorithme requete inverse pertinent web document indexation
D1000	indexation index precision utilisateur pertinent rappel inverse texte recherche information moteur
D1001	web moteur recherche index resultat rappel requete
D1002	rappel indexation pertinent document web recherche classement precision terme collection resultat moteur
D1003	rappel document inverse collection resultat classement
D1004	pertinent document resultat recherche utilisateur rappel terme
D1005	document rappel texte requete utilisateur
D1006	indexation pertinent resultat collection inverse utilisateur classement
D1007	resultat recherche rappel indexation information texte algorithme moteur requete web
D1008	classement terme systeme document indexation web pertinent index utilisateur information moteur
D1009	document systeme indexation precision classement terme web utilisateur moteur algorithme texte
D1010	rappel precision moteur resultat texte utilisateur terme inverse web collection recherche
D1011	information algorithme collection inverse pertinent moteur texte systeme utilisateur
D1012	pertinent collection web information classement resultat requete terme systeme document inverse
D1013	rappel systeme inverse terme texte indexation information classement algorithme
D1014	indexation utilisateur information web algorithme precision classement index texte requete pertinent
D1015	systeme web recherche requete resultat precision moteur document information
D1016	recherche moteur rappel terme pertinent index document web indexation utilisateur classement resultat
D1017	rappel systeme moteur recherche inverse algorithme requete index web
D1018	systeme information web moteur requete index inverse document
D1019	systeme algorithme document web recherche utilisateur precision information texte moteur collection pertinent
D1020	algorithme inverse collection indexation index rappel
D1021	pertinent inverse index classement web resultat recherche indexation document systeme precision
D1022	terme rappel precision pertinent texte indexation classement collection recherche
D1023	collection requete utilisateur classement moteur precision information
D1024	web terme information index utilisateur moteur
D1025	algorithme web texte document classement
D1026	document precision moteur requete information algorithme resultat collection recherche index inverse web
D1027	pertinent requete document resultat algorithme index classement
D1028	inverse terme indexation texte precision moteur
D1029	systeme rappel inverse texte resultat moteur requete index utilisateur classement information
D1030	terme algorithme requete systeme information classement resultat utilisateur document texte
D1031	information classement collection inverse texte resultat rappel
D1032	collection pertinent document classement rappel
D1033	information inverse rappel texte index classement indexation pertinent resultat terme document
D1034	precision algorithme requete terme collection utilisateur
D1035	texte classement recherche information rappel
D1036	moteur utilisateur precision requete indexation recherche systeme index texte
D1037	rappel web algorithme classement systeme recherche indexation texte index
D1038	indexation recherche utilisateur terme web classement systeme inverse texte
D1039	rappel recherche resultat utilisateur terme pertinent systeme texte requete precision
D1040	web moteur inverse collection requete
D1041	texte moteur indexation web terme collection algorithme recherche information index rappel
D1042	inverse information recherche web indexation precision document algorithme resultat collection
D1043	indexation resultat web classement precision moteur index document systeme
D1044	texte recherche pertinent document indexation moteur
D1045	document collection precision requete texte recherche
D1046	rappel recherche pertinent classement texte
D1047	classement rappel moteur index document systeme utilisateur web indexation inverse recherche algorithme
D1048	moteur web requete indexation algorithme information document collection resultat classement recherche pertinent
D1049	inverse classement terme systeme web indexation collection utilisateur algorithme
D1050	rappel information resultat collection indexation classement moteur requete document web precision
D1051	rappel inverse precision terme requete indexation
D1052	information systeme web requete utilisateur terme indexation moteur resultat
D1053	terme moteur index document pertinent precision classement resultat collection inverse algorithme requete
D1054	systeme document resultat rappel texte classement pertinent web terme moteur algorithme inverse
D1055	recherche index rappel texte indexation web information
D1056	collection recherche rappel information document utilisateur texte index pertinent algorithme moteur indexation
D1057	information texte inverse terme moteur classement utilisateur pertinent
D1058	inverse utilisateur recherche information pertinent requete precision collection index systeme
D1059	precision utilisateur systeme document web indexation rappel moteur texte collection resultat terme
D1060	web information rappel index collection classement algorithme inverse utilisateur
D1061	resultat rappel pertinent recherche terme algorithme classement utilisateur
D1062	moteur rappel resultat precision requete web
D1063	systeme algorithme web precision moteur resultat texte collection utilisateur recherche classement
D1064	classement algorithme moteur systeme pertinent rappel web inverse terme document
D1065	texte inverse information document systeme collection moteur precision web
D1066	index rappel inverse resultat indexation requete pertinent
D1067	algorithme pertinent moteur systeme classement recherche index document
D1068	indexation precision algorithme information index document resultat rappel
D1069	pertinent recherche indexation inverse rappel
D1070	recherche document precision texte resultat
D1071	texte pertinent information recherche classement collection index rappel precision requete systeme
D1072	index collection texte document utilisateur recherche algorithme pertinent requete
D1073	terme inverse document precision information texte algorithme moteur index
D1074	index terme utilisateur web algorithme precision classement
D1075	information recherche index algorithme resultat web
D1076	indexation recherche collection requete terme rappel utilisateur index inverse information systeme
D1077	information web algorithme texte rappel
D1078	document systeme recherche texte collection moteur web information classement
D1079	inverse utilisateur recherche resultat terme information
D1080	systeme algorithme requete classement information rappel utilisateur recherche indexation resultat pertinent
D1081	web rappel index utilisateur moteur algorithme requete collection precision texte terme
D1082	indexation texte resultat recherche inverse requete index rappel algorithme collection utilisateur
D1083	classement precision systeme document collection recherche
D1084	algorithme web indexation collection resultat systeme information utilisateur inverse index
D1085	systeme inverse moteur recherche document
D1086	web collection resultat precision indexation index recherche
D1087	document rappel recherche collection moteur information texte inverse indexation
D1088	precision terme pertinent resultat classement inverse moteur collection information algorithme
D1089	classement utilisateur texte indexation document information requete
D1090	requete document texte moteur web precision algorithme
D1091	moteur classement terme precision document inverse recherche
D1092	collection requete moteur pertinent systeme terme rappel indexation inverse
D1093	terme web precision moteur recherche
D1094	moteur collection classement recherche precision algorithme rappel
D1095	texte inverse terme web requete recherche
D1096	indexation index moteur requete classement document precision resultat web utilisateur systeme rappel
D1097	information document classement precision indexation
D1098	requete resultat inverse document moteur index information
D1099	rappel collection recherche classement document systeme texte indexation requete terme resultat
D1100	pertinent algorithme collection recherche indexation web
D1101	pertinent document terme indexation web information collection recherche classement precision systeme inverse
D1102	algorithme moteur index information precision
D1103	document web terme recherche precision inverse moteur collection rappel information requete algorithme
D1104	utilisateur inverse moteur precision resultat index systeme requete web pertinent
D1105	collection moteur requete rappel classement texte information index systeme web utilisateur
D1106	classement index utilisateur document algorithme resultat texte
D1107	information requete terme systeme moteur indexation
D1108	inverse indexation document resultat utilisateur pertinent texte web collection algorithme systeme
D1109	precision inverse terme moteur web requete recherche index systeme
D1110	information web resultat index inverse collection moteur algorithme requete rappel pertinent
D1111	indexation terme inverse texte utilisateur index document requete recherche
D1112	terme information resultat rappel requete collection recherche index indexation inverse
D1113	collection document systeme texte indexation pertinent utilisateur algorithme rappel recherche
D1114	rappel terme algorithme pertinent information
D1115	utilisateur recherche pertinent inverse rappel information resultat precision requete index web algorithme
D1116	terme utilisateur resultat texte information systeme collection
D1117	indexation recherche texte collection inverse systeme web
D1118	document indexation recherche systeme moteur precision inverse algorithme utilisateur
D1119	information recherche indexation web systeme classement rappel resultat precision pertinent
D1120	collection algorithme requete resultat terme recherche inverse
D1121	information classement pertinent resultat index web document inverse utilisateur
D1122	collection algorithme systeme recherche inverse
D1123	information recherche texte utilisateur index moteur
D1124	index algorithme pertinent recherche requete
D1125	moteur information index web algorithme requete utilisateur collection systeme classement
D1126	rappel utilisateur pertinent inverse terme resultat
D1127	rappel collection algorithme inverse systeme terme utilisateur
D1128	moteur information collection texte document recherche resultat index inverse utilisateur
D1129	recherche texte web information document
D1130	resultat classement requete information inverse algorithme rappel moteur collection terme document
D1131	index algorithme utilisateur rappel collection web pertinent recherche
D1132	texte classement resultat systeme indexation
D1133	terme recherche index indexation collection web algorithme information inverse pertinent
D1134	terme requete moteur texte indexation rappel information inverse algorithme resultat document
D1135	indexation algorithme moteur inverse precision
D1136	terme pertinent document recherche information utilisateur precision systeme index
D1137	collection inverse recherche web requete
D1138	recherche moteur pertinent document texte index inverse rappel
D1139	systeme recherche utilisateur terme resultat indexation texte
D1140	terme algorithme indexation document rappel utilisateur collection resultat index moteur precision web
D1141	inverse systeme web indexation recherche
D1142	resultat collection algorithme precision indexation information moteur
D1143	resultat recherche moteur algorithme systeme information classement texte indexation document pertinent requete
D1144	indexation index web systeme pertinent
D1145	document collection precision pertinent classement algorithme recherche
D1146	algorithme pertinent web systeme precision requete index classement resultat indexation
D1147	rappel systeme document terme resultat collection inverse algorithme classement information
D1148	rappel precision information systeme terme resultat pertinent inverse requete utilisateur web
D1149	rappel texte moteur precision classement resultat
D1150	precision requete terme utilisateur information rappel classement
D1151	indexation classement systeme recherche information document requete
D1152	systeme utilisateur rappel moteur inverse document terme resultat
D1153	requete document systeme rappel classement
D1154	index moteur precision pertinent document systeme indexation utilisateur texte
D1155	recherche moteur systeme algorithme information terme pertinent rappel
D1156	moteur inverse systeme rappel resultat algorithme indexation document collection
D1157	inverse collection index information moteur requete
D1158	web terme information systeme requete index
D1159	recherche information collection inverse resultat precision classement indexation
D1160	algorithme pertinent rappel inverse moteur texte information terme recherche resultat document
D1161	web document classement utilisateur texte systeme
D1162	indexation algorithme precision index pertinent
D1163	requete inverse rappel systeme document
D1164	texte indexation moteur document index information classement inverse recherche requete collection
D1165	texte rappel collection web systeme inverse classement recherche index pertinent
D1166	moteur document precision texte collection indexation recherche systeme utilisateur rappel terme
D1167	information resultat web texte index terme moteur utilisateur pertinent
D1168	algorithme web collection recherche utilisateur terme classement index
D1169	resultat index moteur indexation texte document algorithme
D1170	document utilisateur moteur requete index texte
D1171	moteur terme rappel algorithme requete precision document information resultat classement collection
D1172	rappel classement pertinent web moteur
D1173	utilisateur document texte requete inverse pertinent precision indexation
D1174	moteur utilisateur resultat indexation collection terme recherche precision
D1175	inverse systeme requete index information texte collection pertinent
D1176	document collection precision classement texte recherche
D1177	requete collection resultat texte systeme inverse indexation precision rappel index
D1178	terme index collection inverse web indexation utilisateur precision moteur
D1179	texte precision systeme document web pertinent moteur algorithme information rappel indexation
D1180	collection recherche rappel algorithme terme resultat web utilisateur moteur
D1181	terme indexation texte moteur systeme rappel
D1182	algorithme texte systeme utilisateur resultat document information pertinent recherche inverse
D1183	moteur inverse collection pertinent requete document index information systeme
D1184	requete rappel index inverse indexation
D1185	pertinent utilisateur terme algorithme index collection texte recherche inverse precision classement
D1186	resultat inverse pertinent recherche precision requete terme web
D1187	classement precision collection indexation moteur resultat
D1188	document collection rappel resultat systeme precision
D1189	terme indexation index collection requete precision document rappel classement
D1190	requete systeme classement information pertinent inverse rappel terme document texte recherche algorithme
D1191	terme moteur inverse resultat precision rappel document utilisateur index collection indexation
D1192	index systeme resultat recherche pertinent moteur precision terme web texte indexation
D1193	resultat rappel document recherche collection indexation terme
D1194	information recherche moteur classement indexation
D1195	document utilisateur indexation terme resultat precision web
D1196	pertinent web recherche utilisateur inverse precision collection texte
D1197	index texte precision document classement rappel
D1198	index pertinent systeme texte collection
D1199	moteur precision texte indexation recherche utilisateur terme document resultat web
D1200	inverse collection moteur algorithme precision web resultat terme texte pertinent classement document
D1201	moteur resultat inverse index indexation recherche systeme
D1202	classement inverse collection algorithme moteur pertinent index web information requete
D1203	information classement texte document systeme requete inverse recherche resultat precision
D1204	systeme classement pertinent precision indexation web resultat rappel index recherche information
D1205	classement pertinent moteur texte algorithme
D1206	rappel inverse systeme indexation document web algorithme terme texte index
D1207	rappel requete texte classement index indexation inverse systeme moteur
D1208	moteur index algorithme systeme precision document collection
D1209	pertinent utilisateur requete moteur collection
D1210	indexation systeme collection texte information index document
D1211	index collection information texte inverse web terme precision algorithme classement
D1212	document pertinent rappel information requete index terme texte
D1213	requete pertinent inverse recherche classement terme indexation algorithme systeme moteur information collection
D1214	moteur recherche document inverse texte rappel index terme algorithme requete
D1215	texte inverse classement collection systeme information indexation precision moteur
D1216	information collection terme requete document texte classement rappel resultat systeme indexation algorithme
D1217	requete document algorithme terme precision index moteur recherche utilisateur classement information
D1218	algorithme index terme resultat classement indexation texte document recherche inverse collection
D1219	recherche requete indexation web rappel terme systeme
D1220	systeme classement pertinent moteur document algorithme
D1221	document index inverse web texte rappel requete utilisateur terme
D1222	texte information precision classement index algorithme document rappel inverse collection pertinent resultat
D1223	moteur resultat texte recherche algorithme indexation collection
D1224	rappel web collection inverse index terme resultat utilisateur systeme moteur pertinent information
D1225	texte terme utilisateur index recherche requete
D1226	indexation inverse pertinent moteur information document classement utilisateur web systeme
D1227	collection classement texte requete utilisateur
D1228	utilisateur classement recherche information rappel document index requete inverse web moteur systeme
D1229	classement texte utilisateur resultat precision systeme moteur information index pertinent collection
D1230	web information requete terme algorithme recherche index pertinent indexation collection
D1231	classement index information texte requete utilisateur algorithme resultat
D1232	resultat systeme document pertinent collection rappel utilisateur
D1233	inverse terme index information collection utilisateur systeme classement recherche document indexation
D1234	pertinent indexation precision algorithme resultat index terme systeme classement moteur
D1235	document terme utilisateur precision algorithme rappel index indexation
D1236	web systeme inverse utilisateur terme texte moteur algorithme collection
D1237	utilisateur requete document systeme pertinent index precision web
D1238	systeme inverse requete rappel resultat moteur pertinent utilisateur
D1239	web requete recherche precision indexation document pertinent rappel utilisateur
D1240	precision web moteur classement index utilisateur terme requete algorithme texte
D1241	pertinent inverse indexation systeme recherche resultat texte utilisateur algorithme
D1242	information indexation pertinent classement systeme inverse algorithme
D1243	precision collection index utilisateur web indexation resultat inverse systeme
D1244	moteur information inverse recherche algorithme systeme resultat
D1245	utilisateur texte document moteur inverse systeme recherche web rappel indexation information
D1246	pertinent index resultat terme texte web indexation
D1247	index terme algorithme classement recherche requete systeme texte information utilisateur rappel
D1248	document requete collection utilisateur index moteur rappel indexation
D1249	texte inverse document rappel algorithme resultat requete web indexation recherche pertinent
D1250	indexation index web systeme moteur recherche rappel pertinent texte
D1251	resultat utilisateur indexation requete web pertinent terme information recherche
D1252	inverse resultat web precision texte classement rappel requete recherche
D1253	rappel terme moteur requete texte
D1254	moteur document classement resultat utilisateur
D1255	resultat requete index information utilisateur pertinent
D1256	information moteur inverse collection systeme document resultat requete utilisateur algorithme
D1257	texte terme indexation resultat algorithme collection web systeme document pertinent classement
D1258	precision moteur inverse recherche algorithme systeme document
D1259	texte algorithme pertinent index precision resultat recherche rappel web systeme
D1260	requete web resultat rappel document collection precision information
D1261	resultat collection recherche systeme web document texte inverse utilisateur algorithme indexation
D1262	inverse information indexation requete collection pertinent recherche algorithme document resultat
D1263	classement indexation inverse recherche index moteur collection texte document
D1264	moteur rappel utilisateur resultat document
D1265	document resultat indexation rappel moteur
D1266	information collection systeme resultat web precision classement moteur terme
D1267	pertinent classement algorithme terme requete index information utilisateur texte document moteur recherche
D1268	collection rappel inverse resultat moteur texte terme algorithme web document indexation
D1269	indexation moteur terme information rappel index
D1270	rappel utilisateur requete precision moteur pertinent inverse resultat terme texte web
D1271	indexation pertinent moteur document precision recherche
D1272	precision resultat systeme information inverse collection
D1273	rappel web information document resultat algorithme recherche inverse moteur classement
D1274	systeme moteur collection pertinent requete rappel indexation document
D1275	pertinent classement systeme indexation precision document inverse index collection moteur
D1276	inverse rappel resultat indexation precision recherche classement moteur
D1277	moteur pertinent texte indexation rappel terme precision
D1278	algorithme texte index rappel recherche collection requete pertinent systeme
D1279	utilisateur systeme resultat recherche algorithme requete web rappel inverse
D1280	recherche requete resultat systeme indexation precision web classement utilisateur terme
D1281	precision collection document terme index texte systeme inverse resultat moteur utilisateur
D1282	texte web index indexation terme rappel pertinent
D1283	indexation resultat classement rappel terme texte document web systeme
D1284	recherche web document texte collection requete information
D1285	systeme moteur recherche collection indexation document utilisateur
D1286	pertinent document terme web index recherche algorithme utilisateur indexation
D1287	algorithme texte inverse web rappel classement terme collection document precision
D1288	indexation utilisateur systeme information web index precision rappel terme moteur algorithme
D1289	rappel terme pertinent index precision
D1290	inverse rappel information algorithme requete utilisateur
D1291	indexation document algorithme systeme moteur information web rappel
D1292	collection utilisateur precision pertinent systeme requete
D1293	web rappel systeme classement texte moteur recherche
D1294	algorithme pertinent precision terme requete classement
D1295	texte utilisateur algorithme moteur recherche
D1296	texte indexation precision classement resultat
D1297	inverse terme precision algorithme texte rappel index moteur web classement information collection
D1298	index utilisateur indexation pertinent moteur collection systeme
D1299	indexation document index systeme recherche moteur collection
D1300	information utilisateur indexation requete index texte
D1301	utilisateur classement precision pertinent document inverse
D1302	moteur web requete precision pertinent terme document rappel collection classement information texte
D1303	information inverse web rappel precision
D1304	indexation recherche information algorithme collection
D1305	indexation rappel terme index texte pertinent web information
D1306	terme information systeme indexation requete
D1307	precision inverse rappel recherche collection requete classement document
D1308	systeme indexation information rappel resultat index requete collection classement document inverse
D1309	inverse systeme indexation index texte terme classement pertinent web algorithme precision
D1310	precision terme pertinent texte indexation index
D1311	pertinent inverse web utilisateur systeme recherche information classement document terme requete collection
D1312	inverse moteur pertinent precision systeme indexation document classement
D1313	precision classement terme recherche texte resultat
D1314	classement texte pertinent information web algorithme terme collection indexation utilisateur document recherche
D1315	requete inverse document moteur resultat utilisateur
D1316	web pertinent resultat precision algorithme indexation utilisateur index systeme requete classement terme
D1317	collection classement indexation recherche moteur systeme index web rappel
D1318	rappel texte indexation collection pertinent document systeme inverse classement moteur utilisateur
D1319	terme systeme inverse requete web algorithme resultat
D1320	resultat utilisateur moteur recherche systeme
D1321	classement moteur web rappel utilisateur information texte inverse systeme
D1322	classement recherche rappel algorithme resultat moteur terme web inverse systeme requete
D1323	systeme algorithme utilisateur texte requete information classement pertinent rappel web
D1324	pertinent web resultat inverse utilisateur algorithme precision requete terme
D1325	index texte rappel pertinent algorithme moteur classement utilisateur requete recherche
D1326	utilisateur terme recherche indexation texte resultat rappel precision document
D1327	information indexation texte moteur resultat recherche
D1328	texte utilisateur rappel information recherche web requete document moteur resultat collection
D1329	precision pertinent inverse recherche index web terme texte systeme indexation
D1330	utilisateur rappel algorithme inverse classement moteur web collection information requete indexation index
D1331	recherche moteur resultat collection systeme classement rappel pertinent
D1332	collection texte algorithme pertinent systeme
D1333	recherche collection texte utilisateur pertinent requete moteur rappel
D1334	resultat rappel utilisateur web systeme algorithme recherche requete
D1335	recherche pertinent precision classement indexation index terme texte systeme collection information algorithme
D1336	collection pertinent information inverse requete resultat moteur web texte document utilisateur
D1337	texte classement requete terme web
D1338	collection indexation utilisateur information texte document classement web resultat precision algorithme
D1339	systeme web classement moteur terme resultat index texte document collection
D1340	pertinent recherche terme inverse index resultat rappel
D1341	resultat recherche requete classement utilisateur inverse index moteur rappel
D1342	terme collection inverse web systeme document information pertinent requete
D1343	terme recherche classement document moteur rappel indexation collection
D1344	index pertinent indexation information recherche collection algorithme systeme document terme
D1345	document systeme classement inverse moteur terme precision
D1346	indexation web requete inverse collection rappel systeme classement terme algorithme resultat texte
D1347	indexation algorithme utilisateur systeme collection document classement
D1348	pertinent texte systeme precision terme inverse indexation utilisateur information resultat
D1349	information terme systeme precision rappel indexation
D1350	systeme document requete resultat precision moteur classement inverse pertinent
D1351	index collection moteur utilisateur resultat web requete algorithme texte rappel
D1352	resultat pertinent collection utilisateur systeme algorithme
D1353	utilisateur index information terme inverse classement requete web recherche
D1354	index pertinent precision systeme web information classement texte
D1355	index inverse precision indexation web resultat
D1356	precision classement systeme indexation document
D1357	indexation classement rappel algorithme index recherche moteur requete precision document
D1358	document terme indexation pertinent resultat collection moteur index rappel algorithme
D1359	terme inverse classement precision information rappel requete utilisateur
D1360	collection web classement index utilisateur moteur
D1361	classement document systeme resultat texte precision algorithme utilisateur index rappel information
D1362	inverse index texte moteur requete resultat algorithme terme web
D1363	terme information recherche algorithme pertinent rappel requete utilisateur web
D1364	classement inverse recherche algorithme terme document information collection web requete
D1365	precision utilisateur algorithme indexation rappel index moteur collection requete texte web
D1366	algorithme collection resultat indexation systeme web texte inverse precision terme utilisateur classement
D1367	precision pertinent information indexation moteur rappel inverse
D1368	rappel document moteur utilisateur index terme precision inverse information texte recherche indexation
D1369	requete terme pertinent systeme index classement inverse texte document
D1370	precision pertinent document indexation index terme recherche algorithme requete collection systeme
D1371	rappel pertinent document inverse classement web requete information moteur indexation utilisateur
D1372	recherche algorithme indexation pertinent resultat
D1373	algorithme information collection terme moteur requete web index texte utilisateur pertinent precision
D1374	document terme precision recherche resultat collection rappel texte algorithme indexation
D1375	moteur texte recherche pertinent precision utilisateur classement algorithme
D1376	recherche inverse rappel moteur classement precision
D1377	terme collection pertinent inverse web recherche utilisateur
D1378	precision terme rappel pertinent systeme
D1379	utilisateur terme information moteur systeme
D1380	resultat index texte document terme systeme collection rappel
D1381	index texte algorithme moteur resultat information pertinent collection indexation requete utilisateur systeme
D1382	index collection inverse information recherche terme indexation requete
D1383	web document collection utilisateur resultat terme pertinent information classement indexation
D1384	texte inverse classement indexation collection precision systeme information web index moteur
D1385	texte information moteur precision inverse classement resultat document
D1386	recherche indexation rappel web texte index systeme algorithme pertinent moteur document requete
D1387	texte requete algorithme document web information
D1388	pertinent resultat terme index rappel
D1389	web requete information collection pertinent recherche classement terme algorithme
D1390	moteur classement index recherche requete
D1391	classement web index algorithme moteur resultat precision
D1392	requete systeme algorithme resultat pertinent rappel
D1393	algorithme terme index recherche web utilisateur texte precision
D1394	classement texte requete recherche indexation document rappel web moteur utilisateur algorithme
D1395	requete terme collection pertinent inverse web resultat texte indexation systeme classement document
D1396	pertinent resultat requete index recherche terme precision texte rappel collection information utilisateur
D1397	requete information index utilisateur rappel precision systeme texte web algorithme collection
D1398	index rappel classement resultat collection requete pertinent algorithme web texte systeme moteur
D1399	resultat recherche requete pertinent inverse collection algorithme utilisateur web texte information indexation
D1400	precision web recherche indexation moteur index document systeme
D1401	indexation information requete document systeme web resultat pertinent algorithme
D1402	collection resultat algorithme moteur recherche
D1403	requete document recherche information classement collection utilisateur resultat moteur
D1404	algorithme index indexation requete collection texte
D1405	rappel document information classement utilisateur systeme terme algorithme
D1406	requete rappel resultat recherche classement document collection
D1407	requete algorithme web index indexation document classement information inverse moteur resultat
D1408	utilisateur recherche requete index indexation precision information
D1409	rappel information algorithme index utilisateur precision
D1410	pertinent texte index information classement recherche document requete rappel inverse web
D1411	moteur information algorithme terme inverse
D1412	web moteur document collection index classement requete utilisateur recherche precision indexation
D1413	classement terme recherche information pertinent inverse systeme document indexation utilisateur rappel algorithme
D1414	index resultat document systeme information terme inverse rappel texte classement algorithme pertinent
D1415	algorithme information precision classement document terme index inverse rappel collection systeme
D1416	requete terme systeme web pertinent
D1417	pertinent algorithme indexation document classement web recherche inverse moteur collection systeme index
D1418	moteur inverse utilisateur rappel systeme
D1419	collection moteur document texte recherche rappel indexation
D1420	index algorithme requete document moteur collection terme
D1421	algorithme requete utilisateur resultat classement
D1422	texte recherche index indexation web terme resultat
D1423	terme pertinent inverse moteur classement index information systeme rappel utilisateur
D1424	rappel recherche moteur requete collection web classement indexation utilisateur
D1425	pertinent texte information moteur systeme rappel utilisateur terme resultat indexation
D1426	indexation web rappel texte utilisateur collection
D1427	requete classement rappel web precision document pertinent inverse index recherche terme
D1428	utilisateur resultat requete recherche inverse classement web terme rappel
D1429	algorithme pertinent information classement utilisateur precision
D1430	document web utilisateur information precision index rappel
D1431	texte moteur index terme inverse algorithme requete resultat
D1432	requete resultat information precision indexation rappel pertinent utilisateur systeme index classement
D1433	web indexation moteur recherche algorithme information document pertinent collection
D1434	moteur recherche collection terme algorithme resultat pertinent texte web classement precision utilisateur
D1435	rappel precision texte inverse utilisateur
D1436	resultat inverse pertinent recherche precision requete systeme utilisateur texte information terme
D1437	pertinent texte recherche rappel document index utilisateur algorithme collection
D1438	inverse moteur classement index resultat collection web
D1439	systeme information texte recherche terme moteur requete algorithme web index inverse resultat
D1440	inverse information algorithme recherche requete terme pertinent web index rappel resultat
D1441	resultat document pertinent precision algorithme indexation information terme
D1442	requete terme precision moteur utilisateur document recherche pertinent algorithme rappel
D1443	document collection index terme inverse
D1444	web systeme recherche resultat terme index utilisateur algorithme texte
D1445	utilisateur algorithme requete texte web inverse document collection recherche
D1446	information rappel moteur requete recherche texte
D1447	rappel document precision moteur systeme terme pertinent
D1448	systeme utilisateur recherche moteur texte document rappel requete indexation classement information inverse
D1449	terme moteur resultat inverse collection systeme pertinent index algorithme
D1450	inverse collection resultat recherche precision moteur information
D1451	systeme pertinent rappel moteur terme information requete
D1452	web document indexation terme collection utilisateur
D1453	utilisateur texte pertinent information precision
D1454	systeme indexation inverse information requete index resultat recherche texte precision document classement
D1455	precision moteur resultat document recherche information collection web
D1456	index moteur web document collection information precision
D1457	requete rappel collection recherche classement
D1458	web terme inverse requete utilisateur index collection recherche moteur algorithme document
D1459	resultat web inverse utilisateur texte algorithme recherche
D1460	systeme document terme inverse recherche indexation
D1461	index utilisateur classement moteur requete pertinent indexation rappel systeme information inverse collection
D1462	indexation terme pertinent moteur resultat algorithme document
D1463	resultat recherche precision texte web collection rappel index indexation classement document
D1464	requete document resultat web rappel systeme precision
D1465	systeme utilisateur classement resultat document terme rappel algorithme recherche
D1466	collection recherche information web pertinent texte requete moteur
D1467	utilisateur moteur algorithme inverse terme web rappel texte pertinent resultat recherche classement
D1468	texte rappel moteur pertinent algorithme information indexation systeme terme index classement
D1469	indexation collection requete systeme recherche index terme algorithme moteur texte
D1470	pertinent systeme classement index document requete
D1471	resultat inverse recherche web algorithme moteur pertinent
D1472	algorithme utilisateur precision rappel indexation collection information requete texte moteur
D1473	rappel recherche texte systeme requete web precision algorithme indexation information terme
D1474	indexation document systeme collection utilisateur
D1475	requete document indexation inverse recherche information collection index
D1476	utilisateur precision web recherche inverse
D1477	moteur pertinent precision texte information recherche algorithme document resultat web classement inverse
D1478	document systeme requete information recherche
D1479	utilisateur classement pertinent inverse rappel texte collection precision
D1480	algorithme resultat rappel web information texte
D1481	texte moteur collection information requete precision
D1482	resultat precision terme collection recherche rappel information web pertinent
D1483	terme inverse systeme precision indexation collection information recherche algorithme document requete utilisateur
D1484	precision recherche classement moteur resultat utilisateur texte algorithme collection pertinent inverse information
D1485	pertinent web recherche precision systeme texte utilisateur inverse document collection classement
D1486	requete classement algorithme pertinent index inverse indexation precision recherche resultat rappel
D1487	recherche indexation utilisateur systeme collection texte
D1488	resultat precision information recherche indexation terme moteur systeme web pertinent
D1489	index texte indexation rappel pertinent systeme utilisateur
D1490	texte systeme rappel collection resultat
D1491	texte classement recherche systeme resultat terme algorithme indexation information
D1492	systeme pertinent inverse collection moteur information indexation recherche precision resultat index
D1493	moteur texte document recherche classement resultat precision pertinent algorithme
D1494	information precision requete indexation utilisateur web pertinent collection texte systeme
D1495	algorithme moteur utilisateur rappel document pertinent recherche web
D1496	pertinent web document recherche terme algorithme systeme precision rappel
D1497	collection document texte classement systeme rappel
D1498	utilisateur texte inverse rappel terme pertinent moteur requete information collection recherche
D1499	recherche pertinent requete classement web moteur texte document inverse rappel
D1500	pertinent terme classement inverse algorithme indexation collection texte information document requete
D1501	resultat classement terme pertinent moteur precision
D1502	algorithme classement precision pertinent terme indexation moteur document index systeme
D1503	systeme resultat indexation inverse texte
D1504	moteur utilisateur algorithme web collection
D1505	web resultat algorithme moteur information indexation classement inverse systeme
D1506	resultat index information precision systeme
D1507	collection texte requete classement inverse precision
D1508	index pertinent classement terme utilisateur
D1509	precision recherche indexation resultat utilisateur web information moteur
D1510	resultat indexation texte information algorithme utilisateur document classement moteur index
D1511	moteur resultat indexation precision utilisateur recherche inverse index texte systeme document
D1512	resultat texte index moteur classement
D1513	index terme systeme texte classement rappel
D1514	collection moteur index precision web systeme requete
D1515	systeme information web recherche requete classement resultat index utilisateur terme pertinent document
D1516	terme collection inverse requete recherche
D1517	recherche precision moteur classement index utilisateur algorithme collection information indexation
D1518	web requete recherche terme index precision resultat collection indexation classement inverse rappel
D1519	precision resultat classement terme collection moteur document index information utilisateur recherche pertinent
D1520	moteur indexation classement index texte collection web document inverse
D1521	indexation information systeme rappel moteur inverse algorithme web
D1522	resultat collection classement web pertinent inverse
D1523	web indexation information utilisateur algorithme precision
D1524	pertinent utilisateur requete texte inverse recherche indexation document information index
D1525	index algorithme indexation rappel recherche
D1526	web algorithme rappel recherche pertinent resultat moteur
D1527	texte requete classement document information index algorithme
D1528	document resultat algorithme recherche index
D1529	texte index resultat information terme classement
D1530	information utilisateur index rappel indexation
D1531	resultat indexation requete rappel texte utilisateur pertinent information inverse document systeme
D1532	resultat web inverse recherche rappel utilisateur precision collection index
D1533	requete information indexation collection terme algorithme precision utilisateur pertinent texte
D1534	moteur resultat indexation classement rappel requete web information
D1535	algorithme pertinent texte inverse collection terme recherche
D1536	algorithme web information moteur systeme collection index inverse classement
D1537	indexation resultat systeme utilisateur collection pertinent precision inverse moteur web
D1538	recherche resultat systeme precision web moteur classement rappel index inverse
D1539	web recherche indexation information algorithme terme collection precision utilisateur document
D1540	indexation systeme document collection utilisateur
D1541	systeme information requete rappel algorithme utilisateur pertinent document
D1542	collection index inverse algorithme indexation recherche document
D1543	collection document information moteur systeme resultat terme texte
D1544	collection information pertinent inverse terme moteur indexation texte systeme classement
D1545	inverse texte precision utilisateur index
D1546	inverse index indexation utilisateur systeme algorithme document precision
D1547	moteur recherche rappel algorithme collection utilisateur classement web requete terme pertinent
D1548	moteur requete algorithme document indexation resultat
D1549	resultat terme texte algorithme moteur
D1550	pertinent moteur inverse classement texte
D1551	document classement resultat utilisateur collection moteur systeme information
D1552	texte indexation requete document index
D1553	terme pertinent moteur indexation texte inverse information collection algorithme web resultat precision
D1554	texte moteur web requete classement indexation document terme
D1555	requete texte pertinent moteur recherche resultat utilisateur index information inverse rappel
D1556	recherche algorithme indexation requete terme
D1557	requete information index indexation pertinent algorithme precision
D1558	terme collection recherche systeme pertinent moteur classement algorithme
D1559	pertinent algorithme systeme utilisateur inverse terme web
D1560	precision resultat classement algorithme moteur
D1561	resultat moteur collection requete algorithme document information precision texte
D1562	requete terme rappel pertinent indexation collection recherche moteur
D1563	classement information web systeme texte rappel utilisateur pertinent precision collection document requete
D1564	collection pertinent systeme information indexation classement inverse rappel requete terme moteur
D1565	requete information precision terme collection classement systeme web pertinent texte document
D1566	web classement moteur texte indexation recherche collection requete rappel index
D1567	moteur algorithme indexation collection utilisateur resultat pertinent texte terme rappel precision information
D1568	indexation rappel systeme algorithme precision web classement recherche information requete document
D1569	texte indexation utilisateur resultat algorithme requete index pertinent rappel moteur
D1570	recherche document indexation rappel inverse resultat moteur
D1571	utilisateur algorithme indexation recherche precision systeme
D1572	texte indexation resultat information moteur index rappel recherche classement algorithme systeme
D1573	web index indexation document classement systeme moteur terme recherche collection
D1574	systeme document information algorithme inverse pertinent indexation texte
D1575	rappel indexation moteur algorithme utilisateur web inverse information
D1576	algorithme inverse texte recherche information index
D1577	precision moteur resultat classement information
D1578	texte requete systeme pertinent web classement resultat recherche inverse index
D1579	texte utilisateur index precision collection recherche resultat
D1580	inverse resultat indexation index requete precision information systeme algorithme terme
D1581	inverse pertinent index rappel web information recherche
D1582	utilisateur document web systeme moteur pertinent collection information index
D1583	requete utilisateur pertinent index resultat document inverse web terme precision
D1584	classement web information algorithme index texte moteur utilisateur precision document
D1585	requete web document classement terme
D1586	pertinent precision rappel resultat recherche information web inverse utilisateur collection
D1587	indexation utilisateur systeme information rappel moteur requete pertinent
D1588	utilisateur requete algorithme document classement precision pertinent moteur indexation index collection web
D1589	algorithme requete resultat recherche indexation classement web moteur systeme rappel pertinent
D1590	moteur web rappel information requete collection inverse document pertinent classement index
D1591	document recherche algorithme terme inverse requete web indexation precision
D1592	classement requete indexation document texte collection moteur pertinent rappel utilisateur
D1593	information algorithme inverse classement document
D1594	web information utilisateur classement systeme collection algorithme moteur pertinent
D1595	precision systeme requete rappel index inverse recherche classement collection texte information algorithme
D1596	collection web requete algorithme resultat document terme index pertinent texte rappel information
D1597	utilisateur document precision collection information recherche algorithme inverse texte web
D1598	recherche precision utilisateur terme information collection
D1599	rappel texte recherche utilisateur inverse indexation index algorithme web systeme resultat terme
D1600	inverse resultat requete web systeme pertinent recherche index
D1601	resultat index recherche texte classement collection precision information requete document terme utilisateur
D1602	web classement requete document recherche texte rappel inverse systeme terme collection
D1603	terme index precision systeme information algorithme inverse texte pertinent utilisateur resultat
D1604	utilisateur indexation precision rappel classement index recherche collection
D1605	terme recherche utilisateur moteur precision web information collection inverse algorithme
D1606	rappel web document texte resultat recherche index algorithme pertinent
D1607	information document texte indexation recherche inverse pertinent
D1608	precision document rappel indexation classement information requete
D1609	web terme index inverse resultat information precision
D1610	rappel web utilisateur requete indexation
D1611	algorithme utilisateur indexation recherche index collection resultat systeme requete terme pertinent
D1612	inverse terme utilisateur recherche pertinent moteur
D1613	algorithme web resultat recherche texte utilisateur document information rappel indexation
D1614	index recherche collection requete indexation moteur pertinent precision texte resultat web algorithme
D1615	document resultat rappel pertinent web inverse requete
D1616	texte systeme requete inverse pertinent
D1617	precision algorithme information pertinent texte terme web moteur utilisateur resultat
D1618	precision document terme recherche index inverse texte
D1619	pertinent classement information moteur web
D1620	information resultat systeme index recherche requete terme algorithme classement
D1621	resultat indexation texte moteur algorithme utilisateur
D1622	rappel indexation utilisateur systeme terme texte recherche classement web inverse document
D1623	algorithme indexation resultat requete document information index precision recherche web
D1624	systeme texte pertinent indexation classement index
D1625	moteur recherche rappel information systeme web algorithme pertinent utilisateur precision inverse
D1626	indexation web index requete precision
D1627	index terme texte indexation requete precision classement algorithme inverse
D1628	document indexation recherche utilisateur moteur
D1629	indexation collection index web recherche utilisateur information document pertinent
D1630	collection inverse recherche indexation requete utilisateur algorithme index systeme rappel pertinent texte
D1631	recherche moteur utilisateur inverse texte indexation document classement collection algorithme systeme resultat
D1632	inverse web requete precision document collection rappel systeme indexation moteur
D1633	inverse texte requete precision moteur
D1634	collection algorithme resultat classement inverse requete
D1635	requete texte web moteur index document pertinent classement recherche algorithme
D1636	resultat precision web utilisateur document classement indexation algorithme moteur texte inverse
D1637	moteur information requete indexation texte document resultat
D1638	algorithme moteur recherche texte web index information inverse utilisateur collection resultat
D1639	index collection texte moteur inverse pertinent indexation
D1640	texte rappel precision resultat classement inverse utilisateur document indexation index recherche moteur
D1641	inverse requete precision indexation information algorithme
D1642	systeme inverse pertinent terme index utilisateur requete collection rappel
D1643	moteur systeme texte recherche precision classement
D1644	utilisateur systeme information resultat texte document
D1645	utilisateur inverse information systeme document pertinent
D1646	pertinent recherche index precision classement indexation document terme requete
D1647	moteur information rappel web terme precision classement index systeme document resultat collection
D1648	terme moteur information precision indexation
D1649	terme inverse recherche classement web index utilisateur texte
D1650	systeme requete rappel texte moteur resultat
D1651	collection texte rappel moteur recherche
D1652	classement collection inverse recherche resultat utilisateur
D1653	web pertinent precision systeme terme inverse document texte classement collection moteur
D1654	utilisateur inverse systeme classement requete
D1655	indexation terme inverse document index rappel
D1656	texte pertinent recherche information classement inverse resultat algorithme terme document
D1657	classement collection information inverse web rappel
D1658	information moteur terme document index requete inverse
D1659	index resultat information systeme utilisateur collection document texte
D1660	utilisateur requete resultat systeme recherche texte moteur inverse index
D1661	resultat rappel web moteur inverse
D1662	document recherche classement web terme information texte precision utilisateur resultat
D1663	information rappel collection document classement algorithme pertinent terme precision requete utilisateur indexation
D1664	requete collection texte index systeme recherche
D1665	rappel collection precision recherche algorithme indexation
D1666	pertinent terme resultat requete precision collection
D1667	collection inverse pertinent texte information terme algorithme web recherche systeme moteur
D1668	algorithme inverse recherche utilisateur terme
D1669	pertinent rappel requete recherche inverse utilisateur texte collection algorithme
D1670	indexation document rappel recherche index utilisateur classement
D1671	indexation information inverse precision collection resultat web requete texte index moteur
D1672	resultat rappel algorithme recherche moteur
D1673	terme indexation systeme document texte moteur collection index web utilisateur pertinent
D1674	inverse terme web moteur index recherche pertinent utilisateur
D1675	utilisateur requete recherche precision information texte resultat index inverse rappel algorithme systeme
D1676	information indexation systeme pertinent document requete web collection texte terme moteur precision
D1677	document index moteur texte precision information
D1678	terme rappel requete systeme information indexation
D1679	texte inverse indexation pertinent precision utilisateur terme
D1680	information utilisateur resultat indexation moteur recherche precision pertinent algorithme inverse rappel
D1681	classement requete collection algorithme utilisateur inverse rappel web recherche precision document pertinent
D1682	resultat document utilisateur texte algorithme web
D1683	inverse algorithme requete web classement texte index precision document resultat
D1684	inverse terme texte recherche collection pertinent precision
D1685	texte document rappel utilisateur recherche algorithme indexation
D1686	rappel resultat recherche index texte requete precision systeme indexation classement web pertinent
D1687	texte systeme inverse web recherche
D1688	information moteur precision document web algorithme classement recherche utilisateur requete
D1689	recherche index information pertinent indexation systeme
D1690	recherche moteur collection algorithme systeme utilisateur precision indexation
D1691	index resultat collection algorithme rappel pertinent web
D1692	algorithme indexation texte information precision utilisateur
D1693	information moteur resultat collection classement rappel algorithme terme indexation web texte
D1694	information terme utilisateur rappel precision resultat indexation
D1695	precision document pertinent recherche rappel collection requete utilisateur
D1696	collection systeme precision index utilisateur resultat web moteur indexation rappel terme
D1697	indexation collection moteur pertinent classement utilisateur inverse
D1698	terme web texte recherche inverse
D1699	pertinent web moteur utilisateur algorithme recherche inverse resultat rappel classement document
D1700	texte recherche moteur index collection systeme information indexation requete resultat algorithme
D1701	collection index recherche document resultat pertinent
D1702	web classement pertinent terme systeme recherche
D1703	precision resultat information collection moteur document classement web rappel pertinent
D1704	algorithme terme utilisateur resultat requete recherche collection index
D1705	collection index pertinent terme resultat utilisateur recherche indexation systeme
D1706	pertinent algorithme document precision texte index collection moteur web resultat utilisateur systeme
D1707	terme texte pertinent inverse index resultat indexation collection utilisateur precision moteur
D1708	texte rappel recherche collection resultat algorithme systeme document pertinent inverse terme information
D1709	inverse recherche pertinent indexation precision algorithme utilisateur classement index
D1710	inverse index algorithme moteur classement pertinent texte terme document resultat utilisateur rappel
D1711	requete information indexation moteur terme pertinent texte document index
D1712	texte algorithme indexation requete rappel inverse resultat pertinent utilisateur document systeme precision
D1713	moteur information systeme inverse indexation recherche utilisateur algorithme rappel resultat
D1714	web index inverse indexation requete moteur
D1715	index utilisateur classement document moteur resultat algorithme
D1716	classement terme algorithme document rappel
D1717	terme moteur texte information resultat indexation index utilisateur collection
D1718	index rappel inverse pertinent recherche classement
D1719	utilisateur inverse index moteur indexation texte resultat rappel terme document collection
D1720	resultat systeme algorithme index precision information classement collection requete recherche web utilisateur
D1721	classement recherche resultat algorithme index requete indexation precision pertinent
D1722	information terme algorithme indexation utilisateur document rappel moteur systeme recherche inverse
D1723	information moteur classement requete recherche terme resultat index inverse
D1724	precision indexation web resultat rappel document algorithme utilisateur recherche index
D1725	recherche information inverse texte index precision requete
D1726	texte requete web document utilisateur classement inverse moteur indexation resultat
D1727	algorithme index pertinent precision systeme utilisateur collection texte resultat terme inverse requete
D1728	systeme document requete precision web recherche utilisateur collection classement
D1729	terme recherche utilisateur index moteur web precision texte resultat classement
D1730	moteur systeme inverse requete texte information document resultat
D1731	rappel algorithme systeme document pertinent indexation utilisateur
D1732	rappel terme inverse requete recherche classement collection information document
D1733	web indexation moteur index utilisateur inverse rappel document terme texte algorithme precision
D1734	precision classement document systeme moteur resultat rappel pertinent inverse requete terme collection
D1735	terme rappel utilisateur document texte
D1736	texte document index requete collection
D1737	utilisateur resultat rappel requete texte recherche classement terme indexation precision index
D1738	systeme requete texte index inverse recherche web utilisateur classement document pertinent precision
D1739	information rappel systeme moteur web algorithme
D1740	texte moteur recherche pertinent web indexation resultat classement collection inverse requete
D1741	requete terme classement precision texte indexation resultat rappel web inverse collection
D1742	indexation requete classement web algorithme recherche
D1743	information texte precision resultat terme
D1744	precision moteur utilisateur information collection systeme index web indexation algorithme classement
D1745	moteur indexation requete utilisateur rappel information
D1746	utilisateur recherche moteur index precision requete classement resultat web algorithme texte pertinent
D1747	classement information document resultat recherche pertinent index precision systeme utilisateur
D1748	requete moteur index precision web recherche document resultat collection
D1749	information rappel algorithme inverse recherche utilisateur texte moteur collection systeme
D1750	requete algorithme recherche web document precision utilisateur inverse
D1751	algorithme classement moteur requete terme document precision rappel information pertinent indexation index
D1752	precision recherche utilisateur terme information inverse pertinent indexation index
D1753	utilisateur precision recherche terme classement algorithme resultat pertinent systeme moteur rappel indexation
D1754	moteur web recherche indexation requete
D1755	moteur information inverse document collection resultat requete utilisateur precision
D1756	precision requete recherche resultat index web moteur document rappel pertinent
D1757	algorithme resultat systeme classement utilisateur requete
D1758	resultat collection algorithme pertinent utilisateur information requete index rappel moteur web
D1759	index recherche precision rappel moteur web utilisateur
D1760	precision texte systeme requete pertinent utilisateur index document classement terme
D1761	indexation web recherche collection texte precision utilisateur classement
D1762	indexation resultat web classement utilisateur algorithme requete pertinent information
D1763	index recherche texte rappel indexation web utilisateur pertinent terme collection information classement
D1764	precision document resultat systeme moteur classement
D1765	texte collection terme utilisateur web precision requete
D1766	web moteur inverse algorithme resultat
D1767	inverse classement pertinent resultat recherche document precision
D1768	classement algorithme information rappel web indexation systeme moteur
D1769	information rappel requete resultat precision utilisateur indexation collection moteur systeme inverse index
D1770	terme systeme index precision document web resultat requete texte utilisateur recherche inverse
D1771	resultat precision document collection rappel indexation inverse utilisateur
D1772	rappel algorithme utilisateur collection texte
D1773	texte rappel index precision requete classement resultat
D1774	web index precision recherche moteur rappel terme inverse algorithme information document pertinent
D1775	pertinent indexation systeme recherche terme collection information requete texte web document
D1776	pertinent precision moteur recherche classement algorithme index web collection utilisateur resultat
D1777	information resultat moteur inverse classement texte
D1778	algorithme rappel moteur texte inverse pertinent systeme
D1779	utilisateur resultat information inverse terme recherche index precision indexation texte requete
D1780	precision inverse index terme collection classement algorithme recherche web resultat pertinent
D1781	indexation index pertinent terme precision systeme
D1782	terme resultat information collection moteur
D1783	precision classement inverse systeme requete collection
D1784	requete information utilisateur collection index algorithme resultat moteur web
D1785	classement information pertinent moteur inverse terme texte indexation recherche
D1786	texte rappel resultat pertinent terme classement systeme index
D1787	information algorithme resultat rappel precision requete
D1788	moteur inverse utilisateur requete collection
D1789	precision utilisateur requete web classement algorithme texte moteur recherche pertinent index
D1790	utilisateur recherche document web index rappel systeme indexation inverse pertinent collection
D1791	pertinent collection classement algorithme resultat precision document utilisateur
D1792	resultat inverse pertinent precision texte requete classement
D1793	information moteur document terme collection resultat classement precision
D1794	indexation inverse algorithme systeme utilisateur information index collection precision
D1795	rappel collection requete inverse web texte
D1796	recherche resultat index utilisateur precision texte rappel inverse collection moteur web
D1797	pertinent collection algorithme utilisateur document resultat terme
D1798	requete pertinent web document resultat recherche indexation classement precision collection information systeme
D1799	texte algorithme rappel document utilisateur resultat
D1800	inverse utilisateur requete classement texte collection
D1801	algorithme requete rappel index classement
D1802	utilisateur recherche moteur rappel texte precision terme web pertinent collection algorithme document
D1803	collection recherche texte indexation pertinent requete classement index rappel inverse terme
D1804	systeme texte web rappel precision information
D1805	moteur terme texte inverse requete
D1806	information moteur algorithme rappel inverse precision utilisateur
D1807	document index resultat web inverse
D1808	classement collection recherche pertinent systeme web inverse utilisateur information indexation document
D1809	requete texte pertinent systeme utilisateur recherche classement document rappel
D1810	collection document resultat utilisateur texte rappel indexation index
D1811	moteur texte information pertinent algorithme precision inverse classement document
D1812	index document collection texte terme indexation utilisateur precision algorithme classement rappel
D1813	resultat texte requete document utilisateur classement recherche web pertinent rappel indexation algorithme
D1814	terme systeme document index requete texte moteur
D1815	rappel texte classement moteur indexation requete resultat pertinent utilisateur
D1816	utilisateur classement inverse rappel document
D1817	collection requete texte document systeme terme inverse moteur utilisateur
D1818	moteur collection document pertinent requete algorithme texte utilisateur
D1819	precision systeme resultat terme index information document collection recherche moteur texte indexation
D1820	inverse resultat classement web precision information requete pertinent recherche
D1821	precision information algorithme pertinent classement systeme rappel moteur resultat utilisateur
D1822	terme document algorithme requete inverse index
D1823	rappel web indexation pertinent recherche inverse texte requete information algorithme resultat collection
D1824	systeme texte precision terme web
D1825	moteur terme resultat information web algorithme requete rappel recherche
D1826	web algorithme index inverse document indexation moteur
D1827	index recherche texte information precision document pertinent
D1828	indexation precision web terme algorithme
D1829	terme moteur indexation utilisateur pertinent
D1830	utilisateur moteur recherche texte web inverse
D1831	pertinent terme document requete algorithme
D1832	recherche pertinent texte web inverse algorithme precision
D1833	moteur systeme algorithme requete information recherche indexation
D1834	algorithme moteur indexation rappel information precision index document
D1835	pertinent information document systeme index
D1836	rappel utilisateur index inverse pertinent classement resultat terme document
D1837	indexation precision texte pertinent index document algorithme collection utilisateur moteur
D1838	web utilisateur terme moteur index precision document requete classement resultat
D1839	systeme resultat web recherche indexation moteur utilisateur requete index
D1840	index requete indexation information collection pertinent systeme texte inverse terme classement
D1841	requete algorithme rappel collection indexation utilisateur inverse pertinent
D1842	texte document terme indexation systeme index precision web utilisateur information
D1843	classement texte indexation collection inverse web terme requete recherche
D1844	web utilisateur pertinent requete classement texte indexation rappel resultat index algorithme
D1845	indexation utilisateur resultat requete texte index collection systeme terme pertinent
D1846	index rappel web moteur terme collection pertinent document precision algorithme
D1847	classement algorithme moteur utilisateur pertinent indexation inverse information document terme web
D1848	index rappel inverse terme requete pertinent precision moteur systeme classement indexation
D1849	inverse algorithme recherche web pertinent index collection requete document moteur utilisateur
D1850	algorithme inverse rappel document web information indexation pertinent terme requete resultat utilisateur
D1851	precision index resultat document recherche pertinent classement inverse rappel texte systeme
D1852	information classement indexation recherche pertinent moteur requete utilisateur index inverse web
D1853	rappel moteur texte requete index
D1854	moteur pertinent utilisateur texte index rappel
D1855	resultat texte indexation terme requete web document collection utilisateur
D1856	texte utilisateur collection systeme index resultat web
D1857	systeme pertinent resultat moteur utilisateur recherche algorithme index
D1858	precision document pertinent indexation web collection index resultat moteur
D1859	document web resultat recherche algorithme terme requete pertinent texte indexation collection information
D1860	pertinent texte systeme indexation collection
D1861	pertinent texte inverse requete information
D1862	index inverse algorithme requete precision pertinent
D1863	web classement index requete pertinent moteur recherche utilisateur precision resultat information systeme
D1864	web classement index information document moteur
D1865	pertinent texte recherche utilisateur document algorithme
D1866	information utilisateur indexation systeme moteur
D1867	web pertinent texte information document resultat utilisateur systeme recherche algorithme moteur
D1868	pertinent index requete precision terme moteur rappel
D1869	moteur information index terme rappel algorithme classement recherche collection
D1870	algorithme pertinent classement systeme index resultat requete rappel recherche information indexation inverse
D1871	document classement pertinent index moteur texte
D1872	algorithme utilisateur recherche moteur systeme resultat
D1873	recherche indexation precision document utilisateur information resultat rappel requete inverse moteur algorithme
D1874	classement document index web systeme precision requete
D1875	classement texte utilisateur web index rappel information pertinent requete precision
D1876	classement utilisateur pertinent texte rappel
D1877	indexation inverse moteur pertinent collection rappel recherche information classement
D1878	document terme index algorithme information rappel utilisateur precision
D1879	indexation texte document web requete precision systeme resultat rappel algorithme collection
D1880	utilisateur document recherche moteur collection precision inverse classement information web systeme requete
D1881	precision systeme collection web texte utilisateur moteur requete resultat
D1882	information recherche collection pertinent terme index inverse indexation
D1883	index collection algorithme precision utilisateur resultat document web inverse terme information
D1884	moteur texte algorithme systeme collection index indexation recherche precision resultat rappel inverse
D1885	information document utilisateur requete pertinent
D1886	recherche texte precision web indexation moteur systeme algorithme
D1887	pertinent recherche algorithme web precision requete utilisateur rappel terme moteur information inverse
D1888	rappel moteur recherche classement web document pertinent
D1889	pertinent collection indexation moteur inverse document
D1890	indexation systeme rappel moteur utilisateur recherche requete
D1891	classement terme moteur precision index indexation utilisateur web texte
D1892	information recherche requete document systeme collection texte rappel moteur
D1893	systeme pertinent inverse collection algorithme precision information classement indexation terme recherche resultat
D1894	terme resultat moteur indexation rappel algorithme web recherche
D1895	utilisateur pertinent collection classement information systeme texte inverse requete algorithme recherche
D1896	rappel recherche document algorithme utilisateur information classement
D1897	terme inverse utilisateur document systeme web texte precision requete
D1898	requete utilisateur classement web resultat moteur
D1899	rappel information indexation document inverse recherche index
D1900	collection classement rappel recherche inverse algorithme requete utilisateur
D1901	moteur pertinent inverse resultat requete precision
D1902	texte algorithme recherche terme precision requete indexation web
D1903	collection algorithme utilisateur recherche requete document rappel systeme precision index web terme
D1904	utilisateur collection moteur precision web
D1905	texte document information systeme terme
D1906	resultat inverse algorithme systeme requete indexation rappel recherche information index precision
D1907	resultat web document inverse algorithme terme requete
D1908	utilisateur algorithme rappel information moteur indexation
D1909	recherche precision requete index classement collection algorithme utilisateur
D1910	systeme texte utilisateur requete rappel inverse algorithme
D1911	indexation terme recherche utilisateur systeme pertinent collection document moteur texte resultat web
D1912	information requete document resultat moteur
D1913	pertinent terme algorithme inverse texte utilisateur information indexation requete
D1914	terme resultat utilisateur recherche texte document web inverse rappel index
D1915	indexation requete systeme collection resultat
D1916	inverse index systeme moteur terme
D1917	collection indexation inverse document terme classement requete texte precision
D1918	inverse information requete recherche moteur utilisateur index web document resultat terme
D1919	resultat indexation pertinent classement utilisateur document
D1920	moteur recherche utilisateur document web inverse requete
D1921	pertinent collection inverse indexation texte index utilisateur
D1922	classement recherche texte inverse moteur web indexation rappel
D1923	index pertinent inverse indexation information
D1924	rappel collection recherche indexation moteur systeme index information terme
D1925	pertinent algorithme inverse rappel index
D1926	systeme inverse classement rappel document utilisateur recherche web texte terme
D1927	indexation algorithme terme web pertinent
D1928	moteur indexation terme texte requete collection inverse information classement algorithme rappel
D1929	recherche resultat moteur inverse systeme rappel texte web indexation
D1930	moteur inverse document texte resultat algorithme precision requete
D1931	utilisateur terme texte systeme resultat collection
D1932	inverse resultat recherche pertinent utilisateur texte indexation precision terme
D1933	document resultat classement web precision collection
D1934	terme information collection indexation classement systeme texte index algorithme document recherche
D1935	rappel document terme classement information index systeme
D1936	systeme information moteur rappel inverse algorithme
D1937	texte classement rappel resultat recherche index
D1938	web index terme inverse moteur document pertinent rappel precision information requete indexation
D1939	document moteur texte precision utilisateur terme requete
D1940	web inverse classement document precision moteur systeme rappel utilisateur resultat
D1941	recherche information systeme inverse resultat web indexation texte
D1942	algorithme rappel moteur inverse document pertinent classement systeme
D1943	collection precision texte rappel index document inverse algorithme requete moteur information
D1944	rappel index classement web terme utilisateur information indexation pertinent requete document recherche
D1945	pertinent requete recherche texte collection document
D1946	texte utilisateur indexation web resultat precision systeme pertinent rappel information document
D1947	indexation requete terme collection inverse texte pertinent classement systeme rappel index precision
D1948	systeme classement web requete resultat precision moteur utilisateur index document terme
D1949	algorithme utilisateur collection pertinent recherche moteur index terme document
D1950	recherche web moteur algorithme terme index requete indexation information document
D1951	web moteur resultat systeme classement
D1952	systeme inverse terme recherche resultat utilisateur texte
D1953	requete systeme moteur document rappel utilisateur information classement
D1954	collection recherche indexation moteur index precision inverse web requete terme algorithme
D1955	collection classement resultat moteur systeme information web requete precision
D1956	resultat recherche index inverse moteur
D1957	utilisateur resultat rappel moteur inverse pertinent
D1958	moteur information requete terme document collection index inverse web texte recherche resultat
D1959	web inverse moteur precision systeme pertinent recherche information
D1960	moteur systeme recherche information utilisateur requete
D1961	moteur texte requete index precision algorithme pertinent classement inverse
D1962	recherche precision indexation texte classement collection resultat terme information pertinent index
D1963	terme requete utilisateur web moteur
D1964	rappel collection web requete information
D1965	index moteur requete collection document resultat
D1966	collection information recherche document pertinent resultat indexation moteur
D1967	pertinent classement collection precision information requete recherche systeme resultat rappel utilisateur
D1968	utilisateur requete document information systeme
D1969	requete inverse document collection texte
D1970	precision terme document index algorithme pertinent requete classement texte information moteur
D1971	classement utilisateur resultat terme collection requete recherche pertinent
D1972	systeme recherche pertinent texte terme
D1973	utilisateur resultat pertinent classement algorithme requete moteur recherche information systeme texte
D1974	resultat pertinent texte precision index inverse collection
D1975	web document pertinent collection texte index
D1976	pertinent document classement texte resultat indexation utilisateur collection precision requete systeme
D1977	indexation web document classement information collection systeme recherche
D1978	rappel index collection algorithme requete indexation terme classement information utilisateur
D1979	web terme resultat moteur collection pertinent indexation rappel texte utilisateur
D1980	utilisateur indexation texte rappel moteur information inverse
D1981	terme rappel information document systeme requete web moteur index collection resultat inverse
D1982	recherche index systeme moteur terme pertinent document inverse
D1983	classement texte web inverse requete indexation information
D1984	information indexation terme moteur collection precision index systeme pertinent recherche
D1985	index recherche rappel classement moteur resultat collection algorithme terme inverse pertinent requete
D1986	classement systeme algorithme resultat pertinent information texte
D1987	moteur terme systeme classement texte pertinent recherche precision utilisateur
D1988	recherche resultat document moteur rappel
D1989	moteur requete systeme index utilisateur
D1990	classement index information collection systeme web resultat precision terme
D1991	classement pertinent web algorithme systeme information index indexation collection utilisateur rappel texte
D1992	texte resultat web utilisateur information precision algorithme collection terme index requete
D1993	index utilisateur requete recherche precision algorithme collection indexation
D1994	indexation utilisateur moteur texte collection pertinent precision
D1995	systeme index indexation moteur document utilisateur information texte precision pertinent resultat recherche
D1996	recherche collection utilisateur classement inverse index systeme texte information indexation precision algorithme
D1997	terme information pertinent algorithme document index
D1998	web recherche algorithme precision information document index
D1999	rappel algorithme index requete resultat classement indexation utilisateur inverse precision
D2000	inverse terme utilisateur precision index indexation systeme information
D2001	pertinent utilisateur texte classement document web moteur
D2002	inverse precision web texte utilisateur terme rappel pertinent document recherche algorithme
D2003	classement moteur web rappel collection document
D2004	utilisateur texte rappel terme requete web systeme
D2005	classement moteur utilisateur recherche information texte precision
D2006	recherche rappel texte information document moteur terme
D2007	recherche terme document systeme algorithme moteur pertinent rappel inverse information index
D2008	information index inverse terme web classement precision pertinent
D2009	systeme index recherche document information rappel collection resultat utilisateur texte requete
D2010	document rappel resultat precision pertinent collection recherche texte
D2011	rappel information indexation precision inverse systeme collection moteur algorithme
D2012	rappel indexation information inverse systeme resultat moteur collection pertinent terme
D2013	web systeme document inverse algorithme index rappel requete terme recherche texte information
D2014	moteur web precision document collection algorithme resultat
D2015	resultat requete systeme recherche collection rappel classement pertinent information
D2016	information collection rappel index inverse recherche
D2017	classement index resultat precision utilisateur document information requete systeme web moteur
D2018	web inverse classement systeme collection terme recherche
D2019	texte classement web algorithme pertinent requete
D2020	classement texte moteur precision index systeme pertinent resultat requete collection indexation recherche
D2021	texte indexation resultat systeme algorithme utilisateur
D2022	indexation web algorithme rappel resultat requete precision
D2023	algorithme index resultat texte document
D2024	terme indexation algorithme recherche resultat moteur utilisateur web pertinent rappel texte
D2025	moteur terme algorithme classement precision inverse
D2026	web terme classement texte utilisateur recherche requete
D2027	rappel collection systeme recherche terme precision information algorithme
D2028	pertinent resultat systeme texte terme inverse requete utilisateur rappel
D2029	moteur algorithme collection texte rappel precision
D2030	rappel systeme resultat document pertinent web
D2031	precision web information rappel collection texte recherche algorithme classement
D2032	requete systeme indexation precision resultat algorithme web
D2033	collection resultat information inverse recherche texte document utilisateur pertinent classement rappel algorithme
D2034	terme recherche document precision texte web systeme
D2035	classement requete indexation recherche texte
D2036	moteur indexation algorithme inverse index classement utilisateur pertinent information terme
D2037	texte indexation information recherche classement
D2038	recherche moteur requete indexation texte terme collection index
D2039	requete algorithme resultat collection inverse classement texte
D2040	recherche terme classement document requete moteur index algorithme utilisateur
D2041	web classement requete information texte rappel inverse algorithme pertinent indexation
D2042	requete collection inverse systeme terme algorithme information moteur index
D2043	rappel systeme web collection index terme precision moteur requete pertinent texte
D2044	collection rappel web indexation algorithme classement inverse pertinent
D2045	texte utilisateur precision terme inverse document recherche rappel classement collection indexation
D2046	recherche precision utilisateur inverse indexation texte terme index rappel requete pertinent moteur
D2047	inverse web terme information collection recherche texte classement moteur
D2048	information collection systeme indexation requete index inverse document algorithme recherche
D2049	resultat index requete indexation algorithme
D2050	resultat systeme inverse classement moteur
D2051	requete collection recherche inverse rappel information index document indexation systeme
D2052	pertinent collection information moteur recherche precision indexation classement terme document
D2053	utilisateur index terme inverse document classement
D2054	systeme requete inverse rappel classement utilisateur web texte indexation pertinent information resultat
D2055	moteur inverse collection recherche requete web
D2056	texte collection indexation resultat requete document classement
D2057	texte indexation collection pertinent information requete algorithme inverse precision resultat rappel
D2058	collection utilisateur terme document requete rappel texte index recherche algorithme
D2059	algorithme inverse terme pertinent document systeme
D2060	collection systeme terme inverse resultat algorithme recherche texte index
D2061	classement indexation rappel pertinent web inverse precision
D2062	resultat requete texte pertinent moteur web information terme
D2063	classement collection web indexation rappel moteur information document index recherche
D2064	precision pertinent systeme resultat texte document recherche utilisateur classement
D2065	web algorithme inverse document systeme
D2066	recherche inverse terme document web collection algorithme systeme
D2067	terme information systeme moteur precision resultat rappel collection texte
D2068	resultat inverse pertinent indexation index moteur texte rappel requete collection terme
D2069	utilisateur precision collection document systeme
D2070	information moteur collection inverse texte algorithme indexation
D2071	moteur rappel indexation inverse pertinent
D2072	requete moteur classement collection precision inverse index resultat
D2073	systeme document pertinent terme utilisateur classement recherche
D2074	requete index document precision algorithme terme moteur pertinent classement
D2075	inverse document information indexation classement systeme rappel terme texte web
D2076	recherche web moteur pertinent resultat utilisateur document index indexation information
D2077	index indexation precision pertinent web document terme utilisateur information recherche requete inverse
D2078	systeme moteur indexation pertinent inverse index utilisateur information
D2079	resultat index systeme web classement information texte recherche indexation document
D2080	classement recherche resultat utilisateur collection web precision systeme rappel information indexation pertinent
D2081	requete systeme terme information recherche
D2082	recherche moteur texte precision inverse requete classement
D2083	index utilisateur collection information indexation
D2084	precision texte resultat algorithme information pertinent terme systeme recherche moteur
D2085	systeme index requete web resultat
D2086	utilisateur document rappel moteur inverse texte index requete resultat information
D2087	document inverse rappel moteur resultat
D2088	document information terme pertinent inverse precision moteur
D2089	information pertinent rappel utilisateur indexation document recherche systeme algorithme requete terme
D2090	collection inverse indexation information index terme systeme
D2091	texte precision pertinent web inverse index
D2092	inverse rappel document classement systeme
D2093	systeme recherche resultat precision utilisateur terme inverse index web document algorithme
D2094	recherche collection moteur document requete
D2095	information classement recherche resultat pertinent index
D2096	requete rappel collection recherche terme information document pertinent
D2097	recherche precision collection document pertinent resultat texte utilisateur information web moteur terme
D2098	requete collection web classement moteur utilisateur index indexation texte rappel
D2099	systeme indexation resultat web classement information
D2100	resultat systeme pertinent precision web texte document index
D2101	algorithme collection texte pertinent moteur systeme index rappel
D2102	resultat rappel inverse recherche collection indexation algorithme pertinent web information texte
D2103	utilisateur information indexation moteur index terme resultat collection precision web classement algorithme
D2104	utilisateur texte algorithme indexation classement index pertinent collection web
D2105	utilisateur pertinent document resultat web
D2106	utilisateur indexation pertinent collection algorithme moteur
D2107	pertinent texte rappel web index resultat classement moteur
D2108	recherche requete texte terme rappel algorithme utilisateur index web resultat inverse systeme
D2109	texte rappel algorithme inverse recherche classement moteur requete
D2110	classement inverse texte algorithme document rappel indexation utilisateur
D2111	moteur pertinent indexation classement information index rappel
D2112	requete document information systeme rappel index collection terme
D2113	algorithme pertinent document resultat indexation rappel requete
D2114	requete classement pertinent precision index recherche information
D2115	resultat algorithme texte information classement indexation
D2116	precision systeme requete classement utilisateur algorithme resultat inverse web collection recherche indexation
D2117	moteur pertinent classement algorithme precision systeme requete
D2118	terme web collection precision pertinent requete utilisateur resultat systeme information recherche
D2119	document classement index terme web algorithme pertinent information rappel resultat texte
D2120	systeme resultat collection rappel algorithme web document
D2121	pertinent web utilisateur algorithme index inverse requete precision information collection rappel
D2122	precision algorithme information texte indexation collection recherche rappel
D2123	recherche classement document web algorithme indexation pertinent texte
D2124	pertinent texte inverse index web resultat information
D2125	document classement precision terme requete utilisateur recherche texte
D2126	utilisateur information inverse classement indexation
D2127	utilisateur collection precision terme inverse indexation algorithme index pertinent rappel
D2128	moteur classement requete index systeme document
D2129	terme pertinent resultat requete document web utilisateur collection texte classement
D2130	rappel document requete classement web resultat algorithme information collection precision
D2131	texte information pertinent systeme inverse utilisateur resultat moteur
D2132	requete pertinent index systeme terme algorithme information indexation rappel resultat
D2133	systeme inverse recherche classement texte
D2134	systeme information web utilisateur collection resultat texte precision requete inverse
D2135	requete information rappel indexation pertinent inverse resultat
D2136	terme document web texte algorithme information pertinent rappel
D2137	index web resultat recherche classement collection document information inverse terme pertinent moteur
D2138	indexation utilisateur moteur systeme precision
D2139	pertinent precision inverse information web terme systeme document collection
D2140	web terme utilisateur recherche pertinent resultat requete information
D2141	utilisateur requete indexation systeme algorithme document terme web recherche
D2142	requete inverse collection recherche utilisateur algorithme index
D2143	document pertinent precision web systeme indexation index moteur recherche utilisateur
D2144	pertinent utilisateur classement collection index algorithme requete resultat precision
D2145	index resultat information terme utilisateur web
D2146	utilisateur terme document information indexation index web
D2147	document recherche index terme texte indexation
D2148	indexation algorithme systeme information rappel pertinent inverse index collection
D2149	web algorithme systeme indexation precision utilisateur classement pertinent texte requete index
D2150	algorithme requete document rappel index utilisateur
D2151	systeme inverse utilisateur moteur requete
D2152	utilisateur recherche texte web indexation requete collection
D2153	requete web index rappel utilisateur terme systeme algorithme
D2154	inverse requete index classement collection information precision algorithme
D2155	web requete information precision systeme texte resultat indexation moteur document collection
D2156	rappel indexation texte moteur terme algorithme recherche inverse
D2157	index terme recherche collection indexation texte web requete algorithme
D2158	systeme requete classement recherche inverse utilisateur index texte resultat web
D2159	terme index systeme pertinent classement algorithme indexation recherche moteur
D2160	pertinent rappel precision index recherche classement texte utilisateur web indexation moteur document
D2161	index requete utilisateur texte precision algorithme systeme web inverse rappel resultat moteur
D2162	recherche web pertinent resultat systeme algorithme precision index utilisateur classement information moteur
D2163	document systeme recherche index requete texte collection inverse information indexation precision resultat
D2164	web systeme terme recherche rappel information requete collection algorithme index
D2165	pertinent texte classement utilisateur requete
D2166	index utilisateur systeme collection web algorithme requete
D2167	recherche requete terme systeme rappel texte index web collection utilisateur
D2168	classement terme utilisateur information moteur web collection resultat
D2169	indexation rappel web document classement algorithme collection requete utilisateur
D2170	terme resultat pertinent utilisateur information web document
D2171	information inverse rappel terme classement index collection document resultat moteur
D2172	web inverse precision utilisateur algorithme texte
D2173	rappel information texte index terme requete indexation pertinent recherche algorithme collection
D2174	moteur resultat rappel texte terme information
D2175	recherche utilisateur precision collection moteur resultat web rappel
D2176	resultat collection precision texte classement recherche pertinent index indexation rappel document systeme
D2177	web index requete utilisateur precision pertinent terme classement
D2178	texte precision systeme inverse algorithme information requete resultat terme
D2179	index inverse collection resultat web information algorithme
D2180	resultat inverse pertinent systeme utilisateur
D2181	collection resultat algorithme web indexation terme index document precision
D2182	texte resultat rappel terme information requete utilisateur algorithme
D2183	classement requete systeme collection algorithme terme moteur resultat pertinent web rappel indexation
D2184	algorithme collection index resultat precision texte moteur
D2185	inverse classement texte resultat web
D2186	utilisateur recherche requete moteur algorithme web inverse index resultat indexation information precision
D2187	collection index utilisateur document precision indexation texte inverse pertinent terme systeme recherche
D2188	information systeme requete algorithme web
D2189	texte collection precision moteur inverse algorithme rappel resultat web indexation
D2190	precision terme web collection inverse indexation document pertinent
D2191	web systeme information recherche rappel moteur inverse
D2192	algorithme document systeme information inverse
D2193	algorithme collection web document precision utilisateur systeme texte resultat
D2194	terme document algorithme pertinent systeme requete precision collection inverse moteur index
D2195	document utilisateur algorithme classement resultat index information requete terme collection precision
D2196	recherche requete resultat web texte terme rappel classement index algorithme document systeme
D2197	moteur collection texte terme algorithme recherche requete precision utilisateur information
D2198	indexation inverse algorithme recherche systeme utilisateur collection document rappel
D2199	utilisateur recherche terme requete classement rappel pertinent systeme precision index document
D2200	document requete information collection systeme pertinent rappel
D2201	texte information utilisateur classement rappel inverse web pertinent systeme requete precision
D2202	requete resultat precision terme indexation moteur
D2203	utilisateur systeme moteur recherche index indexation algorithme rappel texte information precision document
D2204	precision classement inverse collection document requete systeme terme
D2205	web utilisateur classement rappel algorithme information pertinent resultat systeme indexation texte
D2206	recherche moteur collection precision rappel pertinent algorithme index
D2207	rappel document collection index systeme terme algorithme classement information inverse
D2208	terme information precision utilisateur document resultat classement requete index indexation
D2209	precision pertinent texte resultat collection rappel utilisateur document algorithme requete
D2210	pertinent algorithme inverse utilisateur document requete collection texte
D2211	information index rappel document requete
D2212	index requete moteur indexation utilisateur resultat document information collection classement precision
D2213	inverse information pertinent indexation document requete precision classement systeme rappel moteur algorithme
D2214	utilisateur texte document index inverse information
D2215	collection systeme index information document indexation pertinent recherche web texte
D2216	utilisateur recherche resultat rappel document terme collection information algorithme
D2217	collection rappel utilisateur terme precision inverse index systeme texte web pertinent
D2218	terme utilisateur pertinent indexation rappel document index algorithme texte
D2219	terme moteur information web utilisateur systeme rappel classement collection
D2220	recherche web pertinent texte precision collection
D2221	recherche information precision moteur indexation terme
D2222	moteur pertinent texte systeme web classement requete document rappel
D2223	classement collection texte indexation rappel web
D2224	moteur recherche precision index requete inverse utilisateur texte collection information algorithme
D2225	collection algorithme inverse moteur systeme
D2226	moteur systeme rappel resultat information collection pertinent document texte recherche terme inverse
D2227	rappel terme classement moteur requete texte pertinent systeme inverse
D2228	moteur collection document utilisateur terme rappel
D2229	terme precision recherche moteur texte
D2230	texte information utilisateur recherche indexation
D2231	requete recherche web collection utilisateur resultat inverse
D2232	resultat texte terme information recherche moteur web precision rappel
D2233	web texte requete index information classement precision indexation terme algorithme
D2234	moteur inverse precision classement resultat collection index indexation web utilisateur terme
D2235	document index texte information web terme systeme classement
D2236	document pertinent index texte recherche
D2237	classement algorithme requete resultat document texte utilisateur web recherche
D2238	precision recherche index terme pertinent texte collection web
D2239	precision algorithme terme inverse indexation collection utilisateur moteur texte
D2240	algorithme pertinent requete resultat information indexation
D2241	utilisateur resultat moteur inverse collection algorithme information classement
D2242	classement index information terme inverse document precision collection algorithme systeme recherche
D2243	precision systeme texte algorithme web classement rappel indexation index
D2244	algorithme indexation collection systeme precision requete document
D2245	pertinent precision index moteur inverse
D2246	index information web precision terme systeme requete collection moteur classement
D2247	classement web systeme precision recherche utilisateur index moteur indexation requete pertinent
D2248	requete systeme terme classement rappel document information pertinent indexation precision texte web
D2249	terme collection systeme indexation classement moteur requete algorithme inverse resultat information utilisateur
D2250	precision texte indexation web resultat rappel algorithme information collection
D2251	systeme classement web requete terme pertinent
D2252	systeme web collection terme document texte indexation resultat precision
D2253	utilisateur pertinent texte resultat web algorithme collection recherche rappel systeme precision
D2254	precision indexation information pertinent texte classement systeme recherche rappel algorithme
D2255	moteur indexation requete systeme precision rappel classement texte resultat pertinent web document
D2256	texte web rappel information requete index terme collection recherche precision classement systeme
D2257	recherche index algorithme utilisateur systeme information web indexation pertinent
D2258	inverse collection precision texte rappel algorithme systeme information indexation resultat moteur utilisateur
D2259	recherche collection inverse moteur texte systeme utilisateur index rappel precision classement
D2260	classement moteur information terme index systeme collection
D2261	systeme algorithme document pertinent moteur collection requete indexation index
D2262	moteur precision collection information indexation algorithme classement web rappel terme pertinent requete
D2263	recherche classement resultat terme precision requete document information
D2264	texte indexation web requete index utilisateur algorithme
D2265	classement precision requete utilisateur texte recherche inverse rappel algorithme resultat web
D2266	document algorithme pertinent precision systeme inverse resultat indexation texte information
D2267	algorithme requete utilisateur pertinent rappel classement texte
D2268	terme index pertinent web requete utilisateur classement
D2269	precision inverse systeme terme classement moteur algorithme
D2270	web collection texte terme information inverse recherche indexation rappel moteur utilisateur precision
D2271	utilisateur inverse web classement precision information indexation index
D2272	moteur recherche requete information classement index collection
D2273	utilisateur pertinent collection index rappel systeme inverse web
D2274	information systeme pertinent rappel terme classement
D2275	resultat systeme inverse utilisateur requete pertinent terme information web
D2276	rappel classement moteur indexation collection precision inverse requete resultat
D2277	requete pertinent inverse terme systeme precision collection resultat rappel moteur information
D2278	rappel terme collection resultat index utilisateur algorithme indexation document pertinent systeme
D2279	collection systeme rappel recherche algorithme inverse classement utilisateur moteur resultat
D2280	precision pertinent web texte information document systeme requete moteur terme
D2281	index web indexation inverse systeme collection
D2282	resultat recherche utilisateur algorithme systeme information moteur index rappel
D2283	pertinent requete classement rappel inverse moteur information algorithme indexation collection utilisateur terme
D2284	precision index classement utilisateur collection
D2285	information pertinent resultat recherche index utilisateur web classement systeme precision collection
D2286	collection recherche information pertinent resultat systeme algorithme index inverse utilisateur moteur web
D2287	rappel web indexation precision terme systeme classement information index document texte resultat
D2288	rappel algorithme web resultat texte terme pertinent indexation
D2289	web classement inverse collection precision algorithme requete utilisateur
D2290	information classement systeme resultat moteur document requete web pertinent algorithme rappel
D2291	inverse collection pertinent index recherche information moteur rappel
D2292	systeme resultat utilisateur indexation classement
D2293	systeme inverse web texte algorithme indexation classement collection precision
D2294	resultat document requete precision recherche pertinent collection texte terme classement web
D2295	inverse collection web algorithme moteur index rappel recherche requete document indexation terme
D2296	inverse classement requete document moteur resultat rappel texte web index terme
D2297	document moteur algorithme index indexation information
D2298	indexation terme systeme texte document resultat information utilisateur inverse
D2299	terme utilisateur texte systeme resultat moteur precision
D2300	texte collection index indexation algorithme terme web precision moteur
D2301	document pertinent precision algorithme terme information rappel index inverse
D2302	precision recherche terme moteur information pertinent requete rappel
D2303	algorithme index resultat web utilisateur texte
D2304	rappel requete classement document algorithme index
D2305	indexation recherche document requete inverse pertinent resultat
D2306	requete information pertinent rappel indexation inverse document systeme precision index
D2307	index recherche precision classement texte
D2308	resultat classement information recherche web terme systeme inverse index
D2309	rappel inverse resultat texte moteur collection
D2310	recherche classement web algorithme document terme index precision information inverse
D2311	information utilisateur rappel precision texte requete recherche
D2312	pertinent precision texte inverse information systeme web terme document
D2313	utilisateur terme texte requete web inverse moteur information systeme collection rappel
D2314	information terme inverse recherche texte classement moteur resultat utilisateur precision collection
D2315	recherche inverse utilisateur moteur terme web classement information collection rappel algorithme systeme
D2316	rappel document collection pertinent index classement
D2317	algorithme texte resultat recherche rappel moteur document
D2318	terme inverse document algorithme texte collection
D2319	terme indexation texte recherche moteur document information
D2320	algorithme recherche rappel precision resultat indexation texte moteur requete systeme document
D2321	index collection rappel inverse utilisateur pertinent terme classement
D2322	recherche web collection resultat inverse precision
D2323	document classement utilisateur terme requete index rappel pertinent collection indexation
D2324	recherche indexation document utilisateur information resultat
D2325	moteur rappel inverse index document utilisateur
D2326	collection precision classement recherche inverse indexation texte web utilisateur rappel
D2327	classement systeme document algorithme recherche pertinent
D2328	collection web precision resultat information
D2329	document moteur requete texte recherche indexation information index algorithme
D2330	rappel algorithme terme index inverse classement precision requete
D2331	pertinent rappel resultat texte algorithme inverse web terme index
D2332	recherche texte requete inverse utilisateur
D2333	algorithme resultat inverse document classement texte pertinent recherche web collection
D2334	requete algorithme web resultat terme precision texte
D2335	requete terme pertinent recherche utilisateur systeme moteur resultat precision classement web inverse
D2336	pertinent rappel document collection texte recherche web indexation
D2337	indexation classement information resultat collection web utilisateur algorithme moteur
D2338	web pertinent algorithme rappel information inverse utilisateur resultat index moteur texte indexation
D2339	collection web terme resultat moteur requete utilisateur texte inverse
D2340	indexation texte index utilisateur terme moteur classement
D2341	index algorithme recherche precision requete
D2342	precision collection web recherche rappel index algorithme utilisateur classement texte document
D2343	document index precision moteur web texte requete inverse recherche utilisateur resultat
D2344	resultat systeme collection algorithme information texte terme pertinent utilisateur rappel index document
D2345	inverse classement resultat indexation rappel information terme texte algorithme recherche systeme
D2346	collection pertinent moteur web indexation document terme texte
D2347	web rappel indexation utilisateur index
D2348	inverse index systeme information moteur pertinent utilisateur
D2349	requete systeme texte recherche rappel web collection precision
D2350	algorithme requete inverse recherche texte utilisateur indexation terme document pertinent web
D2351	rappel texte terme moteur utilisateur information document requete indexation pertinent inverse recherche
D2352	texte requete algorithme precision terme
D2353	rappel classement terme inverse pertinent information utilisateur systeme requete
D2354	requete indexation collection rappel utilisateur
D2355	precision recherche terme inverse resultat index texte
D2356	moteur collection terme recherche classement requete web index resultat
D2357	rappel texte recherche indexation information pertinent collection utilisateur document web classement resultat
D2358	classement information document terme texte index
D2359	algorithme systeme moteur classement precision document requete inverse
D2360	document requete indexation utilisateur collection texte index systeme
D2361	classement algorithme texte utilisateur precision information
D2362	recherche inverse index indexation systeme algorithme classement web precision information texte
D2363	precision classement utilisateur terme document algorithme recherche
D2364	indexation recherche document classement collection moteur systeme
D2365	document texte requete precision classement utilisateur systeme terme collection
D2366	information requete texte web moteur precision
D2367	terme recherche pertinent collection indexation index systeme web utilisateur inverse moteur precision
D2368	information inverse texte systeme classement requete rappel
D2369	utilisateur rappel index algorithme recherche systeme indexation requete inverse document
D2370	rappel index texte recherche web precision systeme information
D2371	terme resultat moteur inverse rappel index precision information classement
D2372	precision pertinent resultat recherche algorithme indexation systeme collection information utilisateur
D2373	classement systeme moteur recherche rappel indexation information utilisateur document precision web
D2374	rappel collection moteur inverse precision algorithme document
D2375	recherche requete index classement terme algorithme document utilisateur information indexation resultat precision
D2376	pertinent document web index resultat information moteur utilisateur algorithme recherche
D2377	terme resultat utilisateur pertinent rappel algorithme document moteur requete inverse precision index
D2378	texte moteur collection document inverse rappel information
D2379	utilisateur algorithme classement resultat inverse texte terme
D2380	resultat classement indexation requete utilisateur pertinent terme moteur systeme web rappel
D2381	systeme resultat precision classement indexation utilisateur web index rappel
D2382	pertinent terme texte utilisateur inverse resultat requete algorithme rappel recherche document collection
D2383	requete rappel recherche utilisateur moteur classement inverse precision
D2384	information recherche systeme utilisateur algorithme precision rappel index collection indexation inverse
D2385	classement web moteur utilisateur indexation index resultat collection
D2386	moteur collection requete systeme information pertinent index
D2387	information document requete systeme pertinent terme indexation algorithme
D2388	inverse pertinent algorithme resultat indexation web document index moteur information collection systeme
D2389	web algorithme recherche rappel document requete moteur classement utilisateur pertinent
D2390	terme precision requete resultat utilisateur document algorithme classement
D2391	terme web algorithme classement precision texte information indexation
D2392	systeme recherche indexation rappel web texte document collection
D2393	resultat inverse texte terme recherche classement collection pertinent document
D2394	algorithme information systeme web utilisateur
D2395	web document utilisateur rappel moteur inverse requete resultat pertinent indexation terme classement
D2396	utilisateur indexation inverse pertinent texte
D2397	systeme moteur information web resultat indexation texte algorithme utilisateur pertinent collection terme
D2398	inverse algorithme texte recherche requete indexation web pertinent collection
D2399	collection indexation precision classement inverse algorithme rappel
D2400	inverse precision pertinent systeme algorithme recherche classement rappel
D2401	terme inverse index information indexation pertinent rappel moteur precision
D2402	moteur utilisateur classement requete recherche terme algorithme
D2403	index resultat indexation information inverse pertinent rappel recherche web precision
D2404	information moteur inverse algorithme terme systeme web recherche rappel resultat indexation
D2405	terme rappel classement information requete systeme collection recherche moteur document
D2406	utilisateur terme texte systeme document information precision
D2407	collection systeme document moteur terme pertinent requete
D2408	classement precision document rappel inverse
D2409	recherche collection inverse utilisateur requete resultat texte information precision rappel
D2410	terme classement systeme collection algorithme information
D2411	web inverse indexation precision moteur classement index pertinent recherche systeme information
D2412	moteur document rappel collection web pertinent indexation algorithme recherche precision inverse
D2413	document terme information utilisateur moteur recherche indexation precision requete algorithme index
D2414	web resultat algorithme document utilisateur pertinent terme rappel collection index
D2415	precision information algorithme pertinent rappel
D2416	utilisateur web pertinent information index systeme
D2417	classement precision algorithme rappel pertinent requete utilisateur
D2418	information requete texte pertinent rappel precision algorithme web
D2419	web precision classement collection document requete
D2420	web information collection algorithme texte indexation index classement requete rappel
D2421	texte classement indexation precision information recherche inverse
D2422	classement indexation recherche pertinent utilisateur inverse document
D2423	resultat index collection web utilisateur recherche inverse requete
D2424	recherche rappel inverse information texte utilisateur algorithme requete
D2425	pertinent requete collection utilisateur index classement inverse information moteur resultat
D2426	requete algorithme information web texte systeme resultat collection index inverse indexation rappel
D2427	classement pertinent document web utilisateur indexation index recherche resultat terme
D2428	texte index utilisateur inverse document requete recherche terme systeme precision
D2429	algorithme moteur recherche information systeme indexation requete resultat
D2430	terme index inverse classement precision rappel texte pertinent recherche systeme web
D2431	texte classement rappel algorithme pertinent utilisateur
D2432	web pertinent collection utilisateur classement terme document
D2433	pertinent moteur requete information algorithme
D2434	utilisateur terme algorithme recherche information indexation moteur systeme precision requete
D2435	algorithme systeme rappel index classement
D2436	resultat inverse precision rappel classement document moteur index information texte pertinent
D2437	index utilisateur inverse precision rappel
D2438	recherche systeme document utilisateur inverse
D2439	indexation utilisateur inverse recherche classement collection resultat moteur information rappel
D2440	terme requete web texte moteur algorithme utilisateur inverse collection pertinent indexation
D2441	precision texte indexation moteur terme document
D2442	terme texte information recherche indexation document pertinent precision resultat web moteur algorithme
D2443	texte resultat algorithme pertinent indexation classement information terme rappel requete
D2444	requete pertinent precision indexation recherche
D2445	document web texte algorithme information collection requete rappel classement systeme
D2446	algorithme moteur classement precision utilisateur texte systeme inverse
D2447	algorithme rappel texte index web
D2448	terme moteur classement texte systeme web
D2449	utilisateur systeme moteur recherche rappel document texte classement collection
D2450	requete rappel algorithme texte index collection information
D2451	resultat inverse systeme document utilisateur indexation recherche pertinent
D2452	pertinent rappel information moteur texte terme
D2453	algorithme pertinent requete systeme inverse terme utilisateur index recherche texte information
D2454	requete resultat document precision pertinent
D2455	algorithme moteur terme texte systeme resultat
D2456	classement web rappel index utilisateur information recherche pertinent moteur
D2457	requete document index algorithme pertinent information
D2458	utilisateur recherche terme document inverse precision
D2459	pertinent resultat recherche utilisateur precision inverse rappel requete indexation index
D2460	algorithme requete information texte resultat
D2461	utilisateur precision resultat algorithme index information
D2462	index pertinent requete collection texte
D2463	terme classement moteur rappel resultat indexation systeme inverse utilisateur
D2464	information resultat requete recherche inverse pertinent web classement moteur
D2465	systeme algorithme precision resultat recherche utilisateur pertinent web rappel
D2466	inverse texte utilisateur document indexation web
D2467	utilisateur document recherche texte rappel pertinent algorithme index inverse indexation resultat
D2468	rappel information collection classement texte pertinent
D2469	information document recherche texte terme moteur
D2470	pertinent indexation terme inverse texte recherche index moteur resultat collection classement
D2471	utilisateur precision texte resultat systeme algorithme requete index terme collection classement web
D2472	precision requete systeme document resultat recherche terme pertinent index
D2473	recherche information resultat rappel systeme texte
D2474	resultat classement inverse algorithme terme utilisateur
D2475	systeme index algorithme information resultat requete precision web texte
D2476	pertinent algorithme web information precision moteur utilisateur recherche document classement resultat rappel
D2477	document collection terme web resultat moteur pertinent precision texte
D2478	algorithme web terme collection indexation pertinent utilisateur information inverse
D2479	index inverse collection algorithme recherche
D2480	utilisateur algorithme indexation texte precision
D2481	index texte pertinent classement resultat rappel information inverse precision utilisateur
D2482	web moteur requete precision classement collection resultat document pertinent
D2483	precision texte terme inverse moteur web systeme rappel index requete
D2484	document requete systeme inverse algorithme utilisateur pertinent texte information precision resultat index
D2485	information web recherche collection precision requete terme systeme inverse pertinent indexation classement
D2486	pertinent systeme texte moteur terme recherche index
D2487	collection requete texte utilisateur rappel pertinent web precision
D2488	recherche pertinent utilisateur terme collection inverse systeme algorithme rappel texte moteur document
D2489	pertinent rappel texte algorithme moteur indexation resultat document utilisateur terme recherche web
D2490	systeme indexation texte information recherche
D2491	document pertinent information systeme terme
D2492	document web systeme resultat index requete moteur texte algorithme utilisateur precision
D2493	moteur document inverse recherche information terme
D2494	index precision utilisateur texte information algorithme terme
D2495	classement moteur index rappel document recherche algorithme terme web requete information
D2496	resultat inverse web collection terme precision index information utilisateur document classement texte
D2497	moteur recherche web index document requete collection
D2498	utilisateur pertinent classement texte document terme resultat web collection algorithme recherche
D2499	index web requete pertinent algorithme utilisateur precision
D2500	precision index terme document web classement inverse algorithme moteur recherche pertinent
D2501	inverse algorithme document systeme indexation classement rappel
D2502	texte resultat pertinent indexation systeme algorithme utilisateur
D2503	resultat algorithme requete terme indexation systeme document classement
D2504	systeme web requete rappel utilisateur terme precision
D2505	inverse web rappel algorithme pertinent precision information resultat moteur
D2506	inverse information web requete recherche utilisateur collection precision
D2507	terme rappel classement algorithme document
D2508	terme collection information texte indexation precision inverse requete web utilisateur
D2509	indexation collection pertinent moteur recherche
D2510	texte inverse resultat indexation pertinent index document collection rappel
D2511	recherche index moteur algorithme terme requete rappel information resultat systeme document
D2512	collection algorithme classement resultat inverse systeme rappel texte utilisateur pertinent
D2513	classement algorithme terme collection document utilisateur rappel systeme moteur inverse
D2514	document systeme algorithme classement index precision inverse recherche pertinent
D2515	moteur collection texte resultat web information precision document indexation requete systeme
D2516	index systeme recherche rappel information indexation algorithme
D2517	information precision moteur indexation requete terme classement document
D2518	inverse indexation pertinent information classement terme collection requete texte rappel precision document
D2519	inverse web collection utilisateur rappel document resultat recherche systeme algorithme texte information
D2520	recherche rappel utilisateur moteur classement precision web terme information index document inverse
D2521	index texte terme document indexation utilisateur collection web classement algorithme rappel
D2522	recherche systeme collection document information requete
D2523	systeme utilisateur rappel requete moteur document
D2524	indexation index information recherche algorithme classement precision inverse document collection pertinent
D2525	information moteur precision inverse recherche collection pertinent terme algorithme texte
D2526	requete index resultat terme algorithme utilisateur information
D2527	algorithme moteur rappel recherche pertinent web index collection resultat classement information
D2528	web texte rappel classement utilisateur recherche pertinent systeme resultat moteur indexation
D2529	requete document recherche texte pertinent index resultat moteur utilisateur
D2530	recherche systeme rappel utilisateur precision texte collection indexation requete algorithme information resultat
D2531	classement web utilisateur moteur algorithme systeme
D2532	precision recherche moteur utilisateur pertinent information indexation
D2533	terme recherche web rappel pertinent
D2534	pertinent terme indexation algorithme collection document classement systeme
D2535	moteur rappel information terme index inverse precision
D2536	utilisateur inverse collection requete information rappel web resultat moteur algorithme index document
D2537	index collection information pertinent document rappel indexation texte classement web
D2538	precision web indexation resultat systeme collection requete algorithme texte document
D2539	information inverse document resultat requete classement utilisateur recherche pertinent texte moteur
D2540	rappel precision recherche classement pertinent web requete index information moteur
D2541	indexation inverse collection terme utilisateur precision rappel
D2542	systeme indexation information terme collection utilisateur index inverse algorithme texte
D2543	systeme document pertinent index resultat utilisateur texte requete rappel recherche moteur indexation
D2544	web moteur resultat requete terme texte systeme classement information collection index recherche
D2545	precision algorithme resultat information pertinent rappel indexation terme document collection
D2546	index systeme texte precision rappel recherche
D2547	precision index requete resultat web
D2548	moteur precision algorithme inverse recherche terme
D2549	requete texte pertinent rappel inverse collection web utilisateur algorithme terme classement document
D2550	pertinent terme texte information inverse systeme requete algorithme classement web rappel indexation
D2551	precision collection rappel systeme texte requete terme
D2552	rappel requete inverse resultat texte collection
D2553	information algorithme recherche rappel classement pertinent inverse utilisateur
D2554	systeme algorithme utilisateur requete terme inverse classement web texte
D2555	utilisateur requete pertinent information resultat index systeme document collection
D2556	moteur texte terme utilisateur inverse systeme algorithme classement indexation precision information
D2557	recherche requete inverse terme index resultat utilisateur algorithme indexation precision web
D2558	resultat algorithme web collection terme
D2559	precision inverse classement terme web systeme texte requete information index algorithme rappel
D2560	index utilisateur information classement systeme recherche inverse terme texte
D2561	resultat systeme texte pertinent index indexation
D2562	recherche classement precision index texte
D2563	moteur index algorithme precision terme systeme recherche
D2564	index web terme moteur rappel classement texte recherche
D2565	inverse document moteur texte terme pertinent algorithme
D2566	inverse terme algorithme pertinent utilisateur classement systeme document moteur resultat recherche precision
D2567	moteur inverse requete classement precision information systeme
D2568	systeme terme information inverse collection indexation resultat web classement precision recherche
D2569	information systeme web pertinent classement moteur algorithme
D2570	web utilisateur requete collection rappel texte inverse resultat
D2571	pertinent indexation systeme inverse document terme classement precision resultat recherche index
D2572	recherche resultat texte pertinent moteur document web algorithme requete terme
D2573	recherche collection texte utilisateur precision index requete algorithme
D2574	inverse recherche requete collection precision indexation texte resultat utilisateur web
D2575	moteur web index terme algorithme
D2576	classement systeme algorithme utilisateur index
D2577	moteur classement web index information systeme terme precision
D2578	recherche precision indexation inverse texte
D2579	moteur web recherche indexation precision document rappel utilisateur inverse classement terme
D2580	texte pertinent resultat information web
D2581	recherche document terme pertinent indexation systeme resultat precision utilisateur texte moteur collection
D2582	resultat web classement indexation pertinent
D2583	indexation document rappel index inverse texte terme pertinent utilisateur web information
D2584	algorithme texte moteur pertinent recherche web indexation
D2585	recherche classement document indexation precision resultat index systeme
D2586	rappel moteur algorithme precision inverse
D2587	resultat requete indexation systeme information rappel moteur utilisateur algorithme precision inverse collection
D2588	indexation rappel moteur information texte pertinent document web collection terme requete recherche
D2589	indexation web rappel information utilisateur moteur
D2590	web collection precision terme moteur algorithme classement inverse index recherche utilisateur
D2591	recherche web requete resultat moteur collection terme classement indexation document precision
D2592	index resultat rappel algorithme requete inverse precision classement texte moteur recherche web
D2593	systeme requete web terme classement
D2594	resultat information web document moteur systeme utilisateur requete texte rappel inverse precision
D2595	moteur texte precision information systeme requete algorithme document index
D2596	texte requete pertinent resultat recherche classement
D2597	index classement document precision web recherche indexation systeme collection texte
D2598	index document texte rappel utilisateur
D2599	algorithme collection document moteur resultat utilisateur requete pertinent information rappel precision terme
D2600	inverse collection requete document texte classement recherche information utilisateur algorithme
D2601	systeme rappel requete recherche resultat precision
D2602	classement recherche precision texte systeme web
D2603	collection indexation information classement resultat terme
D2604	information classement utilisateur systeme rappel pertinent
D2605	web rappel collection resultat texte inverse algorithme document
D2606	web document information terme algorithme rappel recherche utilisateur systeme
D2607	classement information pertinent systeme collection
D2608	indexation recherche collection information moteur
D2609	utilisateur algorithme classement indexation inverse collection terme systeme document recherche
D2610	recherche indexation classement collection rappel moteur
D2611	terme inverse web systeme resultat collection moteur rappel document indexation classement index
D2612	indexation information utilisateur document texte moteur algorithme systeme collection
D2613	resultat utilisateur information collection document systeme pertinent web
D2614	systeme inverse resultat web texte collection utilisateur classement terme precision algorithme index
D2615	texte recherche precision terme rappel inverse
D2616	resultat utilisateur information collection algorithme classement
D2617	precision systeme document requete algorithme utilisateur resultat recherche classement texte pertinent
D2618	precision texte indexation utilisateur information terme rappel inverse moteur collection
D2619	recherche algorithme rappel web index document moteur indexation pertinent texte
D2620	resultat algorithme pertinent rappel precision information collection
D2621	precision collection document requete web
D2622	precision rappel terme inverse indexation information pertinent classement utilisateur index resultat
D2623	information resultat index requete recherche algorithme texte classement
D2624	moteur web requete systeme collection utilisateur inverse
D2625	recherche terme algorithme utilisateur indexation web precision
D2626	rappel pertinent moteur document utilisateur inverse terme systeme classement requete texte resultat
D2627	texte recherche utilisateur indexation inverse resultat classement information web
D2628	classement indexation document requete web information inverse rappel systeme
D2629	rappel information requete collection moteur utilisateur web document index inverse
D2630	systeme precision algorithme resultat rappel inverse indexation moteur texte web requete
D2631	resultat utilisateur document inverse requete recherche information algorithme rappel
D2632	web recherche terme systeme indexation collection inverse classement
D2633	algorithme index requete texte inverse rappel
D2634	pertinent moteur requete precision utilisateur
D2635	classement inverse web collection rappel information resultat indexation index
D2636	moteur systeme inverse information resultat recherche terme index indexation utilisateur algorithme
D2637	terme inverse pertinent texte information
D2638	moteur resultat utilisateur inverse precision recherche pertinent
D2639	indexation classement document web systeme moteur resultat inverse algorithme index pertinent information
D2640	moteur document index recherche classement requete
D2641	rappel classement systeme information texte index precision
D2642	utilisateur collection precision terme texte index pertinent indexation resultat classement
D2643	document precision recherche indexation algorithme classement systeme information web
D2644	web algorithme information terme requete index utilisateur collection systeme classement moteur
D2645	rappel precision indexation utilisateur resultat classement recherche
D2646	moteur information inverse document rappel web terme precision utilisateur requete
D2647	document indexation index algorithme recherche pertinent web rappel texte requete collection moteur
D2648	resultat classement rappel texte moteur index requete
D2649	indexation classement moteur precision resultat collection index recherche algorithme pertinent
D2650	recherche precision classement resultat inverse web moteur
D2651	document recherche web indexation inverse rappel pertinent moteur terme collection precision utilisateur
D2652	inverse terme web indexation index algorithme document texte systeme collection recherche utilisateur
D2653	terme index systeme precision collection classement utilisateur inverse pertinent
D2654	moteur resultat inverse systeme indexation
D2655	resultat recherche utilisateur indexation requete algorithme texte collection document precision
D2656	terme utilisateur web precision inverse algorithme texte classement rappel systeme
D2657	utilisateur pertinent algorithme web classement
D2658	collection algorithme web utilisateur texte rappel
D2659	inverse precision texte terme rappel utilisateur recherche moteur classement requete collection index
D2660	inverse index indexation rappel document collection classement moteur requete utilisateur precision terme
D2661	resultat recherche algorithme web indexation pertinent terme utilisateur moteur classement texte collection
D2662	web requete information classement systeme recherche terme
D2663	index information document moteur algorithme pertinent web resultat utilisateur requete
D2664	pertinent inverse precision classement document
D2665	moteur rappel inverse algorithme collection index requete utilisateur recherche indexation web
D2666	information rappel recherche pertinent collection web
D2667	index resultat requete systeme terme precision inverse recherche
D2668	resultat classement indexation precision systeme information rappel
D2669	collection web systeme resultat utilisateur indexation inverse precision classement texte rappel
D2670	collection recherche terme rappel inverse systeme precision index document utilisateur
D2671	resultat pertinent utilisateur precision collection systeme
D2672	document rappel inverse collection indexation precision classement systeme resultat
D2673	moteur information resultat precision indexation texte rappel algorithme index terme
D2674	pertinent document indexation algorithme utilisateur web rappel inverse moteur collection
D2675	moteur information index algorithme systeme inverse terme rappel utilisateur classement
D2676	index recherche precision moteur utilisateur algorithme pertinent collection indexation terme web document
D2677	indexation utilisateur algorithme recherche systeme rappel
D2678	web inverse utilisateur recherche requete information document texte
D2679	rappel information collection indexation systeme inverse
D2680	algorithme systeme information recherche utilisateur resultat web inverse classement moteur
D2681	moteur inverse systeme terme utilisateur index
D2682	document rappel systeme pertinent index
D2683	inverse requete precision collection classement information pertinent web utilisateur
D2684	indexation resultat web rappel document classement inverse pertinent moteur algorithme information
D2685	moteur recherche indexation document index requete
D2686	inverse information document utilisateur precision requete
D2687	indexation precision information algorithme document
D2688	web utilisateur collection indexation index information systeme algorithme resultat terme texte
D2689	precision moteur document index systeme
D2690	texte rappel index pertinent resultat document precision systeme algorithme terme
D2691	classement information utilisateur document systeme algorithme recherche terme pertinent requete rappel
D2692	systeme pertinent precision classement utilisateur recherche
D2693	recherche pertinent inverse index indexation systeme texte algorithme moteur collection
D2694	web recherche classement document requete resultat rappel inverse index indexation
D2695	classement resultat collection moteur rappel
D2696	moteur inverse document texte index information classement recherche pertinent terme algorithme requete
D2697	document information terme resultat recherche pertinent
D2698	index information web texte resultat recherche classement indexation utilisateur collection moteur
D2699	systeme texte algorithme inverse moteur rappel pertinent web collection precision recherche
D2700	classement pertinent terme precision recherche
D2701	algorithme classement document requete information
D2702	index inverse indexation systeme utilisateur pertinent web recherche precision rappel requete
D2703	utilisateur systeme rappel precision index algorithme terme document pertinent inverse indexation recherche
D2704	indexation moteur precision terme algorithme rappel systeme requete web classement collection utilisateur
D2705	index pertinent web recherche systeme resultat
D2706	precision indexation inverse web classement requete resultat pertinent systeme
D2707	index texte systeme moteur inverse requete recherche web precision pertinent rappel collection
D2708	collection precision utilisateur web algorithme resultat texte moteur requete index inverse classement
D2709	texte inverse classement document moteur recherche
D2710	inverse pertinent resultat terme collection rappel document utilisateur systeme classement index
D2711	pertinent requete collection precision utilisateur
D2712	precision pertinent algorithme requete systeme
D2713	collection resultat indexation pertinent utilisateur systeme
D2714	texte document algorithme web systeme information resultat moteur
D2715	recherche index texte document precision requete utilisateur classement algorithme systeme indexation
D2716	terme requete texte collection algorithme document precision index classement pertinent
D2717	precision requete inverse classement resultat information moteur texte recherche pertinent web
D2718	terme requete systeme collection web texte index recherche resultat
D2719	recherche document algorithme web moteur rappel inverse texte
D2720	inverse precision texte classement requete terme document
D2721	resultat index texte precision inverse requete
D2722	information algorithme terme resultat recherche texte utilisateur pertinent moteur classement
D2723	web collection information pertinent document precision
D2724	requete recherche inverse systeme precision classement moteur pertinent collection rappel terme
D2725	recherche web indexation classement terme
D2726	pertinent utilisateur indexation collection requete moteur algorithme precision index texte
D2727	utilisateur moteur document classement collection web index rappel inverse indexation
D2728	precision recherche algorithme pertinent web resultat collection
D2729	resultat index requete utilisateur systeme precision
D2730	terme algorithme indexation inverse systeme classement information index collection
D2731	rappel inverse indexation web requete resultat collection classement
D2732	document information algorithme systeme resultat recherche inverse requete rappel precision utilisateur moteur
D2733	resultat texte document inverse information web moteur algorithme utilisateur systeme
D2734	document utilisateur indexation inverse terme collection rappel texte systeme
D2735	index classement indexation algorithme collection web systeme terme
D2736	algorithme rappel pertinent index information resultat document precision indexation texte moteur inverse
D2737	pertinent document terme precision moteur resultat collection web information requete inverse recherche
D2738	document recherche classement pertinent precision index information web moteur
D2739	requete systeme texte document pertinent utilisateur web algorithme classement recherche resultat
D2740	collection utilisateur indexation algorithme classement pertinent systeme texte terme requete web rappel
D2741	inverse classement algorithme utilisateur rappel systeme recherche
D2742	classement rappel algorithme pertinent moteur
D2743	inverse indexation terme pertinent algorithme information texte rappel collection requete
D2744	rappel indexation algorithme texte classement
D2745	systeme web texte algorithme recherche
D2746	rappel web collection index precision algorithme utilisateur
D2747	resultat document web utilisateur texte classement rappel terme requete algorithme
D2748	recherche systeme index classement algorithme web
D2749	resultat information inverse classement algorithme
D2750	web algorithme inverse indexation information rappel texte systeme collection recherche utilisateur
D2751	requete precision systeme moteur web inverse collection algorithme
D2752	web indexation systeme collection information rappel inverse texte moteur terme precision algorithme
D2753	terme resultat moteur web classement index indexation systeme rappel information utilisateur
D2754	precision pertinent resultat requete classement inverse utilisateur
D2755	recherche information index utilisateur terme texte document resultat web systeme
D2756	web indexation texte inverse information pertinent document
D2757	requete collection indexation algorithme resultat pertinent classement recherche utilisateur texte inverse
D2758	information texte inverse terme document index requete indexation classement
D2759	requete resultat texte classement collection information document
D2760	rappel index classement recherche information collection texte indexation pertinent algorithme
D2761	systeme index algorithme moteur classement rappel pertinent web precision document terme
D2762	texte indexation precision inverse resultat document systeme pertinent rappel terme
D2763	indexation terme index pertinent information precision texte
D2764	classement information recherche utilisateur moteur terme pertinent systeme
D2765	index resultat recherche requete systeme
D2766	inverse index pertinent precision algorithme requete moteur indexation
D2767	document moteur collection classement recherche algorithme inverse pertinent web information utilisateur
D2768	pertinent classement web texte recherche resultat terme rappel index moteur
D2769	collection utilisateur algorithme moteur pertinent indexation inverse terme systeme requete
D2770	resultat indexation web utilisateur recherche algorithme pertinent collection
D2771	resultat index web precision collection utilisateur pertinent
D2772	moteur precision rappel index information pertinent utilisateur inverse web
D2773	precision index algorithme document collection recherche pertinent systeme information utilisateur requete indexation
D2774	collection systeme document recherche moteur indexation precision index texte algorithme requete
D2775	information texte resultat inverse utilisateur precision index rappel systeme moteur classement
D2776	inverse moteur rappel collection document resultat precision recherche pertinent requete indexation
D2777	utilisateur moteur classement texte indexation document information
D2778	collection algorithme texte inverse resultat moteur pertinent utilisateur terme index
D2779	systeme requete terme utilisateur recherche pertinent algorithme precision
D2780	terme utilisateur web collection rappel texte systeme classement indexation pertinent
D2781	classement information precision systeme index recherche
D2782	moteur document recherche systeme resultat
D2783	texte systeme inverse indexation collection classement index terme
D2784	index indexation algorithme systeme utilisateur resultat requete inverse moteur classement pertinent information
D2785	texte recherche pertinent rappel information utilisateur algorithme moteur requete collection index
D2786	recherche resultat index moteur web precision algorithme texte inverse requete utilisateur
D2787	classement precision collection rappel requete information inverse index
D2788	systeme recherche index classement pertinent
D2789	utilisateur collection rappel pertinent recherche moteur indexation texte inverse precision resultat
D2790	web algorithme utilisateur requete classement texte pertinent collection systeme precision inverse
D2791	terme moteur precision recherche systeme
D2792	web collection document index resultat requete texte moteur algorithme inverse terme
D2793	algorithme precision rappel systeme inverse classement
D2794	inverse requete collection information texte algorithme indexation utilisateur pertinent
D2795	texte indexation terme information moteur
D2796	information precision texte requete rappel classement utilisateur terme
D2797	requete inverse utilisateur algorithme collection moteur systeme
D2798	systeme terme indexation pertinent rappel web information algorithme classement index recherche
D2799	precision resultat document recherche information pertinent indexation moteur
D2800	systeme utilisateur texte web recherche resultat moteur algorithme classement pertinent inverse
D2801	requete resultat systeme algorithme web collection utilisateur information terme texte index
D2802	indexation systeme pertinent terme information texte
D2803	algorithme texte terme collection web precision requete resultat
D2804	algorithme information systeme utilisateur pertinent indexation
D2805	index systeme collection moteur web rappel resultat terme
D2806	recherche pertinent inverse precision terme indexation collection systeme texte document utilisateur
D2807	classement index precision recherche pertinent resultat rappel information document moteur
D2808	resultat pertinent rappel document collection requete recherche index classement terme
D2809	systeme utilisateur pertinent index texte terme
D2810	information collection terme pertinent precision rappel web algorithme utilisateur classement
D2811	rappel resultat document precision web texte terme inverse information algorithme recherche
D2812	utilisateur moteur index indexation collection
D2813	classement pertinent web document moteur
D2814	index moteur document systeme requete utilisateur indexation rappel
D2815	information algorithme requete systeme precision web pertinent
D2816	document classement algorithme collection precision index systeme rappel inverse moteur requete recherche
D2817	texte pertinent document indexation web systeme collection rappel classement recherche algorithme
D2818	texte algorithme collection document web
D2819	classement document indexation pertinent precision requete index recherche terme information
D2820	pertinent moteur inverse rappel index recherche
D2821	terme collection precision classement moteur recherche index
D2822	inverse pertinent utilisateur terme web requete precision
D2823	recherche algorithme texte pertinent rappel web
D2824	utilisateur collection recherche algorithme indexation
D2825	document moteur information index web recherche
D2826	texte requete pertinent recherche algorithme moteur
D2827	information rappel document classement pertinent moteur recherche texte requete precision resultat
D2828	algorithme terme requete rappel collection recherche web index resultat utilisateur indexation
D2829	web moteur resultat requete terme
D2830	web rappel inverse collection information algorithme moteur document utilisateur systeme classement
D2831	moteur recherche utilisateur collection resultat classement web terme inverse
D2832	indexation terme index utilisateur resultat rappel texte classement precision information collection
D2833	index information pertinent texte utilisateur inverse document requete terme systeme
D2834	classement utilisateur texte precision terme algorithme
D2835	moteur texte systeme resultat algorithme
D2836	pertinent texte algorithme moteur rappel index
D2837	index utilisateur precision moteur requete
D2838	rappel web classement information pertinent index indexation resultat document inverse terme
D2839	information indexation document collection classement rappel pertinent systeme precision
D2840	terme moteur requete indexation index precision document
D2841	texte information recherche precision terme collection web requete utilisateur moteur
D2842	document resultat indexation pertinent collection web recherche rappel systeme algorithme texte
D2843	terme index document algorithme pertinent requete moteur indexation
D2844	recherche terme inverse utilisateur moteur pertinent document web collection information systeme
D2845	moteur algorithme requete rappel inverse collection
D2846	requete document systeme recherche classement rappel
D2847	requete index resultat classement moteur collection web precision
D2848	moteur pertinent algorithme web systeme
D2849	document index classement precision systeme requete information terme
D2850	information algorithme texte moteur utilisateur
D2851	web collection resultat precision systeme texte pertinent
D2852	collection precision classement resultat utilisateur texte web indexation document index
D2853	utilisateur precision algorithme moteur index collection texte inverse
D2854	terme utilisateur algorithme indexation moteur systeme precision
D2855	terme pertinent document resultat indexation requete recherche classement
D2856	inverse requete terme collection systeme
D2857	precision classement indexation recherche requete inverse index
D2858	web texte algorithme information moteur requete resultat inverse classement indexation systeme rappel
D2859	moteur information classement terme index algorithme
D2860	texte rappel collection index pertinent indexation systeme web
D2861	texte moteur pertinent information classement web algorithme
D2862	requete systeme inverse recherche pertinent precision
D2863	document requete utilisateur collection moteur rappel texte resultat index classement indexation
D2864	utilisateur requete index rappel document systeme texte resultat inverse information terme indexation
D2865	inverse systeme requete resultat indexation utilisateur index precision
D2866	recherche document systeme information index texte terme moteur pertinent resultat web inverse
D2867	rappel collection systeme web document algorithme requete precision texte information
D2868	precision texte information moteur pertinent indexation utilisateur web document inverse algorithme systeme
D2869	resultat web inverse precision moteur rappel classement utilisateur
D2870	index systeme pertinent indexation precision
D2871	inverse terme requete information resultat recherche moteur
D2872	index pertinent utilisateur precision systeme texte classement requete inverse moteur collection rappel
D2873	requete recherche resultat algorithme inverse index rappel web indexation texte precision utilisateur
D2874	texte moteur indexation algorithme pertinent web document systeme terme collection requete resultat
D2875	algorithme index precision web indexation inverse
D2876	resultat moteur web requete index utilisateur pertinent rappel recherche
D2877	collection algorithme web indexation information resultat index rappel terme
D2878	information requete rappel collection inverse systeme document pertinent moteur terme precision
D2879	terme precision requete document pertinent rappel systeme moteur
D2880	collection pertinent moteur requete indexation information recherche index systeme algorithme inverse
D2881	classement recherche utilisateur inverse texte moteur
D2882	document web terme collection precision classement
D2883	algorithme requete indexation document inverse classement utilisateur texte pertinent information
D2884	web index texte terme classement document inverse algorithme
D2885	web precision classement rappel algorithme indexation utilisateur pertinent resultat requete index information
D2886	utilisateur document classement requete algorithme systeme indexation pertinent
D2887	rappel systeme utilisateur indexation web
D2888	moteur index algorithme recherche classement web rappel information indexation precision terme texte
D2889	document inverse pertinent terme utilisateur requete
D2890	utilisateur systeme indexation index web
D2891	classement indexation document requete recherche information systeme collection precision
D2892	pertinent texte requete resultat recherche moteur web terme algorithme utilisateur collection
D2893	terme classement inverse precision recherche index
D2894	systeme algorithme texte resultat inverse index classement document recherche utilisateur precision information
D2895	indexation index resultat systeme web
D2896	inverse indexation information collection texte utilisateur resultat systeme document
D2897	collection classement pertinent systeme precision resultat terme inverse utilisateur
D2898	indexation classement resultat recherche pertinent information terme systeme
D2899	systeme pertinent resultat classement index terme texte document collection
D2900	recherche algorithme web precision terme index requete rappel collection texte classement
D2901	document information precision terme classement pertinent indexation requete index inverse utilisateur
D2902	index systeme web requete precision resultat inverse recherche document
D2903	index moteur classement texte rappel terme systeme precision indexation utilisateur web
D2904	terme precision resultat texte algorithme utilisateur moteur rappel systeme
D2905	resultat document collection rappel inverse moteur web classement systeme
D2906	information moteur requete recherche collection pertinent inverse web document utilisateur
D2907	rappel requete precision texte terme
D2908	systeme requete terme recherche inverse classement texte indexation
D2909	rappel information classement precision recherche indexation pertinent requete web
D2910	rappel collection texte index indexation algorithme utilisateur information
D2911	web texte utilisateur precision information collection moteur algorithme
D2912	classement inverse resultat index information
D2913	document collection recherche texte index systeme precision algorithme moteur
D2914	terme pertinent information moteur web
D2915	precision inverse rappel resultat web pertinent systeme moteur index algorithme
D2916	web requete texte systeme information pertinent resultat document inverse
D2917	algorithme classement requete pertinent terme utilisateur document texte
D2918	algorithme utilisateur document information rappel
D2919	indexation classement web information algorithme
D2920	systeme terme pertinent texte utilisateur requete
D2921	algorithme resultat classement rappel index requete pertinent web recherche
D2922	document requete algorithme index terme inverse web classement indexation moteur resultat
D2923	terme recherche collection indexation web algorithme document texte
D2924	recherche texte precision classement terme index algorithme inverse systeme web information requete
D2925	indexation systeme inverse texte pertinent web
D2926	algorithme pertinent moteur index classement inverse rappel indexation
D2927	pertinent index inverse classement web resultat requete rappel recherche
D2928	precision recherche classement document information terme texte web index resultat
D2929	pertinent recherche web requete information inverse algorithme resultat precision systeme
D2930	resultat precision requete algorithme index texte recherche pertinent moteur
D2931	resultat index web terme utilisateur collection precision recherche moteur systeme
D2932	classement indexation precision information recherche pertinent rappel
D2933	rappel precision inverse texte requete pertinent collection information index systeme classement indexation
D2934	requete systeme information terme index recherche pertinent document precision
D2935	resultat collection web recherche terme
D2936	web information pertinent collection indexation rappel systeme
D2937	moteur texte algorithme index inverse
D2938	systeme indexation inverse collection texte
D2939	requete recherche inverse algorithme resultat utilisateur terme classement information indexation
D2940	information indexation resultat index algorithme recherche systeme document terme
D2941	index document rappel terme recherche classement moteur algorithme pertinent information
D2942	information texte precision moteur systeme rappel requete
D2943	information algorithme inverse systeme collection moteur
D2944	resultat index precision collection systeme texte web inverse utilisateur
D2945	index algorithme precision moteur requete web collection indexation terme resultat texte pertinent
D2946	collection document rappel indexation classement algorithme
D2947	precision moteur web requete algorithme utilisateur indexation information
D2948	indexation collection algorithme resultat web texte requete precision classement terme
D2949	terme systeme information inverse rappel resultat
D2950	algorithme web terme utilisateur requete collection
D2951	texte pertinent terme recherche utilisateur requete resultat moteur classement information indexation precision
D2952	requete utilisateur web algorithme information pertinent indexation
D2953	resultat web collection rappel precision
D2954	collection terme precision rappel document web recherche requete
D2955	moteur resultat algorithme terme utilisateur inverse texte
D2956	classement systeme requete collection indexation algorithme moteur precision information document pertinent rappel
D2957	moteur utilisateur inverse classement precision algorithme recherche web rappel texte systeme indexation
D2958	systeme utilisateur rappel algorithme web inverse moteur collection information index
D2959	moteur index terme web classement information document indexation texte utilisateur pertinent
D2960	recherche indexation resultat web rappel moteur utilisateur collection systeme index
D2961	pertinent moteur algorithme classement rappel terme inverse index indexation
D2962	document utilisateur collection pertinent index moteur information inverse
D2963	information terme utilisateur collection algorithme
D2964	utilisateur collection algorithme terme rappel resultat index texte
D2965	pertinent web rappel index precision indexation texte
D2966	web systeme precision information collection texte recherche moteur classement utilisateur rappel algorithme
D2967	information utilisateur index document classement systeme indexation web terme inverse requete
D2968	indexation document resultat inverse precision index requete rappel recherche utilisateur
D2969	document web information precision collection terme resultat recherche
D2970	information collection algorithme index document systeme
D2971	collection index indexation information rappel algorithme
D2972	information systeme index inverse rappel utilisateur classement pertinent precision
D2973	indexation recherche inverse resultat systeme
D2974	rappel systeme index precision utilisateur moteur
D2975	precision pertinent web resultat rappel index algorithme collection moteur document recherche requete
D2976	utilisateur precision document indexation systeme rappel collection texte
D2977	web utilisateur classement requete moteur collection systeme index rappel resultat recherche
D2978	resultat rappel index indexation classement utilisateur web algorithme texte
D2979	resultat terme precision document classement inverse web moteur
D2980	systeme algorithme indexation utilisateur texte requete inverse terme information
D2981	requete texte index terme inverse information algorithme indexation web
D2982	texte utilisateur moteur index requete recherche document terme precision algorithme resultat
D2983	requete algorithme texte rappel web terme precision systeme information collection classement
D2984	moteur algorithme systeme inverse rappel classement index
D2985	moteur indexation information inverse resultat pertinent classement precision collection requete systeme recherche
D2986	document index precision web classement resultat moteur collection requete indexation inverse
D2987	information requete terme rappel texte precision classement indexation
D2988	texte collection resultat precision systeme requete terme recherche classement indexation web information
D2989	texte classement web requete precision utilisateur moteur
D2990	web inverse indexation resultat information rappel index classement
D2991	web collection index requete precision document recherche systeme moteur
D2992	document precision web resultat requete inverse collection
D2993	collection moteur information inverse terme rappel
D2994	algorithme precision collection recherche terme index
D2995	pertinent inverse algorithme terme precision recherche requete information classement moteur
D2996	indexation systeme precision classement web index collection pertinent
D2997	classement algorithme information requete moteur pertinent resultat
D2998	recherche texte information precision document collection
D2999	information systeme collection moteur precision utilisateur algorithme requete classement indexation inverse rappel
D3000	collection recherche terme moteur classement algorithme systeme document indexation utilisateur rappel
D3001	pertinent systeme utilisateur index terme resultat requete algorithme recherche moteur collection
D3002	classement collection pertinent inverse information index systeme recherche utilisateur document terme web
D3003	rappel algorithme resultat utilisateur terme texte pertinent inverse information moteur systeme
D3004	moteur information utilisateur inverse document rappel classement precision
D3005	inverse document indexation web precision index rappel resultat recherche
D3006	inverse index texte document web indexation resultat
D3007	web moteur requete resultat terme
D3008	terme moteur web resultat algorithme precision recherche systeme pertinent index
D3009	information moteur resultat terme pertinent recherche rappel indexation collection precision index requete
D3010	information web recherche terme resultat systeme texte classement document algorithme requete precision
D3011	resultat index indexation inverse collection texte systeme pertinent utilisateur web terme
D3012	collection requete precision utilisateur terme
D3013	web terme classement information resultat utilisateur
D3014	index moteur pertinent precision inverse recherche document algorithme web
D3015	requete web precision terme rappel collection information utilisateur recherche document resultat
D3016	document systeme terme utilisateur information texte indexation classement recherche
D3017	index utilisateur texte collection inverse pertinent systeme resultat
D3018	recherche terme classement collection utilisateur pertinent inverse precision
D3019	recherche algorithme rappel utilisateur pertinent
D3020	requete inverse resultat rappel information terme precision document classement algorithme recherche
D3021	resultat information pertinent indexation terme collection systeme utilisateur document
D3022	index algorithme classement document resultat terme web requete
D3023	texte precision pertinent resultat systeme utilisateur inverse indexation recherche classement
D3024	classement inverse algorithme recherche document precision
D3025	collection algorithme document texte index pertinent systeme terme information inverse
D3026	texte utilisateur classement recherche requete collection moteur precision
D3027	collection utilisateur systeme moteur terme algorithme pertinent indexation inverse recherche rappel
D3028	collection recherche requete texte indexation web algorithme inverse rappel terme classement
D3029	moteur indexation resultat pertinent algorithme index recherche texte document terme rappel
D3030	pertinent rappel web precision recherche collection
D3031	recherche inverse web systeme document utilisateur
D3032	algorithme recherche rappel document resultat systeme classement pertinent precision
D3033	texte indexation precision recherche collection resultat web systeme terme classement requete inverse
D3034	classement systeme information document requete terme utilisateur inverse precision index algorithme collection
D3035	pertinent algorithme terme web texte moteur
D3036	recherche classement resultat index terme utilisateur indexation precision collection rappel information
D3037	moteur information collection pertinent index indexation classement
D3038	algorithme resultat utilisateur precision indexation classement recherche web
D3039	collection pertinent web resultat requete precision texte systeme classement index inverse algorithme
D3040	rappel pertinent systeme moteur algorithme inverse collection resultat precision requete
D3041	utilisateur classement resultat inverse collection web systeme rappel terme algorithme indexation requete
D3042	index rappel inverse collection texte utilisateur resultat web algorithme
D3043	indexation collection moteur information document utilisateur
D3044	information texte requete web pertinent document index algorithme
D3045	pertinent algorithme document web index systeme indexation resultat terme recherche texte information
D3046	rappel classement systeme index information indexation terme precision
D3047	precision classement collection inverse systeme indexation web
D3048	indexation web systeme information moteur utilisateur terme classement requete inverse
D3049	classement precision pertinent rappel indexation requete document index utilisateur
D3050	utilisateur collection pertinent resultat inverse systeme document texte
D3051	moteur algorithme inverse document resultat terme rappel
D3052	terme recherche inverse requete resultat indexation web texte systeme collection algorithme
D3053	terme classement algorithme rappel document inverse moteur pertinent information precision
D3054	index utilisateur terme systeme collection pertinent requete classement information
D3055	terme classement collection information moteur resultat
D3056	indexation information requete precision algorithme collection texte pertinent index utilisateur systeme inverse
D3057	web indexation requete index precision utilisateur information classement rappel texte
D3058	recherche precision rappel terme algorithme systeme index utilisateur moteur pertinent texte collection
D3059	pertinent information document recherche utilisateur rappel web inverse collection
D3060	requete index collection systeme moteur information recherche resultat precision texte rappel utilisateur
D3061	systeme pertinent index moteur inverse indexation classement resultat algorithme requete precision
D3062	pertinent document terme classement information web
D3063	utilisateur resultat collection texte information terme classement index
D3064	indexation texte systeme utilisateur terme resultat rappel moteur index
D3065	recherche indexation pertinent inverse terme collection moteur
D3066	systeme indexation moteur inverse utilisateur recherche precision information web pertinent rappel
D3067	requete texte algorithme information terme web moteur inverse
D3068	information web systeme inverse document
D3069	resultat algorithme collection pertinent texte
D3070	terme moteur document requete rappel collection classement recherche
D3071	indexation utilisateur pertinent classement terme index information
D3072	precision information terme web requete rappel systeme algorithme classement indexation moteur
D3073	index systeme algorithme web texte indexation
D3074	moteur precision terme document rappel
D3075	terme rappel pertinent resultat algorithme systeme indexation collection inverse requete document
D3076	terme indexation utilisateur algorithme precision
D3077	algorithme pertinent systeme utilisateur indexation precision
D3078	precision pertinent utilisateur algorithme rappel recherche texte information systeme
D3079	texte algorithme index pertinent utilisateur web document rappel indexation resultat
D3080	pertinent indexation recherche systeme resultat
D3081	information moteur systeme precision utilisateur collection algorithme index classement
D3082	texte collection utilisateur document moteur inverse precision systeme rappel information pertinent
D3083	resultat terme pertinent web utilisateur moteur collection algorithme classement information indexation
D3084	moteur pertinent rappel recherche algorithme information classement precision
D3085	moteur index pertinent collection texte web requete classement document rappel
D3086	indexation rappel requete recherche moteur document collection web classement
D3087	indexation texte classement document inverse algorithme precision recherche web systeme pertinent
D3088	indexation inverse rappel web resultat texte recherche algorithme classement
D3089	recherche utilisateur moteur index classement terme collection precision web texte inverse
D3090	information rappel classement algorithme moteur systeme recherche inverse terme
D3091	indexation utilisateur information recherche inverse web pertinent collection precision systeme
D3092	recherche classement moteur utilisateur resultat texte
D3093	collection requete indexation web systeme moteur information
D3094	rappel algorithme index indexation classement web systeme texte collection pertinent utilisateur
D3095	indexation inverse rappel pertinent systeme texte requete utilisateur precision index
D3096	indexation resultat rappel web recherche inverse collection classement
D3097	indexation inverse collection resultat algorithme information requete utilisateur texte
D3098	algorithme inverse document rappel web terme utilisateur classement precision resultat
D3099	index terme inverse utilisateur resultat collection
D3100	collection recherche classement algorithme rappel
D3101	collection recherche rappel utilisateur precision terme classement web texte index pertinent indexation
D3102	texte precision web rappel moteur systeme information pertinent requete recherche indexation utilisateur
D3103	systeme requete rappel algorithme collection moteur
D3104	indexation collection terme rappel pertinent classement web
D3105	information terme document collection utilisateur systeme classement index
D3106	collection pertinent algorithme recherche web inverse moteur indexation
D3107	inverse web systeme texte collection classement
D3108	terme recherche requete document classement
D3109	classement moteur algorithme inverse requete document index collection
D3110	precision resultat information index indexation pertinent terme requete rappel document texte collection
D3111	document precision inverse collection utilisateur terme rappel algorithme resultat indexation systeme information
D3112	indexation resultat terme web inverse texte
D3113	index document algorithme utilisateur systeme pertinent information recherche requete collection classement rappel
D3114	information web terme requete recherche classement pertinent precision
D3115	precision recherche inverse web utilisateur requete
D3116	document information algorithme moteur systeme requete classement precision rappel texte
D3117	rappel document resultat information moteur
D3118	web document systeme classement resultat terme texte precision pertinent
D3119	document utilisateur classement recherche index terme systeme
D3120	requete index utilisateur classement systeme
D3121	index utilisateur algorithme moteur pertinent recherche systeme indexation
D3122	information recherche utilisateur texte algorithme systeme
D3123	utilisateur pertinent index algorithme inverse
D3124	collection terme resultat utilisateur moteur recherche systeme inverse document algorithme
D3125	inverse collection web resultat moteur terme information
D3126	texte document precision classement resultat inverse index rappel collection systeme indexation information
D3127	precision classement resultat document moteur texte pertinent utilisateur
D3128	rappel algorithme inverse resultat indexation recherche
D3129	precision classement inverse information requete indexation systeme utilisateur moteur
D3130	terme precision web algorithme document systeme collection texte inverse pertinent
D3131	pertinent rappel algorithme recherche classement utilisateur terme index moteur
D3132	inverse pertinent collection classement terme
D3133	systeme index pertinent terme inverse precision algorithme collection document recherche
D3134	requete utilisateur index inverse indexation precision information terme algorithme classement
D3135	recherche web inverse precision terme algorithme index rappel systeme
D3136	information resultat document collection index inverse requete
D3137	indexation information collection rappel precision classement systeme texte pertinent
D3138	requete utilisateur information resultat web inverse precision collection systeme texte
D3139	moteur pertinent information rappel resultat texte document
D3140	requete recherche utilisateur classement document
D3141	indexation utilisateur texte pertinent resultat systeme
D3142	rappel recherche requete pertinent algorithme collection moteur systeme index resultat inverse information
D3143	requete systeme moteur web rappel texte classement precision inverse recherche resultat
D3144	classement document pertinent recherche rappel requete inverse web precision systeme terme
D3145	terme resultat information utilisateur precision pertinent texte
D3146	resultat inverse moteur utilisateur texte
D3147	precision algorithme classement requete information texte pertinent terme recherche moteur web
D3148	resultat systeme precision moteur requete index
D3149	utilisateur resultat recherche systeme pertinent information terme
D3150	information document precision web utilisateur pertinent algorithme resultat
D3151	requete collection texte algorithme pertinent systeme
D3152	indexation resultat collection document classement recherche
D3153	inverse requete systeme resultat algorithme
D3154	moteur collection texte classement utilisateur recherche web rappel
D3155	index texte moteur terme document resultat precision web classement pertinent
D3156	document terme requete pertinent systeme information
D3157	moteur recherche texte algorithme classement
D3158	inverse texte index information precision indexation
D3159	indexation document utilisateur requete systeme terme web
D3160	resultat inverse collection index requete terme document indexation precision information systeme
D3161	pertinent terme utilisateur requete moteur index texte collection information precision classement
D3162	terme index resultat systeme moteur algorithme requete document collection precision
D3163	information rappel pertinent requete utilisateur recherche document texte algorithme web
D3164	collection rappel systeme inverse algorithme requete recherche classement
D3165	terme indexation precision rappel recherche algorithme classement texte
D3166	terme information classement precision document utilisateur systeme web inverse pertinent indexation moteur
D3167	moteur collection indexation requete classement inverse resultat web systeme
D3168	requete algorithme texte systeme inverse recherche moteur index web
D3169	information web recherche texte moteur
D3170	utilisateur rappel web moteur resultat indexation texte classement pertinent inverse terme
D3171	rappel collection utilisateur texte recherche systeme information document
D3172	recherche requete systeme resultat indexation web
D3173	requete collection index web information classement texte rappel recherche utilisateur
D3174	moteur requete resultat recherche rappel utilisateur document index
D3175	collection pertinent classement utilisateur index information terme
D3176	information index moteur collection systeme terme web pertinent precision resultat utilisateur
D3177	inverse precision algorithme requete rappel document systeme classement utilisateur
D3178	moteur inverse web document classement utilisateur systeme resultat index rappel
D3179	utilisateur collection algorithme resultat pertinent document inverse rappel classement information
D3180	utilisateur moteur resultat pertinent inverse document web rappel terme algorithme recherche texte
D3181	systeme index texte moteur classement algorithme information inverse
D3182	requete recherche systeme information rappel collection index indexation terme texte precision
D3183	indexation rappel texte inverse document information
D3184	collection recherche moteur rappel indexation
D3185	classement utilisateur terme collection indexation
D3186	resultat web classement rappel requete document pertinent
D3187	terme requete index inverse resultat pertinent collection texte
D3188	resultat precision index web indexation information algorithme
D3189	pertinent information recherche moteur texte rappel inverse web document algorithme
D3190	index requete precision texte rappel classement web indexation pertinent
D3191	document collection algorithme classement inverse information recherche indexation systeme web requete utilisateur
D3192	document rappel resultat inverse recherche terme texte utilisateur
D3193	information classement index inverse resultat precision web pertinent systeme document
D3194	index requete document utilisateur terme recherche texte rappel classement inverse indexation resultat
D3195	web rappel recherche algorithme information inverse document
D3196	recherche rappel classement document indexation texte information
D3197	collection indexation inverse terme web texte recherche document pertinent
D3198	document terme precision resultat collection information inverse indexation
D3199	systeme recherche index indexation rappel algorithme web requete texte collection resultat classement
D3200	systeme utilisateur document resultat terme
D3201	indexation requete pertinent inverse recherche
D3202	resultat precision rappel web classement
D3203	precision classement terme rappel systeme recherche utilisateur indexation web information
D3204	terme information utilisateur resultat indexation precision pertinent index texte
D3205	texte moteur resultat indexation web precision information requete classement
D3206	moteur information utilisateur inverse requete texte terme indexation recherche
D3207	texte moteur pertinent classement systeme algorithme terme rappel resultat
D3208	algorithme utilisateur pertinent web texte inverse moteur recherche
D3209	rappel systeme web precision collection requete indexation inverse moteur utilisateur information terme
D3210	texte web resultat moteur algorithme
D3211	document precision resultat inverse rappel requete utilisateur indexation pertinent
D3212	classement information document indexation requete utilisateur pertinent algorithme index moteur precision systeme
D3213	requete inverse resultat recherche systeme algorithme precision
D3214	information classement index texte collection systeme precision requete inverse
D3215	texte algorithme indexation web moteur systeme recherche resultat pertinent terme
D3216	classement index terme systeme pertinent document indexation
D3217	classement indexation document moteur inverse recherche resultat requete algorithme systeme texte
D3218	algorithme pertinent collection inverse moteur rappel classement document indexation index
D3219	recherche systeme rappel algorithme terme resultat inverse texte requete pertinent index
D3220	index recherche systeme requete document
D3221	texte terme index moteur algorithme rappel collection requete
D3222	systeme resultat algorithme recherche classement texte precision index web
D3223	classement requete texte pertinent algorithme
D3224	inverse resultat information rappel requete collection utilisateur precision
D3225	utilisateur systeme index texte resultat information terme collection web rappel pertinent requete
D3226	web indexation document collection classement precision inverse texte moteur recherche algorithme resultat
D3227	precision web algorithme pertinent moteur classement texte requete collection inverse
D3228	document requete indexation classement collection resultat pertinent terme information
D3229	pertinent precision algorithme classement indexation index systeme collection moteur
D3230	document indexation moteur index inverse utilisateur web
D3231	pertinent terme recherche rappel resultat collection web
D3232	index moteur recherche utilisateur requete classement
D3233	collection web resultat classement document indexation algorithme terme moteur
D3234	resultat texte algorithme recherche utilisateur indexation
D3235	rappel algorithme inverse document pertinent index terme collection moteur indexation systeme
D3236	classement resultat texte collection systeme precision index web rappel moteur inverse
D3237	information rappel collection moteur recherche requete terme algorithme indexation web document
D3238	utilisateur terme algorithme indexation document inverse precision recherche moteur systeme rappel
D3239	precision moteur rappel systeme classement document inverse indexation algorithme collection resultat utilisateur
D3240	web document rappel collection information
D3241	systeme indexation rappel resultat inverse terme requete index precision moteur recherche
D3242	texte classement moteur utilisateur web
D3243	index algorithme information inverse indexation texte web rappel moteur pertinent recherche
D3244	document rappel index inverse precision web recherche information
D3245	pertinent precision requete recherche texte indexation
D3246	precision rappel terme algorithme classement indexation resultat document collection
D3247	collection moteur texte pertinent terme information algorithme precision index
D3248	requete collection resultat precision index indexation information inverse utilisateur systeme pertinent terme
D3249	document inverse terme collection texte index utilisateur resultat pertinent rappel precision requete
D3250	rappel web requete document resultat terme systeme precision indexation classement
D3251	information pertinent algorithme web moteur classement precision index utilisateur resultat inverse
D3252	indexation algorithme index texte utilisateur document rappel requete systeme information inverse
D3253	index web classement information document algorithme recherche rappel terme inverse precision resultat
D3254	moteur recherche index resultat indexation information document precision classement terme
D3255	algorithme information requete collection texte document
D3256	requete web indexation moteur information classement index rappel algorithme
D3257	index inverse systeme collection information requete document moteur pertinent web rappel
D3258	terme inverse rappel document requete recherche pertinent
D3259	classement terme algorithme precision utilisateur
D3260	requete indexation information moteur utilisateur systeme
D3261	index collection information classement requete indexation recherche texte algorithme
D3262	inverse indexation precision information resultat recherche document moteur
D3263	recherche utilisateur index document systeme resultat algorithme classement inverse
D3264	pertinent rappel indexation inverse terme collection resultat systeme document precision classement texte
D3265	web collection terme requete resultat index information inverse document texte indexation rappel
D3266	terme systeme utilisateur pertinent rappel inverse information document
D3267	web systeme pertinent terme inverse utilisateur rappel texte resultat document collection
D3268	indexation resultat information moteur document systeme recherche terme rappel
D3269	requete inverse algorithme information web document rappel utilisateur
D3270	precision indexation utilisateur resultat classement pertinent systeme collection rappel information
D3271	systeme information inverse resultat pertinent collection utilisateur
D3272	moteur resultat collection inverse rappel indexation
D3273	document utilisateur indexation systeme precision index terme classement texte recherche resultat rappel
D3274	information recherche requete rappel index classement
D3275	index texte requete utilisateur rappel pertinent web document collection
D3276	algorithme document requete moteur indexation collection texte resultat recherche terme web
D3277	moteur indexation resultat texte inverse algorithme document classement requete recherche collection precision
D3278	classement pertinent information index precision requete texte indexation algorithme recherche
D3279	information algorithme systeme rappel web
D3280	moteur terme precision web classement resultat inverse indexation
D3281	texte collection rappel web pertinent inverse document requete terme
D3282	resultat recherche inverse utilisateur requete texte index terme pertinent
D3283	indexation utilisateur texte collection web classement resultat requete
D3284	document terme utilisateur web index indexation information inverse resultat
D3285	index terme document precision collection information texte classement inverse systeme utilisateur algorithme
D3286	algorithme collection web terme rappel recherche resultat texte precision pertinent
D3287	resultat terme moteur indexation texte collection rappel requete
D3288	moteur document recherche indexation precision resultat algorithme classement information
D3289	terme collection classement algorithme index inverse systeme document pertinent
D3290	texte web information requete document moteur classement index resultat pertinent recherche algorithme
D3291	information rappel document inverse classement algorithme resultat utilisateur requete web systeme recherche
D3292	collection moteur utilisateur index algorithme document rappel terme
D3293	information document utilisateur texte moteur requete classement recherche inverse index
D3294	index information rappel resultat systeme terme precision moteur inverse classement
D3295	systeme recherche information resultat moteur classement precision index texte collection terme web
D3296	web recherche utilisateur index systeme requete document terme
D3297	recherche precision terme rappel indexation classement texte algorithme index document
D3298	indexation texte algorithme moteur index rappel resultat document systeme inverse web terme
D3299	utilisateur web rappel indexation classement recherche collection terme
D3300	resultat indexation index inverse requete terme moteur rappel texte
D3301	pertinent information collection systeme utilisateur classement rappel web index algorithme requete
D3302	texte precision systeme indexation rappel
D3303	systeme indexation requete rappel precision resultat recherche texte pertinent terme utilisateur algorithme
D3304	precision web terme algorithme document pertinent
D3305	requete information rappel inverse precision web algorithme systeme pertinent
D3306	pertinent texte index requete classement
D3307	algorithme document moteur index classement inverse utilisateur texte pertinent terme web
D3308	document indexation algorithme recherche systeme
D3309	index pertinent precision collection indexation recherche resultat terme document algorithme utilisateur
D3310	collection moteur index document rappel pertinent
D3311	index document utilisateur recherche indexation information algorithme inverse precision web pertinent
D3312	rappel web classement indexation information algorithme
D3313	indexation collection recherche inverse pertinent terme
D3314	classement terme texte recherche precision collection systeme resultat information algorithme utilisateur rappel
D3315	texte terme index indexation utilisateur web moteur requete pertinent resultat collection systeme
D3316	pertinent collection document terme utilisateur algorithme inverse moteur index classement information precision
D3317	information rappel resultat recherche moteur inverse document requete web precision classement terme
D3318	systeme inverse precision recherche index
D3319	algorithme pertinent indexation index rappel information precision terme texte
D3320	recherche collection index indexation requete
D3321	rappel inverse moteur collection indexation precision
D3322	texte indexation collection moteur information resultat document classement pertinent systeme terme index
D3323	algorithme collection utilisateur indexation index document classement inverse terme recherche information rappel
D3324	resultat precision pertinent rappel web systeme inverse texte collection requete index
D3325	systeme recherche indexation terme pertinent rappel classement
D3326	requete indexation web resultat inverse texte recherche document precision rappel utilisateur
D3327	document classement terme index recherche moteur rappel algorithme indexation
D3328	document precision requete systeme information terme indexation recherche
D3329	terme systeme recherche precision requete classement indexation document resultat moteur index inverse
D3330	information inverse classement precision requete index algorithme utilisateur web recherche terme rappel
D3331	recherche resultat texte requete utilisateur web systeme indexation
D3332	terme systeme recherche document classement resultat precision inverse
D3333	resultat systeme inverse moteur indexation utilisateur recherche
D3334	rappel inverse moteur recherche collection information
D3335	indexation document index requete recherche rappel
D3336	texte rappel recherche document information indexation algorithme precision
D3337	information texte terme document precision rappel inverse resultat collection
D3338	classement document algorithme resultat information terme index moteur requete
D3339	resultat algorithme web precision texte pertinent terme rappel information document
D3340	information resultat recherche utilisateur precision requete terme systeme pertinent
D3341	algorithme information pertinent rappel requete web
D3342	web classement texte resultat precision index information utilisateur indexation document
D3343	algorithme texte recherche pertinent classement rappel utilisateur document information
D3344	web utilisateur terme document classement systeme inverse texte recherche precision rappel pertinent
D3345	requete collection inverse utilisateur resultat
D3346	resultat systeme moteur terme index collection document
D3347	systeme collection indexation requete classement
D3348	collection precision classement indexation resultat document utilisateur web
D3349	index terme classement recherche indexation collection moteur precision
D3350	algorithme precision texte web index collection utilisateur rappel
D3351	texte utilisateur rappel algorithme requete document terme inverse pertinent
D3352	terme texte collection moteur inverse utilisateur information requete
D3353	resultat texte indexation moteur classement pertinent rappel systeme algorithme precision recherche
D3354	indexation information pertinent web precision rappel resultat moteur recherche algorithme texte
D3355	document collection texte index requete resultat algorithme
D3356	indexation web index texte systeme precision algorithme requete resultat rappel
D3357	index systeme collection resultat information moteur precision
D3358	collection systeme pertinent utilisateur index moteur web resultat document
D3359	document pertinent resultat terme requete rappel
D3360	utilisateur algorithme terme classement systeme document texte information rappel
D3361	indexation utilisateur texte inverse pertinent resultat systeme information document
D3362	pertinent web requete classement indexation resultat
D3363	texte utilisateur indexation precision resultat document moteur inverse collection
D3364	terme index precision classement collection texte systeme utilisateur
D3365	collection inverse recherche information resultat indexation
D3366	requete collection document precision inverse web
D3367	classement algorithme indexation inverse information rappel precision requete document
D3368	terme index document recherche rappel classement moteur algorithme web
D3369	classement rappel texte indexation utilisateur pertinent collection recherche
D3370	requete web recherche algorithme precision collection
D3371	pertinent recherche texte web inverse collection classement moteur utilisateur information document
D3372	precision classement information texte terme recherche
D3373	document requete resultat systeme collection utilisateur recherche information texte precision indexation
D3374	moteur index document web information
D3375	requete information indexation classement rappel
D3376	precision inverse moteur pertinent indexation recherche requete index information rappel utilisateur
D3377	moteur collection information resultat texte classement index utilisateur precision
D3378	precision requete indexation information systeme terme classement moteur web texte resultat document
D3379	texte recherche classement inverse rappel document pertinent collection requete
D3380	document collection algorithme indexation terme rappel utilisateur resultat web moteur inverse
D3381	classement web index systeme indexation utilisateur pertinent recherche precision collection
D3382	classement algorithme systeme index texte inverse precision recherche resultat moteur information rappel
D3383	algorithme index requete pertinent terme recherche texte moteur precision utilisateur
D3384	inverse terme web recherche moteur
D3385	rappel web texte algorithme recherche precision utilisateur index pertinent indexation
D3386	resultat texte recherche classement terme web information algorithme document
D3387	information document precision utilisateur moteur index
D3388	moteur texte utilisateur rappel pertinent requete recherche
D3389	requete collection utilisateur information algorithme texte rappel
D3390	terme texte collection inverse systeme document algorithme moteur
D3391	classement resultat terme information algorithme collection index rappel
D3392	terme resultat inverse classement requete precision texte collection web indexation
D3393	terme document indexation rappel systeme web collection
D3394	web resultat information document classement texte indexation algorithme precision
D3395	classement algorithme indexation requete web rappel document
D3396	systeme texte classement requete information document recherche pertinent
D3397	requete information resultat recherche algorithme systeme moteur texte classement indexation
D3398	moteur utilisateur systeme web terme inverse
D3399	inverse rappel terme document index algorithme utilisateur systeme classement pertinent
D3400	indexation utilisateur web document algorithme precision collection index rappel resultat
D3401	requete information precision collection moteur
D3402	texte inverse index requete web
D3403	document precision classement algorithme rappel pertinent
D3404	moteur precision indexation texte collection utilisateur web pertinent terme algorithme requete recherche
D3405	pertinent document classement algorithme texte recherche systeme web collection
D3406	information precision collection utilisateur algorithme systeme requete terme
D3407	inverse web algorithme information indexation terme recherche resultat utilisateur
D3408	document inverse classement information indexation terme precision recherche
D3409	web classement systeme algorithme resultat texte inverse rappel
D3410	web terme resultat texte utilisateur indexation rappel moteur
D3411	systeme information index requete pertinent utilisateur indexation texte collection moteur
D3412	collection pertinent algorithme information moteur index utilisateur rappel
D3413	collection index inverse information moteur pertinent systeme resultat texte terme
D3414	index collection document utilisateur terme indexation
D3415	resultat recherche moteur texte requete
D3416	web moteur systeme recherche texte
D3417	utilisateur pertinent terme algorithme systeme moteur web requete inverse index document information
D3418	utilisateur rappel inverse requete moteur algorithme collection systeme resultat pertinent recherche
D3419	algorithme utilisateur information web terme precision inverse
D3420	collection indexation information algorithme inverse systeme texte
D3421	precision index resultat rappel pertinent document indexation requete systeme texte
D3422	precision rappel document utilisateur collection information index terme classement
D3423	systeme algorithme document requete terme web resultat index classement moteur
D3424	web requete terme moteur inverse systeme utilisateur recherche texte
D3425	document collection indexation utilisateur moteur resultat web algorithme requete
D3426	classement rappel collection terme requete inverse recherche texte information systeme utilisateur
D3427	classement collection information pertinent utilisateur index inverse recherche algorithme systeme precision resultat
D3428	moteur terme information systeme recherche classement texte collection precision algorithme rappel inverse
D3429	information classement inverse requete web recherche terme pertinent systeme index collection texte
D3430	recherche classement moteur document texte resultat rappel indexation inverse
D3431	indexation classement collection utilisateur systeme rappel requete resultat terme pertinent
D3432	rappel texte classement precision terme resultat information
D3433	information web texte precision document indexation resultat collection inverse systeme
D3434	collection web algorithme document rappel index requete utilisateur moteur recherche
D3435	web inverse texte requete systeme terme recherche indexation
D3436	terme pertinent web algorithme document precision resultat utilisateur indexation index
D3437	indexation moteur requete collection document rappel classement systeme
D3438	systeme texte document moteur rappel classement terme collection index utilisateur inverse
D3439	rappel texte classement utilisateur systeme precision algorithme requete terme
D3440	index document web inverse information indexation algorithme precision terme recherche moteur
D3441	texte algorithme indexation rappel collection web utilisateur classement
D3442	web requete moteur inverse recherche information
D3443	classement utilisateur texte recherche pertinent inverse index
D3444	pertinent document precision web inverse classement terme rappel
D3445	precision collection algorithme inverse texte
D3446	web moteur indexation index recherche
D3447	index collection web classement systeme terme algorithme indexation inverse rappel texte
D3448	systeme utilisateur indexation precision algorithme texte information recherche moteur resultat terme
D3449	indexation classement index recherche rappel texte document moteur
D3450	resultat utilisateur texte index terme document classement
D3451	terme web document pertinent moteur recherche precision requete
D3452	web algorithme terme precision systeme
D3453	document rappel terme index systeme collection information
D3454	indexation precision document resultat classement texte
D3455	index texte web algorithme precision
D3456	texte utilisateur classement indexation document terme pertinent rappel
D3457	terme algorithme precision requete systeme recherche pertinent web classement inverse utilisateur
D3458	indexation requete recherche inverse classement
D3459	index collection systeme pertinent rappel document algorithme moteur web indexation
D3460	resultat terme web systeme pertinent utilisateur algorithme
D3461	information inverse systeme collection texte requete algorithme resultat recherche web
D3462	moteur texte terme systeme utilisateur web
D3463	rappel document precision collection indexation texte systeme utilisateur requete
D3464	precision systeme indexation recherche document rappel information moteur
D3465	resultat classement web requete document pertinent index collection information rappel indexation inverse
D3466	collection moteur precision indexation algorithme systeme texte web index information utilisateur
D3467	requete algorithme recherche moteur utilisateur systeme web precision classement texte
D3468	requete terme resultat classement web precision index information
D3469	rappel systeme web terme precision recherche texte collection
D3470	algorithme document collection rappel texte
D3471	precision index moteur algorithme collection resultat texte utilisateur pertinent systeme recherche information
D3472	document moteur resultat recherche web index information requete indexation
D3473	web information precision classement algorithme resultat inverse document
D3474	moteur recherche inverse index pertinent
D3475	indexation recherche web texte classement index
D3476	resultat indexation recherche index systeme pertinent moteur texte
D3477	precision inverse texte collection web algorithme recherche resultat terme
D3478	algorithme recherche collection texte terme inverse
D3479	index algorithme web classement precision recherche indexation moteur systeme
D3480	index inverse document texte requete collection utilisateur recherche web indexation moteur systeme
D3481	inverse information collection precision web requete algorithme recherche document indexation pertinent classement
D3482	algorithme indexation web rappel moteur systeme classement
D3483	precision information algorithme terme rappel moteur recherche classement resultat index texte indexation
D3484	recherche information systeme document algorithme resultat rappel inverse pertinent requete terme indexation
D3485	texte resultat inverse utilisateur classement moteur pertinent index precision
D3486	algorithme information rappel requete pertinent classement systeme utilisateur
D3487	algorithme texte classement document inverse precision information pertinent recherche indexation
D3488	moteur rappel requete indexation collection terme information web texte
D3489	index collection utilisateur recherche rappel
D3490	algorithme utilisateur document indexation terme systeme inverse
D3491	inverse moteur systeme resultat web
D3492	texte web information systeme indexation algorithme collection requete utilisateur classement rappel pertinent
D3493	recherche index classement algorithme resultat moteur rappel terme collection
D3494	recherche precision pertinent algorithme index classement rappel document
D3495	systeme resultat recherche indexation texte classement index pertinent
D3496	recherche classement pertinent collection utilisateur requete information
D3497	pertinent inverse algorithme systeme document web rappel requete index recherche
D3498	resultat systeme texte algorithme classement information utilisateur document collection terme
D3499	information inverse systeme moteur resultat indexation texte
D3500	requete information collection precision indexation pertinent terme recherche resultat index texte web
D3501	classement precision systeme pertinent indexation moteur texte utilisateur inverse terme document index
D3502	terme resultat document index texte moteur utilisateur precision inverse algorithme
D3503	pertinent utilisateur terme inverse resultat indexation texte document classement precision
D3504	utilisateur precision rappel moteur terme document collection index classement
D3505	pertinent precision collection systeme algorithme
D3506	terme web classement inverse precision requete
D3507	document terme resultat web utilisateur collection index inverse recherche algorithme
D3508	information web rappel recherche index requete collection pertinent systeme utilisateur
D3509	requete web terme information indexation texte inverse classement
D3510	information inverse utilisateur collection texte pertinent precision resultat classement requete rappel
D3511	inverse utilisateur collection moteur requete texte indexation
D3512	information terme document algorithme precision collection inverse requete classement rappel index pertinent
D3513	index indexation requete moteur resultat
D3514	texte pertinent precision systeme indexation collection
D3515	algorithme resultat requete classement web collection texte document pertinent terme inverse
D3516	index rappel collection requete classement
D3517	indexation web precision pertinent index resultat information texte utilisateur document terme moteur
D3518	indexation inverse moteur precision recherche web
D3519	indexation collection inverse requete pertinent resultat precision systeme moteur texte terme
D3520	document rappel indexation terme inverse information moteur texte recherche
D3521	inverse collection texte systeme recherche
D3522	indexation precision moteur web classement pertinent systeme terme
D3523	systeme recherche utilisateur resultat texte indexation inverse information index
D3524	moteur document index systeme collection recherche requete rappel algorithme web texte
D3525	texte utilisateur index algorithme resultat rappel recherche terme systeme requete
D3526	index recherche indexation collection resultat document requete
D3527	texte resultat index systeme rappel information classement pertinent precision
D3528	rappel utilisateur texte information pertinent
D3529	indexation texte moteur precision recherche pertinent resultat collection index rappel utilisateur classement
D3530	classement utilisateur document rappel web texte pertinent moteur terme
D3531	information inverse pertinent systeme rappel index resultat classement
D3532	web indexation moteur precision requete algorithme systeme resultat rappel information collection
D3533	rappel terme resultat texte moteur
D3534	algorithme collection document pertinent recherche requete moteur
D3535	document information texte web algorithme collection terme rappel recherche systeme index
D3536	utilisateur web recherche pertinent resultat
D3537	systeme terme index precision pertinent resultat web collection rappel
D3538	utilisateur requete document recherche web index terme
D3539	rappel systeme utilisateur terme classement web pertinent document information index indexation recherche
D3540	requete moteur index precision rappel indexation algorithme
D3541	recherche resultat document rappel systeme terme inverse texte precision
D3542	recherche indexation inverse systeme collection terme classement precision index web
D3543	pertinent requete rappel terme inverse resultat systeme precision web information classement texte
D3544	resultat algorithme terme collection requete precision texte information document
D3545	utilisateur algorithme indexation rappel recherche web texte
D3546	precision rappel document collection indexation recherche requete
D3547	moteur pertinent resultat texte recherche information web document index utilisateur
D3548	indexation terme information algorithme rappel inverse collection pertinent web document moteur
D3549	inverse utilisateur systeme information rappel web
D3550	collection information indexation classement requete utilisateur index
D3551	inverse rappel systeme precision utilisateur moteur recherche
D3552	classement texte collection requete index utilisateur resultat web
D3553	moteur rappel collection precision recherche pertinent resultat classement requete
D3554	requete pertinent utilisateur web inverse precision document rappel terme recherche systeme
D3555	recherche terme information requete classement algorithme rappel indexation utilisateur systeme
D3556	pertinent rappel moteur index resultat inverse document information recherche utilisateur
D3557	classement requete utilisateur algorithme systeme
D3558	algorithme pertinent document classement systeme inverse moteur collection
D3559	recherche index requete collection texte
D3560	precision texte terme classement index inverse moteur algorithme web
D3561	texte systeme recherche resultat moteur pertinent index web collection rappel classement
D3562	requete pertinent moteur recherche algorithme systeme precision classement index resultat utilisateur texte
D3563	collection moteur rappel utilisateur recherche algorithme pertinent
D3564	collection pertinent texte recherche moteur index utilisateur rappel
D3565	classement resultat collection moteur web index requete precision systeme recherche
D3566	pertinent web index texte classement requete information inverse
D3567	moteur requete rappel document inverse indexation pertinent classement index systeme
D3568	systeme precision inverse rappel recherche pertinent utilisateur
D3569	inverse collection moteur texte information requete terme resultat indexation pertinent
D3570	systeme rappel resultat inverse utilisateur collection web
D3571	document systeme requete classement utilisateur
D3572	terme requete classement index resultat web inverse recherche moteur utilisateur systeme texte
D3573	resultat rappel document utilisateur collection web texte index indexation precision inverse
D3574	inverse texte pertinent information index algorithme terme moteur recherche indexation systeme rappel
D3575	rappel algorithme pertinent information recherche moteur texte precision collection terme inverse
D3576	web requete index information classement systeme collection document precision terme
D3577	resultat document web pertinent texte indexation requete inverse algorithme precision index terme
D3578	document pertinent information requete terme inverse precision collection index
D3579	pertinent moteur texte terme classement collection document requete information rappel web resultat
D3580	classement rappel algorithme precision collection resultat terme
D3581	requete algorithme document texte recherche terme systeme
D3582	pertinent collection rappel terme algorithme systeme inverse classement resultat
D3583	requete index resultat web algorithme
D3584	precision terme collection texte classement recherche
D3585	pertinent web requete rappel systeme moteur collection resultat recherche algorithme terme texte
D3586	resultat collection web information moteur
D3587	pertinent information web utilisateur algorithme inverse texte precision
D3588	indexation algorithme web precision systeme document collection requete texte terme classement moteur
D3589	resultat index requete rappel classement utilisateur web
D3590	collection pertinent classement index web precision terme
D3591	requete resultat collection precision algorithme web systeme rappel terme pertinent
D3592	document information terme index moteur indexation rappel collection utilisateur recherche precision inverse
D3593	pertinent rappel terme index texte recherche classement algorithme information inverse moteur systeme
D3594	requete information indexation collection texte
D3595	information utilisateur pertinent index rappel
D3596	texte classement resultat collection moteur inverse systeme recherche rappel information document
D3597	algorithme resultat pertinent systeme web rappel collection indexation recherche index moteur document
D3598	indexation algorithme recherche utilisateur index requete resultat terme information inverse classement texte
D3599	moteur indexation resultat information systeme collection algorithme classement pertinent precision index
D3600	algorithme document terme precision utilisateur index moteur inverse
D3601	terme web information utilisateur texte classement inverse
D3602	information index web recherche texte collection systeme
D3603	collection information indexation texte document pertinent moteur recherche systeme utilisateur
D3604	inverse document moteur rappel information web resultat collection index texte systeme terme
D3605	terme utilisateur recherche systeme inverse collection precision document moteur texte information
D3606	algorithme requete inverse terme rappel collection document systeme resultat index information
D3607	rappel recherche collection document inverse requete algorithme indexation classement pertinent precision information
D3608	texte resultat rappel systeme utilisateur indexation algorithme web
D3609	web pertinent terme algorithme recherche inverse classement
D3610	collection classement recherche systeme indexation utilisateur algorithme rappel requete index
D3611	requete utilisateur document moteur index indexation terme algorithme texte systeme collection classement
D3612	terme rappel texte moteur algorithme pertinent indexation
D3613	recherche information texte indexation terme classement precision algorithme web rappel inverse
D3614	collection document index classement requete utilisateur indexation pertinent information algorithme inverse texte
D3615	requete terme precision recherche document utilisateur inverse index collection
D3616	pertinent index requete web document algorithme moteur
D3617	document terme moteur web algorithme pertinent systeme texte precision collection rappel
D3618	information precision pertinent recherche rappel moteur requete collection systeme document utilisateur inverse
D3619	systeme rappel algorithme requete information texte
D3620	inverse resultat utilisateur pertinent moteur algorithme index requete information
D3621	systeme inverse recherche rappel precision indexation requete web utilisateur collection classement resultat
D3622	rappel pertinent requete recherche index
D3623	utilisateur recherche terme information pertinent collection resultat algorithme
D3624	texte inverse terme precision web systeme resultat utilisateur classement recherche
D3625	pertinent inverse document systeme web collection index
D3626	web recherche moteur document indexation resultat rappel index inverse
D3627	requete moteur precision pertinent algorithme collection terme resultat texte indexation utilisateur
D3628	texte indexation information resultat requete utilisateur classement web
D3629	algorithme terme document indexation texte recherche web utilisateur rappel
D3630	inverse systeme document requete web
D3631	web collection classement pertinent systeme index indexation inverse requete terme
D3632	index recherche utilisateur collection information moteur
D3633	precision algorithme texte utilisateur pertinent index moteur indexation
D3634	precision texte moteur terme index
D3635	moteur inverse recherche classement systeme precision collection
D3636	texte requete pertinent indexation web information rappel terme utilisateur precision systeme inverse
D3637	terme rappel texte pertinent recherche collection indexation requete precision
D3638	utilisateur information precision inverse collection moteur terme resultat
D3639	classement precision algorithme collection pertinent utilisateur document
D3640	web texte collection algorithme index
D3641	collection web moteur resultat algorithme systeme document
D3642	inverse web rappel systeme document texte classement
D3643	terme inverse requete pertinent index utilisateur collection resultat web indexation systeme algorithme
D3644	indexation moteur precision recherche document
D3645	classement document recherche web moteur utilisateur systeme indexation rappel algorithme index precision
D3646	resultat inverse collection index requete information web terme moteur
D3647	systeme document recherche index indexation pertinent collection web
D3648	precision web algorithme resultat information systeme
D3649	web classement requete algorithme precision terme resultat document recherche information systeme
D3650	utilisateur recherche rappel inverse requete
D3651	resultat rappel indexation texte recherche precision information terme
D3652	classement systeme collection inverse index web rappel moteur document resultat indexation pertinent
D3653	systeme moteur algorithme requete rappel indexation texte inverse
D3654	resultat indexation systeme rappel requete algorithme inverse terme precision recherche document information
D3655	indexation document pertinent utilisateur precision index recherche rappel collection resultat
D3656	precision inverse texte classement utilisateur document rappel web
D3657	utilisateur resultat terme inverse collection
D3658	resultat classement information texte inverse terme utilisateur document requete
D3659	inverse moteur information algorithme terme precision index rappel web classement
D3660	algorithme utilisateur web resultat precision requete terme texte information classement systeme rappel
D3661	index web document inverse terme utilisateur collection moteur classement indexation resultat
D3662	document pertinent rappel terme resultat systeme algorithme
D3663	information document requete resultat index inverse precision utilisateur classement algorithme
D3664	index precision texte collection utilisateur rappel classement web inverse terme algorithme
D3665	classement rappel moteur algorithme recherche systeme
D3666	recherche systeme pertinent requete indexation precision
D3667	web information texte indexation terme algorithme precision inverse systeme utilisateur collection
D3668	requete algorithme information texte resultat rappel
D3669	precision recherche algorithme requete collection
D3670	indexation requete systeme rappel classement web terme resultat moteur utilisateur index texte
D3671	moteur utilisateur precision index information indexation classement inverse web algorithme
D3672	moteur terme document indexation index web systeme pertinent texte precision collection classement
D3673	collection resultat classement rappel algorithme pertinent moteur systeme document index indexation requete
D3674	terme information index document recherche moteur collection systeme utilisateur inverse web algorithme
D3675	recherche classement algorithme document indexation web requete systeme index
D3676	algorithme information classement requete texte index
D3677	systeme classement requete algorithme moteur texte web collection information inverse resultat
D3678	utilisateur inverse collection texte web requete terme
D3679	information index moteur collection algorithme classement web utilisateur
D3680	moteur collection terme resultat texte inverse pertinent indexation algorithme recherche
D3681	rappel document information classement indexation requete collection pertinent terme utilisateur moteur inverse
D3682	requete web document indexation texte information moteur utilisateur collection terme classement
D3683	texte inverse pertinent systeme indexation web algorithme classement
D3684	utilisateur requete inverse information terme precision classement systeme indexation index web
D3685	recherche information texte index rappel document collection algorithme
D3686	collection document texte requete information
D3687	precision resultat information utilisateur pertinent rappel classement collection terme indexation web inverse
D3688	systeme web collection indexation classement resultat terme document
D3689	algorithme rappel texte resultat precision inverse collection recherche indexation web
D3690	precision algorithme information classement document systeme collection utilisateur texte
D3691	systeme pertinent terme utilisateur indexation web inverse recherche texte rappel document
D3692	index pertinent systeme moteur texte requete utilisateur algorithme
D3693	requete web recherche indexation document pertinent index texte systeme collection moteur information
D3694	classement systeme document moteur rappel requete precision algorithme collection terme
D3695	document algorithme collection web systeme inverse index terme indexation rappel
D3696	moteur inverse collection rappel systeme precision requete
D3697	rappel classement recherche web index systeme texte terme document collection
D3698	systeme inverse algorithme collection moteur requete web
D3699	precision classement pertinent collection index indexation texte utilisateur terme algorithme moteur inverse
D3700	web precision utilisateur classement requete index moteur
D3701	terme information resultat moteur inverse algorithme texte recherche rappel requete
D3702	information precision rappel systeme classement indexation index collection moteur resultat
D3703	terme rappel pertinent recherche systeme
D3704	pertinent recherche rappel web classement
D3705	requete systeme classement web document utilisateur pertinent inverse algorithme collection index resultat
D3706	texte utilisateur systeme terme inverse resultat pertinent web
D3707	resultat systeme requete web inverse pertinent classement utilisateur document
D3708	web indexation precision pertinent document algorithme recherche
D3709	index classement utilisateur systeme algorithme pertinent moteur
D3710	information terme indexation pertinent utilisateur recherche rappel algorithme resultat moteur
D3711	moteur web recherche classement algorithme document utilisateur information systeme indexation precision inverse
D3712	inverse web texte recherche terme utilisateur information resultat requete algorithme systeme moteur
D3713	inverse texte web collection index utilisateur systeme terme requete precision indexation algorithme
D3714	utilisateur precision collection rappel resultat information pertinent classement terme systeme requete moteur
D3715	requete texte document web inverse precision utilisateur indexation rappel
D3716	classement requete systeme rappel precision moteur pertinent inverse terme document
D3717	moteur inverse precision requete resultat algorithme
D3718	texte document algorithme precision classement indexation resultat inverse utilisateur terme
D3719	moteur indexation information recherche rappel algorithme utilisateur precision
D3720	utilisateur collection pertinent resultat inverse index indexation requete web moteur
D3721	terme algorithme document inverse requete
D3722	indexation utilisateur web moteur classement information document pertinent algorithme
D3723	inverse information web terme systeme pertinent indexation texte
D3724	collection classement terme recherche texte algorithme document requete
D3725	pertinent texte recherche precision classement requete inverse
D3726	classement precision rappel moteur systeme pertinent inverse index resultat recherche
D3727	resultat inverse precision algorithme web classement index systeme recherche utilisateur rappel terme
D3728	terme recherche information utilisateur requete indexation systeme algorithme inverse document
D3729	indexation recherche document algorithme resultat utilisateur pertinent collection rappel texte index
D3730	moteur resultat precision indexation collection systeme index pertinent recherche rappel
D3731	document collection web classement pertinent information inverse rappel indexation
D3732	algorithme rappel resultat indexation requete texte terme precision
D3733	algorithme rappel resultat information utilisateur recherche
D3734	terme systeme index recherche collection pertinent classement rappel indexation utilisateur inverse document
D3735	precision index collection information resultat rappel classement recherche indexation systeme pertinent
D3736	web systeme resultat indexation document
D3737	rappel pertinent terme texte inverse requete classement
D3738	indexation classement precision terme inverse
D3739	algorithme rappel moteur pertinent utilisateur collection classement document systeme information precision inverse
D3740	classement inverse recherche web index utilisateur
D3741	precision collection systeme index information
D3742	rappel requete precision index web texte resultat algorithme information systeme inverse
D3743	index rappel texte web terme classement systeme
D3744	texte classement algorithme collection precision
D3745	resultat inverse terme utilisateur pertinent texte recherche indexation collection rappel
D3746	classement moteur collection recherche utilisateur precision document indexation rappel requete systeme terme
D3747	recherche rappel terme algorithme resultat document
D3748	terme classement precision utilisateur collection texte inverse systeme
D3749	information precision recherche moteur utilisateur systeme rappel
D3750	document collection information resultat utilisateur classement pertinent rappel index
D3751	recherche precision pertinent web rappel information indexation terme algorithme texte index
D3752	document inverse utilisateur recherche requete algorithme terme web indexation precision texte
D3753	utilisateur terme rappel systeme information
D3754	moteur classement recherche texte information resultat terme
D3755	utilisateur systeme inverse terme web precision indexation collection texte resultat requete
D3756	inverse texte index rappel algorithme
D3757	classement moteur indexation utilisateur collection rappel texte requete systeme
D3758	classement information precision inverse rappel indexation
D3759	utilisateur indexation requete rappel web index
D3760	systeme information algorithme rappel requete indexation pertinent utilisateur
D3761	requete rappel algorithme web classement
D3762	terme pertinent utilisateur recherche texte information collection
D3763	information algorithme precision resultat index systeme inverse recherche utilisateur requete rappel classement
D3764	rappel systeme pertinent inverse recherche algorithme web terme requete moteur index
D3765	indexation rappel pertinent collection information classement
D3766	requete terme systeme web texte document indexation inverse pertinent information resultat
D3767	inverse web pertinent moteur resultat index utilisateur requete systeme classement
D3768	indexation algorithme collection classement utilisateur inverse moteur
D3769	information rappel systeme precision resultat algorithme inverse pertinent terme texte
D3770	terme classement pertinent web information resultat
D3771	indexation texte document requete precision inverse information index systeme
D3772	requete systeme pertinent collection indexation
D3773	requete utilisateur collection precision moteur algorithme texte index rappel resultat classement
D3774	requete document pertinent inverse resultat systeme recherche moteur utilisateur classement
D3775	web moteur recherche index precision inverse pertinent utilisateur classement indexation document algorithme
D3776	classement web recherche systeme utilisateur terme resultat
D3777	utilisateur web requete rappel recherche texte
D3778	web pertinent index collection rappel moteur document
D3779	collection terme texte document index precision web classement systeme resultat
D3780	index rappel requete pertinent collection indexation
D3781	recherche algorithme collection requete moteur web
D3782	moteur classement terme recherche collection index requete web rappel precision
D3783	precision indexation recherche resultat algorithme inverse information document index
D3784	index utilisateur information indexation systeme inverse requete rappel
D3785	moteur web classement indexation resultat pertinent rappel document
D3786	moteur resultat algorithme web rappel systeme index utilisateur indexation requete terme
D3787	algorithme utilisateur texte resultat precision rappel
D3788	algorithme moteur utilisateur requete index texte information pertinent classement
D3789	collection classement indexation texte web requete moteur systeme utilisateur recherche rappel pertinent
D3790	web resultat precision index indexation recherche pertinent information rappel texte systeme
D3791	classement resultat recherche terme inverse moteur
D3792	index rappel algorithme inverse systeme
D3793	pertinent terme systeme precision recherche information index web
D3794	rappel recherche indexation inverse web document requete algorithme information
D3795	precision systeme collection index document information indexation moteur
D3796	algorithme classement rappel pertinent collection inverse precision moteur
D3797	terme algorithme document recherche texte classement
D3798	recherche precision web indexation inverse collection index algorithme systeme moteur rappel
D3799	moteur web indexation systeme utilisateur
D3800	rappel moteur algorithme terme pertinent precision texte requete collection document index information
D3801	terme information web moteur document recherche requete precision
D3802	document terme classement rappel recherche
D3803	moteur precision document information classement terme indexation rappel index requete collection
D3804	collection information rappel index web requete algorithme texte precision resultat document
D3805	utilisateur information resultat inverse classement pertinent
D3806	precision resultat document requete index
D3807	index recherche moteur algorithme information
D3808	texte indexation systeme information classement recherche terme document web moteur
D3809	utilisateur precision terme resultat indexation information pertinent document inverse web requete algorithme
D3810	indexation moteur index systeme algorithme utilisateur inverse terme texte document
D3811	requete information pertinent utilisateur inverse systeme terme moteur classement indexation
D3812	inverse document precision texte utilisateur indexation classement moteur systeme
D3813	information classement indexation requete web
D3814	texte web precision inverse classement algorithme indexation resultat
D3815	recherche requete terme inverse classement indexation systeme web collection precision
D3816	information algorithme systeme index pertinent inverse texte document rappel terme collection classement
D3817	algorithme precision recherche utilisateur index pertinent resultat information indexation terme
D3818	algorithme web requete recherche pertinent precision information moteur index resultat systeme
D3819	index terme indexation recherche web document resultat texte
D3820	information algorithme index document texte collection moteur precision rappel resultat pertinent
D3821	pertinent texte systeme utilisateur information resultat requete document
D3822	pertinent recherche document classement rappel collection inverse information
D3823	terme resultat requete information systeme texte precision utilisateur classement
D3824	recherche rappel document systeme precision web resultat texte indexation index
D3825	inverse collection indexation web systeme rappel utilisateur resultat information classement index pertinent
D3826	indexation requete pertinent inverse recherche document collection resultat algorithme index
D3827	pertinent information texte web terme collection index recherche document moteur utilisateur resultat
D3828	collection resultat algorithme rappel utilisateur information terme moteur
D3829	collection classement document algorithme terme
D3830	moteur systeme classement rappel collection document index information
D3831	precision resultat systeme rappel pertinent index web collection requete classement
D3832	classement pertinent terme algorithme document information
D3833	indexation requete pertinent systeme utilisateur collection texte algorithme moteur
D3834	utilisateur web resultat index document rappel terme pertinent inverse information
D3835	requete document recherche web texte utilisateur indexation moteur precision terme rappel systeme
D3836	classement recherche index requete algorithme resultat information terme web inverse
D3837	document resultat recherche texte pertinent classement terme rappel information collection systeme
D3838	index rappel inverse document precision algorithme classement recherche pertinent indexation resultat systeme
D3839	web requete recherche rappel document utilisateur information terme texte indexation
D3840	moteur texte information resultat systeme web classement rappel algorithme
D3841	requete index systeme indexation utilisateur terme collection information texte moteur inverse
D3842	utilisateur texte web moteur requete resultat algorithme classement document collection
D3843	information web utilisateur moteur document texte systeme index
D3844	texte information inverse precision collection algorithme terme classement indexation
D3845	inverse requete web texte terme document information
D3846	utilisateur web requete terme index texte pertinent information classement moteur systeme indexation
D3847	web information terme utilisateur pertinent
D3848	index classement pertinent inverse utilisateur terme
D3849	inverse pertinent recherche classement information terme systeme requete index utilisateur indexation
D3850	texte information pertinent precision inverse recherche moteur algorithme collection terme indexation web
D3851	classement utilisateur systeme inverse precision moteur collection pertinent indexation
D3852	inverse web classement information pertinent terme index requete indexation document collection rappel
D3853	classement terme information requete recherche texte
D3854	classement recherche document pertinent terme utilisateur index requete
D3855	requete recherche collection indexation algorithme precision rappel texte terme resultat classement web
D3856	algorithme moteur precision document requete inverse collection rappel index web classement recherche
D3857	index indexation utilisateur document web terme information classement rappel algorithme moteur
D3858	texte indexation classement precision recherche
D3859	texte precision index document pertinent
D3860	pertinent resultat terme moteur precision texte web
D3861	index inverse document indexation terme systeme algorithme
D3862	moteur collection recherche index algorithme texte precision information web document inverse resultat
D3863	document index requete indexation classement terme collection inverse pertinent
D3864	index terme classement inverse rappel web moteur
D3865	pertinent utilisateur moteur recherche requete document precision
D3866	systeme inverse classement requete pertinent indexation terme precision algorithme information utilisateur moteur
D3867	terme information systeme moteur rappel pertinent web
D3868	algorithme collection systeme classement precision
D3869	texte utilisateur indexation classement index inverse algorithme rappel
D3870	moteur inverse precision pertinent web terme texte information document utilisateur collection classement
D3871	terme pertinent algorithme document inverse systeme rappel recherche
D3872	recherche classement terme index collection texte
D3873	indexation requete texte algorithme utilisateur
D3874	indexation index moteur rappel systeme pertinent
D3875	information rappel classement inverse terme resultat collection
D3876	information algorithme utilisateur index pertinent classement inverse recherche requete indexation collection web
D3877	classement indexation pertinent inverse rappel index web collection
D3878	moteur texte information precision recherche utilisateur algorithme
D3879	resultat document collection pertinent inverse information classement requete
D3880	requete rappel algorithme inverse recherche pertinent precision terme moteur
D3881	inverse rappel pertinent algorithme systeme texte precision classement recherche terme moteur utilisateur
D3882	indexation utilisateur collection terme algorithme recherche inverse web resultat rappel systeme
D3883	collection terme precision rappel moteur web pertinent classement
D3884	pertinent precision recherche indexation inverse requete
D3885	information moteur rappel requete classement inverse utilisateur precision document indexation
D3886	collection inverse resultat document systeme index texte moteur information indexation pertinent utilisateur
D3887	resultat recherche texte web precision
D3888	information texte index inverse document systeme utilisateur algorithme resultat rappel collection web
D3889	terme inverse recherche algorithme classement pertinent collection information resultat moteur
D3890	inverse classement algorithme document resultat
D3891	index classement systeme recherche web
D3892	rappel algorithme moteur information recherche systeme
D3893	precision moteur information classement algorithme texte rappel index document systeme
D3894	utilisateur moteur systeme web requete resultat inverse pertinent document indexation terme recherche
D3895	terme moteur recherche systeme inverse index texte classement utilisateur precision information
D3896	recherche resultat indexation information collection inverse requete
D3897	inverse terme algorithme recherche pertinent
D3898	rappel requete algorithme terme web indexation collection inverse classement systeme information
D3899	requete utilisateur indexation information terme moteur recherche classement rappel precision collection algorithme
D3900	classement requete recherche indexation information systeme collection index terme inverse precision
D3901	information recherche document inverse requete web terme systeme
D3902	information collection rappel systeme texte terme inverse recherche utilisateur
D3903	requete systeme web collection utilisateur algorithme
D3904	recherche information systeme algorithme utilisateur rappel resultat moteur collection
D3905	requete collection systeme resultat texte rappel classement pertinent moteur precision inverse
D3906	indexation collection web recherche utilisateur resultat requete classement texte document
D3907	texte web moteur terme resultat index recherche information pertinent
D3908	classement terme document rappel pertinent
D3909	pertinent texte collection indexation rappel recherche requete
D3910	collection algorithme terme recherche utilisateur pertinent
D3911	terme recherche resultat document classement moteur
D3912	web requete classement rappel texte resultat
D3913	pertinent information inverse indexation rappel algorithme utilisateur classement
D3914	classement information indexation collection utilisateur index algorithme resultat requete moteur terme
D3915	texte algorithme web utilisateur collection systeme terme requete precision
D3916	requete utilisateur document inverse indexation systeme texte
D3917	document inverse resultat moteur requete collection
D3918	classement indexation resultat terme document collection web moteur texte
D3919	recherche systeme utilisateur texte terme web precision requete moteur
D3920	inverse algorithme moteur utilisateur classement requete recherche terme systeme pertinent collection
D3921	classement web requete systeme index inverse rappel recherche indexation pertinent moteur
D3922	collection pertinent algorithme resultat rappel index document
D3923	utilisateur resultat web algorithme rappel index collection precision recherche systeme information terme
D3924	collection indexation texte requete moteur algorithme utilisateur terme
D3925	pertinent resultat web classement recherche requete texte indexation
D3926	resultat terme pertinent recherche collection web algorithme index classement rappel utilisateur
D3927	classement information utilisateur requete resultat inverse systeme algorithme moteur recherche indexation
D3928	resultat information moteur collection recherche precision algorithme indexation texte rappel terme utilisateur
D3929	systeme rappel terme resultat algorithme
D3930	collection texte index classement requete resultat moteur
D3931	collection terme algorithme classement texte web precision rappel index
D3932	inverse terme requete indexation recherche collection precision classement
D3933	index recherche resultat indexation classement rappel collection inverse document requete
D3934	classement texte terme precision systeme recherche collection
D3935	indexation web texte recherche inverse index resultat rappel utilisateur
D3936	indexation resultat web utilisateur requete
D3937	systeme utilisateur index collection information recherche inverse
D3938	pertinent web collection inverse classement precision algorithme texte resultat terme requete
D3939	moteur requete classement pertinent web systeme utilisateur information rappel
D3940	texte index web terme recherche rappel
D3941	indexation terme systeme collection information classement index utilisateur resultat rappel web inverse
D3942	classement precision moteur index information
D3943	information recherche precision document index pertinent texte collection moteur utilisateur algorithme rappel
D3944	classement utilisateur inverse indexation web algorithme systeme collection
D3945	requete utilisateur pertinent recherche document collection index
D3946	systeme pertinent algorithme indexation utilisateur index moteur recherche rappel information
D3947	rappel moteur systeme resultat pertinent algorithme
D3948	collection algorithme systeme pertinent document terme classement recherche precision rappel utilisateur
D3949	collection texte web rappel requete
D3950	index algorithme utilisateur systeme precision collection inverse
D3951	utilisateur indexation precision rappel systeme index pertinent inverse collection texte
D3952	utilisateur rappel terme information inverse recherche web collection
D3953	resultat classement moteur document systeme utilisateur pertinent
D3954	texte indexation collection information terme algorithme
D3955	indexation web resultat moteur requete algorithme rappel terme
D3956	precision inverse resultat moteur texte requete collection algorithme web
D3957	algorithme inverse precision rappel requete web utilisateur information document classement index systeme
D3958	precision classement algorithme requete rappel texte systeme
D3959	systeme document information utilisateur recherche inverse index collection algorithme precision web
D3960	terme indexation utilisateur pertinent systeme inverse precision information classement requete recherche
D3961	recherche utilisateur systeme requete document collection rappel
D3962	pertinent algorithme document moteur requete systeme texte collection resultat inverse recherche rappel
D3963	collection resultat precision pertinent utilisateur classement index rappel indexation systeme recherche
D3964	algorithme index collection systeme document terme
D3965	recherche pertinent terme precision utilisateur indexation
D3966	resultat inverse document algorithme classement recherche collection systeme web information precision
D3967	algorithme index document resultat collection systeme recherche texte inverse
D3968	recherche indexation pertinent resultat index inverse rappel web
D3969	information document recherche pertinent utilisateur classement algorithme index web systeme requete collection
D3970	requete recherche algorithme web document pertinent systeme
D3971	terme requete web texte information document systeme indexation classement moteur pertinent
D3972	rappel information requete classement document algorithme web systeme collection recherche
D3973	utilisateur terme information document algorithme
D3974	document pertinent terme web information precision systeme inverse
D3975	systeme index requete classement precision utilisateur algorithme web recherche indexation moteur
D3976	texte moteur terme classement collection recherche web algorithme document precision
D3977	texte requete information systeme algorithme terme collection web classement
D3978	pertinent classement terme requete systeme collection precision document inverse resultat information
D3979	utilisateur rappel algorithme pertinent texte recherche
D3980	rappel recherche document classement terme indexation inverse algorithme requete systeme
D3981	classement rappel texte terme information moteur resultat collection web systeme algorithme
D3982	moteur requete systeme texte classement precision terme recherche algorithme
D3983	collection information document terme pertinent
D3984	resultat precision web indexation rappel requete moteur utilisateur
D3985	information utilisateur moteur requete document index collection algorithme terme precision systeme rappel
D3986	recherche resultat texte document algorithme terme systeme
D3987	web rappel document requete inverse
D3988	collection algorithme classement moteur inverse utilisateur systeme terme rappel index texte
D3989	information terme requete pertinent resultat texte
D3990	terme information recherche classement web rappel
D3991	resultat collection pertinent recherche precision systeme
D3992	classement rappel requete indexation utilisateur precision resultat inverse index information algorithme collection
D3993	classement information web rappel systeme document collection algorithme utilisateur resultat terme requete
D3994	utilisateur algorithme pertinent requete index recherche terme systeme
D3995	pertinent collection indexation resultat rappel algorithme classement
D3996	rappel inverse index web resultat classement moteur texte collection recherche requete information
D3997	information collection requete utilisateur resultat terme texte
D3998	algorithme rappel systeme recherche document classement terme texte resultat indexation index
D3999	information rappel index web pertinent collection recherche
D4000	moteur collection classement information document
D4001	indexation information texte inverse resultat recherche pertinent systeme rappel utilisateur collection
D4002	terme pertinent texte resultat rappel classement
D4003	web systeme moteur texte collection requete
D4004	index texte information moteur collection pertinent web systeme requete inverse resultat
D4005	information moteur indexation terme requete rappel recherche
D4006	texte requete recherche resultat precision
D4007	rappel classement pertinent index utilisateur resultat information texte
D4008	information recherche web texte terme
D4009	precision utilisateur inverse rappel recherche texte classement moteur index
D4010	inverse terme web recherche classement
D4011	texte requete inverse classement collection
D4012	utilisateur systeme resultat information terme
D4013	information requete classement recherche moteur inverse terme algorithme
D4014	indexation resultat web requete collection
D4015	index recherche information terme rappel resultat
D4016	systeme rappel terme classement algorithme moteur
D4017	index rappel precision recherche utilisateur document inverse moteur algorithme systeme resultat requete
D4018	precision terme recherche resultat indexation classement systeme
D4019	indexation recherche collection moteur rappel information systeme web
D4020	pertinent index terme indexation requete
D4021	document systeme resultat precision classement terme texte web indexation recherche collection information
D4022	systeme pertinent precision requete document rappel recherche indexation
D4023	utilisateur pertinent moteur recherche precision inverse
D4024	information requete collection document terme index utilisateur web pertinent
D4025	moteur classement web systeme texte requete utilisateur rappel
D4026	resultat inverse precision systeme index recherche utilisateur document terme
D4027	indexation index information texte rappel systeme algorithme pertinent web recherche
D4028	document moteur utilisateur pertinent index inverse precision rappel algorithme texte information systeme
D4029	rappel document inverse web texte utilisateur moteur pertinent index precision
D4030	web collection index document utilisateur resultat algorithme indexation
D4031	collection web rappel pertinent systeme recherche texte requete utilisateur
D4032	pertinent utilisateur texte inverse systeme requete precision algorithme resultat rappel
D4033	web inverse algorithme information moteur pertinent recherche classement document resultat terme utilisateur
D4034	pertinent algorithme texte recherche moteur indexation precision utilisateur
D4035	classement recherche requete algorithme precision texte moteur
D4036	rappel web texte algorithme utilisateur inverse recherche systeme
D4037	moteur texte information indexation resultat precision inverse collection requete utilisateur index terme
D4038	web precision recherche collection index inverse pertinent requete
D4039	rappel precision moteur index algorithme
D4040	algorithme resultat recherche document indexation
D4041	resultat classement information systeme collection rappel requete algorithme index
D4042	pertinent recherche precision web index classement inverse
D4043	precision document web texte recherche classement index
D4044	precision systeme document indexation classement utilisateur recherche moteur collection rappel algorithme
D4045	rappel requete texte terme recherche index algorithme
D4046	resultat moteur indexation utilisateur pertinent terme
D4047	systeme resultat recherche index pertinent rappel requete algorithme web classement moteur collection
D4048	systeme rappel collection requete precision
D4049	rappel algorithme information requete inverse pertinent moteur index indexation precision texte classement
D4050	texte information indexation pertinent index algorithme terme
D4051	web systeme algorithme utilisateur information
D4052	systeme algorithme classement utilisateur inverse terme recherche requete rappel texte
D4053	index resultat precision indexation terme
D4054	resultat pertinent moteur web classement recherche rappel information
D4055	terme classement rappel pertinent inverse systeme collection algorithme precision information
D4056	indexation pertinent classement terme texte document moteur inverse utilisateur
D4057	requete inverse index pertinent classement systeme document algorithme precision
D4058	collection classement web rappel moteur
D4059	precision utilisateur recherche resultat requete
D4060	requete recherche pertinent terme resultat inverse moteur index texte document information
D4061	precision terme web algorithme moteur indexation resultat systeme classement document collection rappel
D4062	texte resultat indexation rappel information inverse document web collection index algorithme
D4063	information web recherche pertinent terme texte moteur systeme precision
D4064	resultat inverse rappel web index pertinent utilisateur
D4065	index rappel precision texte moteur document indexation
D4066	web precision systeme indexation rappel resultat index information recherche
D4067	collection texte systeme classement requete terme precision recherche
D4068	index classement document utilisateur indexation systeme rappel inverse pertinent
D4069	recherche texte information rappel document classement web index algorithme moteur
D4070	information algorithme web document utilisateur classement texte recherche resultat systeme rappel
D4071	systeme pertinent web texte collection
D4072	utilisateur terme systeme inverse information recherche classement precision requete moteur
D4073	moteur classement utilisateur indexation recherche resultat terme precision document collection texte
D4074	index information classement systeme indexation algorithme precision web rappel texte utilisateur resultat
D4075	resultat information rappel texte document
D4076	classement document index requete recherche terme
D4077	collection information recherche web requete document resultat
D4078	web requete inverse utilisateur precision texte terme index indexation document resultat collection
D4079	terme index utilisateur classement precision
D4080	document systeme web recherche indexation requete classement collection utilisateur
D4081	index rappel algorithme classement terme indexation utilisateur precision requete inverse
D4082	algorithme indexation information requete document terme systeme web classement precision
D4083	inverse information pertinent texte requete collection rappel
D4084	inverse moteur classement resultat requete
D4085	utilisateur inverse algorithme moteur systeme indexation terme rappel requete
D4086	classement utilisateur information algorithme systeme inverse document moteur terme collection index
D4087	systeme classement moteur precision index terme texte rappel information
D4088	web resultat document recherche information
D4089	rappel utilisateur algorithme indexation precision systeme resultat pertinent information index moteur document
D4090	moteur precision systeme web collection requete
D4091	systeme classement information indexation utilisateur requete algorithme rappel recherche precision
D4092	classement algorithme document collection requete pertinent moteur terme indexation index
D4093	pertinent moteur inverse utilisateur index resultat algorithme web recherche rappel
D4094	precision recherche web index document
D4095	algorithme terme utilisateur inverse systeme resultat precision requete
D4096	terme recherche classement index pertinent document requete resultat information
D4097	document indexation texte utilisateur moteur information
D4098	terme requete algorithme classement index texte
D4099	resultat information classement algorithme collection web recherche inverse systeme utilisateur indexation rappel
D4100	moteur texte index indexation resultat rappel document systeme collection terme pertinent
D4101	web terme resultat moteur recherche texte inverse
D4102	requete classement information algorithme inverse
D4103	systeme precision classement rappel terme document collection algorithme pertinent utilisateur texte index
D4104	texte algorithme pertinent precision utilisateur indexation moteur web
D4105	algorithme rappel inverse precision collection systeme
D4106	precision indexation texte moteur recherche information index
D4107	pertinent terme algorithme indexation classement resultat moteur inverse requete texte
D4108	collection terme inverse index precision information
D4109	algorithme inverse document index utilisateur web systeme indexation precision information classement collection
D4110	resultat texte collection information moteur precision
D4111	recherche information indexation classement web
D4112	systeme algorithme collection precision resultat recherche texte classement indexation
D4113	moteur terme inverse precision information web
D4114	index pertinent recherche terme systeme resultat inverse classement utilisateur algorithme document
D4115	algorithme indexation classement utilisateur texte rappel document web index requete precision inverse
D4116	index document algorithme collection indexation terme moteur texte pertinent requete
D4117	moteur recherche resultat terme rappel utilisateur pertinent collection information systeme precision classement
D4118	pertinent algorithme texte requete terme classement utilisateur rappel resultat
D4119	indexation requete index algorithme recherche utilisateur collection document inverse web information
D4120	resultat inverse web precision terme recherche classement algorithme systeme indexation
D4121	rappel moteur collection document pertinent texte
D4122	index document rappel web resultat
D4123	recherche classement collection pertinent requete moteur web
D4124	web systeme document algorithme texte collection inverse terme index recherche
D4125	terme information requete inverse rappel recherche
D4126	recherche indexation texte collection terme inverse
D4127	utilisateur resultat collection web texte indexation rappel inverse pertinent document systeme
D4128	classement utilisateur document information terme recherche index requete indexation algorithme resultat rappel
D4129	inverse information utilisateur web indexation algorithme moteur collection
D4130	recherche web pertinent texte terme rappel algorithme inverse resultat systeme indexation collection
D4131	indexation rappel recherche classement document terme web index precision
D4132	information algorithme texte pertinent collection web recherche inverse
D4133	information web texte pertinent rappel utilisateur
D4134	inverse web resultat information terme
D4135	requete pertinent algorithme resultat classement
D4136	systeme web index pertinent utilisateur rappel inverse recherche classement collection resultat texte
D4137	requete web document moteur precision utilisateur algorithme systeme pertinent recherche texte inverse
D4138	classement resultat rappel precision moteur systeme texte pertinent inverse
D4139	systeme texte precision algorithme web document inverse moteur requete resultat
D4140	recherche information resultat document terme moteur inverse indexation
D4141	recherche pertinent index rappel texte inverse web document collection terme
D4142	document terme texte resultat systeme moteur
D4143	rappel indexation systeme algorithme utilisateur
D4144	utilisateur pertinent inverse resultat document index texte indexation recherche systeme moteur
D4145	index pertinent collection web inverse classement requete
D4146	inverse pertinent document collection algorithme requete
D4147	inverse texte recherche rappel requete resultat
D4148	systeme information utilisateur web rappel moteur classement resultat recherche indexation requete algorithme
D4149	pertinent inverse requete moteur classement rappel utilisateur information collection terme
D4150	systeme indexation web information recherche utilisateur
D4151	information web precision document utilisateur moteur algorithme systeme index terme collection
D4152	pertinent systeme classement resultat moteur web utilisateur rappel document recherche index
D4153	information rappel recherche terme collection requete document moteur precision algorithme texte inverse
D4154	algorithme terme classement indexation utilisateur recherche resultat pertinent web texte information precision
D4155	precision web document resultat collection utilisateur
D4156	indexation moteur utilisateur rappel resultat index algorithme terme information precision web
D4157	precision index indexation collection document utilisateur resultat recherche information texte
D4158	texte inverse index requete moteur document algorithme
D4159	classement information rappel terme utilisateur web precision document index requete texte pertinent
D4160	collection requete index algorithme precision classement texte document information pertinent
D4161	pertinent systeme terme rappel classement
D4162	systeme requete pertinent collection rappel classement utilisateur algorithme indexation precision resultat
D4163	index classement collection recherche systeme utilisateur inverse
D4164	pertinent resultat terme indexation rappel document classement collection
D4165	moteur requete inverse algorithme systeme information collection pertinent
D4166	classement algorithme web terme rappel document requete recherche inverse pertinent
D4167	collection recherche algorithme web requete precision systeme indexation
D4168	precision information utilisateur systeme indexation rappel moteur recherche inverse terme
D4169	precision texte indexation collection systeme requete inverse
D4170	algorithme index resultat recherche web rappel texte
D4171	collection precision resultat index texte recherche requete
D4172	collection systeme rappel moteur precision
D4173	moteur index document web resultat indexation precision recherche information collection classement
D4174	moteur resultat recherche index utilisateur texte information systeme
D4175	classement terme texte precision web pertinent collection inverse information resultat rappel requete
D4176	recherche precision systeme terme inverse requete document resultat utilisateur texte information web
D4177	inverse texte terme resultat collection web pertinent
D4178	texte requete utilisateur terme pertinent document precision indexation index resultat web rappel
D4179	rappel index requete web systeme
D4180	moteur algorithme texte pertinent index requete recherche inverse information
D4181	information web index requete terme systeme recherche rappel classement precision pertinent
D4182	systeme moteur document texte algorithme utilisateur requete
D4183	recherche utilisateur indexation classement collection precision inverse texte information systeme pertinent
D4184	index recherche collection texte terme classement resultat precision systeme document indexation
D4185	algorithme texte utilisateur document moteur
D4186	terme indexation rappel precision recherche systeme requete web
D4187	recherche precision document rappel systeme inverse information moteur utilisateur algorithme pertinent
D4188	recherche inverse web precision systeme requete terme indexation resultat rappel collection
D4189	requete systeme index classement moteur texte information pertinent document
D4190	classement systeme web index inverse texte information collection utilisateur rappel requete
D4191	utilisateur inverse precision systeme algorithme
D4192	algorithme classement systeme terme texte
D4193	indexation pertinent rappel algorithme information classement texte requete collection
D4194	requete resultat indexation document inverse information algorithme precision index rappel utilisateur classement
D4195	texte recherche index information moteur terme pertinent precision document
D4196	classement precision pertinent resultat recherche moteur
D4197	inverse moteur classement terme document web information
D4198	systeme indexation recherche web index rappel precision moteur information classement
D4199	moteur resultat indexation texte document requete utilisateur information recherche web
D4200	inverse pertinent information recherche document systeme utilisateur terme classement indexation
D4201	inverse texte indexation moteur index requete
D4202	document index resultat information indexation
D4203	algorithme rappel document utilisateur recherche
D4204	requete texte algorithme document inverse web
D4205	information resultat classement moteur rappel document recherche terme collection precision indexation
D4206	algorithme rappel recherche web index
D4207	inverse systeme index collection recherche information rappel precision document web
D4208	terme document information utilisateur requete index rappel
D4209	inverse information collection document terme algorithme pertinent web classement precision recherche index
D4210	index information moteur utilisateur recherche inverse rappel algorithme terme pertinent indexation systeme
D4211	terme inverse algorithme information rappel texte index pertinent systeme requete indexation
D4212	requete index inverse pertinent terme web systeme recherche collection texte classement resultat
D4213	pertinent texte moteur algorithme classement indexation recherche information collection
D4214	web precision inverse pertinent requete index indexation recherche texte
D4215	algorithme requete collection rappel utilisateur index web precision
D4216	indexation information pertinent precision rappel texte terme utilisateur recherche
D4217	index indexation recherche pertinent texte algorithme information
D4218	texte recherche pertinent classement collection
D4219	resultat terme pertinent indexation texte
D4220	classement collection recherche requete texte information index terme document systeme algorithme precision
D4221	index web collection algorithme classement texte document recherche precision
D4222	requete rappel classement document recherche
D4223	texte terme inverse utilisateur classement index systeme moteur
D4224	requete utilisateur moteur classement pertinent terme
D4225	utilisateur terme index document systeme indexation classement resultat texte recherche requete algorithme
D4226	moteur recherche web collection utilisateur
D4227	index terme web requete moteur texte inverse collection document utilisateur classement pertinent
D4228	document information recherche precision indexation moteur classement rappel terme requete algorithme
D4229	web utilisateur resultat information moteur systeme pertinent index recherche
D4230	utilisateur pertinent classement information web recherche document rappel indexation texte collection systeme
D4231	document index requete systeme resultat algorithme precision web
D4232	algorithme collection utilisateur document classement
D4233	requete information pertinent texte inverse classement utilisateur recherche indexation systeme
D4234	rappel indexation systeme pertinent resultat precision utilisateur classement texte
D4235	systeme pertinent recherche indexation web terme resultat precision index information document
D4236	texte utilisateur systeme requete web
D4237	texte requete resultat collection systeme document indexation recherche algorithme moteur web classement
D4238	utilisateur inverse moteur collection resultat classement
D4239	algorithme systeme indexation precision web
D4240	recherche moteur precision collection terme texte
D4241	requete inverse precision moteur terme classement
D4242	moteur recherche inverse indexation web precision classement utilisateur information requete
D4243	algorithme precision information collection indexation requete
D4244	systeme information terme index recherche precision inverse pertinent
D4245	rappel inverse information algorithme utilisateur
D4246	pertinent web classement resultat texte
D4247	document algorithme pertinent recherche terme precision web
D4248	pertinent algorithme resultat information collection inverse moteur texte web indexation classement recherche
D4249	algorithme pertinent utilisateur inverse resultat texte index precision systeme requete moteur
D4250	pertinent terme collection web classement index utilisateur indexation
D4251	systeme indexation texte algorithme web pertinent document collection inverse resultat classement moteur
D4252	classement information index document algorithme indexation rappel web
D4253	pertinent requete document inverse utilisateur systeme recherche precision index algorithme
D4254	moteur algorithme precision resultat texte classement collection requete
D4255	web information collection document pertinent inverse
D4256	indexation requete systeme inverse web
D4257	resultat requete index systeme inverse algorithme recherche information
D4258	document precision requete index utilisateur information pertinent indexation
D4259	pertinent web rappel moteur algorithme information resultat classement collection precision inverse index
D4260	recherche resultat index requete algorithme precision inverse
D4261	collection utilisateur pertinent requete terme resultat indexation texte
D4262	utilisateur resultat index document pertinent texte rappel requete algorithme indexation systeme
D4263	texte systeme inverse classement recherche precision requete
D4264	inverse rappel index information pertinent moteur requete terme indexation
D4265	precision pertinent texte collection web recherche requete classement resultat terme moteur information
D4266	moteur utilisateur algorithme texte indexation
D4267	web document resultat index requete collection precision
D4268	rappel resultat index web systeme
D4269	requete algorithme index document precision pertinent
D4270	moteur systeme index precision recherche algorithme indexation classement terme pertinent texte requete
D4271	requete algorithme pertinent document texte moteur inverse index
D4272	algorithme indexation classement index web requete texte information pertinent
D4273	classement moteur indexation systeme pertinent requete information rappel
D4274	index algorithme indexation collection inverse recherche document information pertinent systeme
D4275	document web information inverse precision requete moteur rappel collection classement resultat terme
D4276	recherche moteur precision classement utilisateur rappel systeme inverse document index algorithme
D4277	recherche terme systeme inverse document index
D4278	rappel document indexation precision inverse classement utilisateur terme pertinent web requete systeme
D4279	information rappel moteur indexation resultat terme requete systeme
D4280	web algorithme collection inverse terme pertinent systeme texte index
D4281	inverse indexation information resultat algorithme terme moteur
D4282	pertinent document terme web indexation systeme recherche collection index inverse requete
D4283	document algorithme requete texte classement
D4284	document requete systeme moteur recherche
D4285	utilisateur resultat pertinent indexation information requete rappel texte index
D4286	utilisateur rappel resultat systeme terme index document
D4287	resultat rappel algorithme web document inverse pertinent texte
D4288	resultat systeme web recherche rappel texte pertinent
D4289	document inverse web information rappel indexation texte algorithme moteur precision
D4290	algorithme rappel requete inverse web index collection pertinent terme texte precision
D4291	web document precision requete collection pertinent indexation inverse texte classement
D4292	precision collection moteur requete terme systeme pertinent index information resultat classement web
D4293	utilisateur systeme rappel indexation index texte algorithme classement recherche moteur document terme
D4294	terme recherche indexation collection texte inverse systeme algorithme document
D4295	classement precision indexation terme document resultat
D4296	pertinent recherche inverse resultat web systeme texte document utilisateur moteur algorithme
D4297	precision recherche utilisateur index classement moteur information terme
D4298	web rappel recherche precision texte indexation resultat
D4299	recherche precision web pertinent resultat classement
D4300	classement precision index rappel document
D4301	moteur utilisateur information indexation classement texte precision algorithme
D4302	indexation collection information document texte systeme inverse resultat classement
D4303	classement utilisateur precision texte index terme document requete information recherche
D4304	recherche terme texte information algorithme indexation inverse pertinent requete classement moteur precision
D4305	algorithme texte recherche rappel web
D4306	pertinent web document terme index information inverse classement texte recherche rappel
D4307	utilisateur collection texte resultat document requete information moteur pertinent
D4308	texte resultat terme algorithme rappel web systeme indexation
D4309	texte recherche systeme index requete rappel document precision algorithme
D4310	index inverse precision indexation utilisateur classement collection resultat systeme texte
D4311	texte information rappel pertinent resultat systeme indexation requete classement recherche moteur
D4312	utilisateur recherche index web inverse moteur
D4313	requete terme pertinent moteur texte information utilisateur rappel inverse web recherche document
D4314	systeme index recherche utilisateur precision pertinent information
D4315	document index requete terme precision web inverse
D4316	information classement indexation terme texte
D4317	rappel classement moteur inverse information index terme pertinent resultat indexation precision
D4318	resultat document collection pertinent information moteur classement precision
D4319	classement resultat systeme texte rappel utilisateur indexation precision algorithme terme pertinent
D4320	moteur requete texte classement index inverse information
D4321	classement terme algorithme resultat pertinent texte document recherche utilisateur moteur indexation
D4322	recherche indexation rappel requete utilisateur pertinent precision collection web
D4323	texte algorithme resultat systeme requete information pertinent
D4324	texte classement requete precision web algorithme rappel utilisateur systeme index collection
D4325	precision classement systeme web inverse
D4326	utilisateur pertinent rappel inverse terme systeme
D4327	systeme utilisateur information algorithme precision
D4328	resultat requete indexation systeme information inverse document rappel moteur
D4329	terme moteur classement web document recherche utilisateur indexation algorithme
D4330	indexation rappel classement requete information inverse systeme algorithme utilisateur pertinent collection texte
D4331	texte recherche inverse resultat indexation requete algorithme pertinent classement
D4332	precision pertinent recherche collection classement inverse resultat rappel systeme web indexation
D4333	pertinent index algorithme indexation terme
D4334	resultat classement utilisateur texte inverse information precision algorithme web systeme requete
D4335	indexation web algorithme resultat rappel information index pertinent texte requete classement
D4336	rappel pertinent inverse recherche index document collection texte
D4337	moteur utilisateur precision web algorithme recherche classement systeme index collection indexation
D4338	algorithme classement resultat recherche terme pertinent index moteur texte
D4339	requete algorithme terme utilisateur pertinent document information rappel
D4340	texte indexation information rappel document collection classement requete utilisateur pertinent moteur systeme
D4341	rappel recherche algorithme indexation systeme precision pertinent
D4342	terme recherche utilisateur collection texte requete index rappel web classement algorithme
D4343	document indexation index rappel systeme
D4344	moteur utilisateur recherche requete pertinent resultat indexation terme inverse web
D4345	moteur resultat web precision rappel classement information terme document
D4346	resultat algorithme index inverse precision pertinent web indexation rappel utilisateur moteur document
D4347	document rappel requete algorithme terme
D4348	texte systeme document web indexation resultat utilisateur collection classement recherche index moteur
D4349	recherche index document utilisateur rappel terme
D4350	inverse indexation web collection moteur pertinent classement terme index algorithme texte rappel
D4351	document moteur information inverse requete collection index precision terme systeme web
D4352	utilisateur information document precision indexation collection requete systeme algorithme
D4353	index terme systeme algorithme requete web document indexation precision
D4354	moteur rappel web recherche classement collection requete information pertinent algorithme systeme
D4355	terme document inverse requete information rappel systeme moteur utilisateur classement precision indexation
D4356	collection rappel moteur requete information
D4357	terme requete web collection document classement recherche index utilisateur rappel
D4358	pertinent systeme collection resultat index terme inverse document indexation algorithme recherche
D4359	pertinent terme rappel requete texte moteur systeme classement
D4360	requete moteur rappel recherche terme algorithme classement precision texte
D4361	index pertinent collection information classement requete inverse
D4362	recherche terme index systeme information pertinent texte moteur
D4363	indexation systeme texte moteur recherche resultat algorithme terme
D4364	collection systeme texte moteur utilisateur classement inverse indexation index rappel
D4365	rappel inverse algorithme systeme utilisateur pertinent information recherche classement terme indexation web
D4366	resultat rappel systeme precision indexation texte requete recherche terme utilisateur
D4367	classement indexation precision inverse resultat requete pertinent recherche terme information
D4368	collection algorithme precision utilisateur texte classement resultat terme systeme recherche inverse
D4369	terme web indexation systeme texte precision inverse recherche pertinent
D4370	resultat pertinent rappel precision systeme indexation requete
D4371	terme information rappel algorithme moteur recherche inverse indexation systeme document resultat classement
D4372	algorithme information resultat utilisateur index precision recherche terme classement moteur requete
D4373	classement systeme index indexation information document moteur terme web
D4374	recherche classement inverse pertinent algorithme information requete terme utilisateur
D4375	pertinent document indexation information index
D4376	classement indexation document texte requete resultat rappel index information terme precision
D4377	web requete classement document recherche inverse collection utilisateur pertinent indexation precision
D4378	terme web collection moteur recherche requete pertinent information systeme algorithme classement utilisateur
D4379	texte document precision inverse indexation information
D4380	indexation algorithme information rappel classement moteur precision texte collection index
D4381	requete index information texte recherche precision moteur document systeme terme pertinent
D4382	texte classement moteur index rappel web
D4383	texte requete algorithme classement pertinent recherche index resultat web
D4384	web resultat inverse classement algorithme
D4385	document requete pertinent rappel information recherche inverse
D4386	systeme recherche precision requete classement utilisateur texte
D4387	pertinent systeme resultat information collection
D4388	requete resultat web terme collection inverse texte indexation algorithme utilisateur recherche
D4389	inverse texte resultat terme requete algorithme systeme utilisateur
D4390	recherche algorithme index classement utilisateur requete
D4391	terme indexation index information recherche moteur algorithme pertinent texte resultat collection
D4392	requete rappel indexation recherche resultat
D4393	recherche systeme moteur texte resultat
D4394	terme requete resultat collection index texte precision rappel utilisateur classement
D4395	document web index precision moteur indexation information algorithme inverse
D4396	index information systeme collection indexation algorithme inverse
D4397	texte inverse algorithme recherche information systeme collection
D4398	rappel recherche systeme precision web resultat collection information texte
D4399	collection precision recherche utilisateur algorithme systeme pertinent
D4400	texte terme resultat classement moteur
D4401	pertinent moteur resultat systeme texte requete
D4402	recherche algorithme precision pertinent resultat index
D4403	inverse collection moteur document terme precision index systeme pertinent classement texte
D4404	document recherche resultat algorithme texte requete
D4405	precision web requete algorithme utilisateur information moteur inverse pertinent indexation classement
D4406	web rappel terme index resultat moteur document indexation systeme
D4407	resultat systeme texte classement precision rappel algorithme pertinent terme utilisateur
D4408	document texte algorithme information inverse collection systeme terme rappel pertinent
D4409	recherche pertinent requete systeme collection classement terme precision web inverse information indexation
D4410	systeme texte inverse moteur rappel recherche
D4411	classement systeme moteur terme web information collection resultat indexation
D4412	inverse systeme precision utilisateur document index classement texte terme rappel
D4413	web indexation rappel precision document
D4414	web texte information index recherche resultat utilisateur requete classement indexation
D4415	precision index requete algorithme rappel web
D4416	web inverse terme systeme information collection requete algorithme
D4417	systeme inverse utilisateur classement moteur precision collection resultat information index algorithme terme
D4418	pertinent rappel classement utilisateur inverse recherche precision
D4419	utilisateur classement systeme moteur index document algorithme requete pertinent precision texte
D4420	recherche indexation terme pertinent web rappel document requete collection utilisateur systeme texte
D4421	collection requete precision moteur texte document inverse web pertinent
D4422	pertinent indexation terme precision systeme document rappel texte
D4423	texte systeme inverse requete recherche moteur algorithme information utilisateur rappel resultat collection
D4424	web terme indexation moteur utilisateur index systeme classement resultat requete rappel information
D4425	algorithme indexation document classement collection information inverse resultat pertinent systeme rappel
D4426	terme requete resultat recherche systeme precision classement rappel indexation
D4427	requete terme precision information classement index resultat moteur systeme inverse collection texte
D4428	inverse rappel systeme pertinent indexation algorithme
D4429	information classement rappel inverse index indexation utilisateur moteur requete document terme
D4430	collection moteur utilisateur pertinent texte web recherche terme precision
D4431	inverse utilisateur pertinent classement web collection precision indexation moteur index
D4432	requete pertinent algorithme rappel information terme
D4433	utilisateur resultat inverse document indexation web
D4434	terme precision requete utilisateur recherche systeme information document
D4435	classement document moteur resultat systeme collection information indexation index terme requete texte
D4436	systeme recherche pertinent resultat utilisateur moteur inverse classement
D4437	recherche precision systeme index rappel texte resultat web requete
D4438	indexation algorithme information texte requete web rappel
D4439	terme rappel utilisateur information moteur collection algorithme pertinent inverse index classement
D4440	moteur web terme resultat systeme requete recherche document pertinent precision
D4441	terme web indexation algorithme information recherche requete resultat rappel utilisateur precision
D4442	pertinent precision rappel algorithme recherche
D4443	inverse recherche algorithme terme index
D4444	rappel moteur systeme texte classement terme document precision collection resultat web recherche
D4445	recherche resultat document information rappel algorithme texte index
D4446	indexation index resultat texte precision document information
D4447	requete document collection algorithme information inverse recherche texte terme precision
D4448	moteur indexation utilisateur systeme web pertinent algorithme requete resultat precision rappel document
D4449	index rappel algorithme classement requete utilisateur indexation web resultat information recherche
D4450	inverse systeme collection rappel precision algorithme web
D4451	precision inverse requete texte index terme rappel
D4452	web document recherche collection terme resultat
D4453	collection index recherche moteur web information precision systeme utilisateur texte rappel classement
D4454	web resultat terme indexation information document
D4455	systeme precision pertinent requete terme web moteur algorithme information collection texte classement
D4456	indexation precision requete terme utilisateur rappel collection inverse moteur classement web recherche
D4457	algorithme indexation web systeme texte
D4458	rappel recherche classement indexation algorithme web systeme requete terme collection
D4459	collection resultat recherche document classement
D4460	index terme resultat algorithme moteur precision utilisateur document indexation
D4461	collection web precision recherche requete index algorithme utilisateur systeme rappel
D4462	pertinent terme rappel systeme moteur
D4463	texte moteur requete indexation utilisateur classement terme web
D4464	classement information recherche moteur collection algorithme utilisateur systeme rappel
D4465	resultat moteur utilisateur requete web recherche rappel indexation inverse collection document
D4466	rappel classement algorithme utilisateur resultat index pertinent recherche terme
D4467	terme resultat moteur recherche pertinent web texte systeme
D4468	information web inverse requete resultat
D4469	document precision recherche requete moteur rappel terme systeme texte
D4470	recherche terme classement collection resultat pertinent rappel texte
D4471	rappel indexation precision classement texte algorithme inverse resultat collection systeme terme
D4472	terme precision web systeme texte resultat requete
D4473	recherche web texte requete classement precision document terme index moteur
D4474	pertinent inverse information rappel precision document indexation web moteur index collection texte
D4475	inverse utilisateur resultat precision collection document algorithme moteur
D4476	utilisateur resultat recherche systeme pertinent collection algorithme moteur indexation
D4477	terme texte index rappel classement
D4478	web terme pertinent document rappel
D4479	pertinent index rappel resultat collection terme utilisateur indexation texte web moteur
D4480	indexation algorithme precision pertinent index rappel terme
D4481	utilisateur document resultat rappel algorithme information requete
D4482	pertinent texte resultat rappel utilisateur
D4483	texte information requete recherche terme utilisateur document inverse
D4484	requete inverse web systeme classement moteur
D4485	utilisateur classement texte precision index collection requete algorithme
D4486	texte document precision classement resultat index
D4487	terme precision information utilisateur index rappel texte algorithme classement
D4488	indexation document resultat information recherche web systeme pertinent terme precision
D4489	web recherche collection terme classement moteur algorithme
D4490	rappel utilisateur terme collection resultat index algorithme
D4491	collection algorithme pertinent indexation web requete information rappel recherche inverse
D4492	resultat index pertinent precision inverse indexation utilisateur moteur
D4493	indexation inverse requete terme systeme pertinent
D4494	collection precision information indexation utilisateur algorithme resultat
D4495	document pertinent texte indexation resultat moteur rappel algorithme precision information classement systeme
D4496	index moteur classement information algorithme pertinent precision inverse rappel terme recherche
D4497	precision document information texte recherche systeme terme
D4498	texte inverse utilisateur requete index pertinent moteur terme classement recherche document collection
D4499	inverse collection texte requete document algorithme index terme
D4500	algorithme rappel classement information indexation systeme document
D4501	collection document requete inverse systeme web
D4502	classement moteur index texte collection recherche
D4503	utilisateur rappel collection indexation texte recherche terme classement document
D4504	terme utilisateur classement moteur indexation precision recherche rappel
D4505	inverse information texte document pertinent classement utilisateur recherche rappel moteur
D4506	precision moteur classement collection indexation pertinent algorithme recherche requete inverse
D4507	collection web rappel inverse precision
D4508	collection systeme texte inverse algorithme utilisateur requete information web document
D4509	index algorithme resultat utilisateur texte precision requete recherche classement
D4510	collection classement index rappel recherche inverse utilisateur systeme document precision
D4511	recherche algorithme utilisateur systeme rappel moteur inverse indexation precision information web
D4512	recherche terme web texte collection precision indexation requete utilisateur classement
D4513	texte terme rappel systeme classement
D4514	indexation index systeme utilisateur rappel recherche moteur
D4515	recherche information texte inverse document utilisateur algorithme systeme
D4516	algorithme classement pertinent inverse texte systeme rappel indexation utilisateur information terme
D4517	moteur information systeme texte pertinent document web resultat classement
D4518	rappel web pertinent requete recherche collection texte
D4519	utilisateur terme systeme moteur precision classement collection
D4520	indexation utilisateur inverse recherche moteur pertinent collection
D4521	information recherche algorithme pertinent index document inverse
D4522	rappel indexation requete inverse terme recherche classement
D4523	algorithme pertinent inverse terme rappel texte document utilisateur indexation index information classement
D4524	indexation algorithme requete precision rappel index collection inverse resultat moteur recherche
D4525	resultat algorithme collection index texte information moteur recherche requete pertinent classement inverse
D4526	systeme information texte inverse precision
D4527	information moteur classement index pertinent collection indexation precision inverse document texte
D4528	classement index web indexation moteur systeme
D4529	systeme rappel classement resultat precision pertinent requete collection texte document
D4530	index precision moteur document requete systeme algorithme utilisateur web
D4531	indexation systeme precision inverse index requete collection
D4532	index precision terme indexation algorithme pertinent
D4533	systeme recherche texte moteur classement terme algorithme rappel utilisateur precision
D4534	pertinent requete utilisateur document indexation
D4535	terme indexation algorithme moteur requete texte rappel index inverse
D4536	precision algorithme inverse rappel collection
D4537	requete web indexation index precision
D4538	requete pertinent collection index terme systeme web texte rappel algorithme classement resultat
D4539	precision algorithme collection document recherche indexation pertinent texte classement utilisateur moteur resultat
D4540	collection algorithme systeme information indexation classement texte inverse document pertinent rappel terme
D4541	recherche classement systeme web document
D4542	systeme utilisateur precision algorithme texte terme inverse moteur web resultat indexation
D4543	systeme pertinent requete inverse collection terme index
D4544	information rappel texte moteur precision inverse web terme recherche document
D4545	moteur collection requete pertinent precision algorithme terme recherche indexation resultat
D4546	indexation utilisateur document moteur web terme index inverse classement resultat requete
D4547	algorithme requete information terme texte
D4548	classement information inverse index web systeme moteur document resultat
D4549	index moteur recherche web terme algorithme precision collection texte pertinent
D4550	web document utilisateur inverse rappel systeme recherche
D4551	classement document collection moteur requete pertinent texte information
D4552	systeme document terme web inverse
D4553	systeme collection inverse document indexation
D4554	collection indexation texte requete resultat moteur inverse
D4555	information web resultat texte utilisateur moteur document requete index terme pertinent recherche
D4556	recherche resultat precision document information collection classement algorithme systeme web rappel moteur
D4557	precision recherche collection texte utilisateur document information web rappel
D4558	utilisateur algorithme recherche rappel requete moteur systeme information precision terme collection inverse
D4559	index document utilisateur indexation recherche moteur rappel
D4560	recherche web utilisateur information requete precision document resultat
D4561	resultat information requete index document
D4562	collection systeme recherche index document
D4563	precision systeme resultat terme information index rappel recherche web inverse
D4564	pertinent requete systeme algorithme inverse indexation information resultat index recherche
D4565	pertinent requete moteur resultat classement recherche terme document information indexation
D4566	rappel texte pertinent systeme terme information resultat web
D4567	indexation classement pertinent requete index texte systeme utilisateur rappel moteur information
D4568	texte pertinent web terme recherche
D4569	classement indexation terme collection index information web precision recherche
D4570	index classement document indexation moteur recherche inverse rappel precision resultat requete algorithme
D4571	indexation utilisateur recherche precision web collection texte rappel resultat algorithme
D4572	algorithme moteur terme inverse precision index recherche information rappel web utilisateur
D4573	document algorithme pertinent requete information recherche texte utilisateur
D4574	indexation resultat pertinent moteur systeme requete
D4575	utilisateur document terme requete moteur texte indexation classement rappel pertinent resultat web
D4576	moteur texte web requete indexation
D4577	inverse rappel web texte algorithme resultat moteur requete information collection recherche indexation
D4578	indexation algorithme moteur resultat rappel web
D4579	index recherche web classement precision inverse utilisateur requete pertinent
D4580	resultat systeme precision document recherche inverse classement requete collection rappel moteur
D4581	precision inverse collection document algorithme
D4582	pertinent collection resultat indexation information requete document terme
D4583	web texte document algorithme indexation recherche information inverse
D4584	algorithme terme pertinent moteur texte systeme web
D4585	information rappel web algorithme pertinent systeme precision recherche requete moteur texte
D4586	systeme recherche indexation classement texte resultat inverse pertinent
D4587	recherche precision web inverse index pertinent rappel utilisateur texte terme indexation
D4588	texte systeme algorithme classement web
D4589	terme collection recherche precision rappel
D4590	terme information algorithme index rappel
D4591	systeme indexation collection information precision algorithme resultat index moteur rappel classement
D4592	document moteur requete index web information precision recherche indexation
D4593	indexation algorithme information resultat texte
D4594	algorithme pertinent precision systeme utilisateur classement
D4595	web classement precision requete recherche pertinent document information
D4596	resultat requete document pertinent classement index inverse indexation texte recherche terme moteur
D4597	classement terme index pertinent algorithme web inverse indexation
D4598	indexation terme information inverse texte recherche pertinent
D4599	index web classement utilisateur algorithme
D4600	collection texte classement systeme index algorithme resultat indexation information web pertinent moteur
D4601	utilisateur index moteur classement recherche requete information document precision inverse resultat collection
D4602	index classement rappel document recherche
D4603	recherche inverse moteur systeme rappel web
D4604	requete pertinent texte recherche precision utilisateur inverse indexation
D4605	precision rappel collection pertinent texte index information utilisateur recherche inverse resultat moteur
D4606	requete information systeme inverse utilisateur collection terme resultat index
D4607	web moteur algorithme indexation resultat collection
D4608	moteur web pertinent recherche terme systeme texte classement precision document index collection
D4609	precision utilisateur web collection terme algorithme document
D4610	precision algorithme terme texte systeme resultat
D4611	systeme algorithme index rappel resultat moteur indexation pertinent utilisateur
D4612	rappel information indexation inverse utilisateur requete
D4613	web document utilisateur rappel requete pertinent collection systeme resultat terme inverse texte
D4614	information systeme precision terme resultat indexation pertinent texte collection inverse utilisateur
D4615	resultat texte index pertinent rappel terme moteur document collection
D4616	recherche indexation utilisateur algorithme classement
D4617	indexation index utilisateur texte document systeme information precision classement web
D4618	classement texte recherche precision web rappel information resultat index collection indexation
D4619	precision indexation utilisateur moteur collection web index algorithme requete document rappel pertinent
D4620	requete information utilisateur rappel terme recherche collection pertinent precision systeme
D4621	index precision systeme requete texte rappel utilisateur classement recherche algorithme information
D4622	utilisateur precision texte information moteur systeme collection index indexation
D4623	indexation rappel inverse document collection terme pertinent recherche
D4624	recherche resultat pertinent information utilisateur collection requete algorithme inverse web index systeme
D4625	collection information precision inverse rappel resultat
D4626	terme document indexation precision moteur utilisateur systeme collection classement
D4627	requete document precision index rappel texte inverse systeme resultat information
D4628	classement utilisateur moteur collection recherche inverse texte rappel pertinent
D4629	information index collection systeme precision inverse requete
D4630	resultat systeme terme rappel recherche classement texte indexation pertinent web inverse
D4631	information inverse texte resultat index pertinent classement systeme moteur document collection
D4632	requete document collection algorithme web rappel pertinent precision utilisateur indexation index resultat
D4633	requete precision indexation systeme inverse index
D4634	rappel terme document resultat indexation collection inverse algorithme classement
D4635	classement index information texte document moteur web algorithme recherche rappel inverse resultat
D4636	systeme texte utilisateur recherche information precision
D4637	terme web precision index systeme resultat utilisateur
D4638	moteur resultat precision inverse classement rappel algorithme index indexation systeme recherche
D4639	inverse utilisateur classement pertinent algorithme indexation information
D4640	resultat requete recherche moteur indexation index web classement
D4641	terme indexation inverse texte classement algorithme index document rappel resultat moteur
D4642	requete recherche inverse utilisateur rappel precision classement indexation resultat texte
D4643	inverse texte utilisateur indexation precision terme recherche rappel moteur systeme
D4644	terme requete algorithme classement texte
D4645	precision index recherche document resultat algorithme texte collection utilisateur systeme
D4646	information requete inverse precision terme resultat collection document algorithme rappel systeme indexation
D4647	requete systeme inverse recherche moteur web utilisateur resultat
D4648	inverse rappel terme utilisateur requete web resultat document moteur recherche texte collection
D4649	utilisateur web precision rappel texte
D4650	rappel resultat texte index requete
D4651	classement indexation utilisateur resultat precision information systeme
D4652	resultat rappel systeme index classement texte requete information indexation precision
D4653	texte indexation document classement index precision
D4654	document inverse precision classement index information moteur recherche collection terme pertinent resultat
D4655	texte web algorithme pertinent rappel document
D4656	texte rappel precision web classement resultat index document collection
D4657	precision moteur indexation utilisateur resultat systeme
D4658	moteur requete classement texte web inverse recherche
D4659	pertinent texte resultat document requete classement terme utilisateur indexation inverse algorithme precision
D4660	resultat rappel collection indexation index precision document utilisateur requete recherche
D4661	systeme index utilisateur document inverse
D4662	inverse requete terme algorithme moteur classement systeme texte information collection indexation utilisateur
D4663	indexation document rappel pertinent terme information inverse
D4664	systeme recherche resultat algorithme web inverse
D4665	web index pertinent algorithme rappel texte systeme precision moteur indexation classement requete
D4666	index texte utilisateur indexation collection precision recherche pertinent
D4667	inverse systeme indexation document information classement precision rappel moteur index
D4668	terme document utilisateur collection resultat inverse recherche pertinent information classement web indexation
D4669	rappel moteur collection index indexation recherche information algorithme pertinent classement texte
D4670	texte index systeme classement inverse algorithme requete resultat pertinent rappel
D4671	utilisateur systeme precision pertinent recherche terme index rappel document
D4672	resultat index moteur recherche texte web collection classement precision rappel document
D4673	moteur systeme document rappel indexation algorithme inverse resultat pertinent
D4674	information web classement indexation systeme utilisateur resultat collection pertinent requete
D4675	moteur pertinent algorithme systeme recherche rappel requete document collection utilisateur terme web
D4676	algorithme information pertinent collection recherche texte terme resultat
D4677	systeme collection utilisateur classement web information index requete recherche terme
D4678	precision information inverse algorithme utilisateur collection web recherche texte indexation moteur
D4679	precision recherche document index pertinent web resultat moteur classement collection systeme
D4680	collection classement requete index indexation
D4681	pertinent systeme collection requete terme utilisateur
D4682	algorithme document classement pertinent texte web utilisateur
D4683	systeme document inverse texte utilisateur
D4684	classement web terme moteur recherche resultat
D4685	algorithme utilisateur rappel index texte recherche systeme resultat information precision
D4686	pertinent document terme index web
D4687	systeme texte utilisateur index rappel
D4688	index requete classement systeme moteur recherche resultat utilisateur precision web
D4689	collection index terme algorithme recherche indexation
D4690	indexation collection web systeme utilisateur terme requete rappel
D4691	utilisateur classement information requete web
D4692	rappel terme algorithme collection pertinent systeme index utilisateur precision
D4693	indexation utilisateur information terme resultat texte classement precision
D4694	pertinent document index collection rappel utilisateur information terme recherche
D4695	precision algorithme document texte systeme inverse resultat terme
D4696	systeme collection moteur document terme
D4697	precision information requete index rappel document utilisateur recherche texte classement terme
D4698	terme rappel systeme classement index utilisateur collection
D4699	index classement recherche systeme resultat
D4700	index document moteur information collection requete texte resultat systeme utilisateur rappel web
D4701	index information resultat requete rappel precision algorithme texte pertinent moteur
D4702	algorithme collection pertinent requete recherche
D4703	information document rappel pertinent inverse collection web resultat index systeme
D4704	information recherche systeme requete collection moteur classement terme rappel document pertinent resultat
D4705	recherche algorithme utilisateur terme indexation classement
D4706	inverse algorithme texte moteur terme web indexation index information precision
D4707	pertinent moteur rappel resultat information classement web recherche utilisateur
D4708	moteur pertinent terme systeme requete information inverse texte
D4709	pertinent systeme algorithme utilisateur inverse document moteur texte collection recherche precision
D4710	terme moteur web document algorithme information index texte rappel utilisateur classement
D4711	information recherche document rappel indexation collection
D4712	inverse recherche pertinent web resultat utilisateur precision index
D4713	collection texte resultat inverse indexation pertinent requete systeme terme rappel
D4714	precision utilisateur pertinent algorithme inverse moteur resultat index document collection requete
D4715	classement requete information terme index
D4716	terme collection recherche requete indexation
D4717	web rappel inverse texte moteur indexation
D4718	classement indexation document recherche systeme rappel inverse moteur information precision algorithme collection
D4719	resultat algorithme precision document collection indexation systeme information requete moteur
D4720	collection indexation web requete inverse terme algorithme document texte information
D4721	index moteur rappel utilisateur algorithme classement texte requete inverse terme document web
D4722	indexation recherche moteur document resultat
D4723	texte terme pertinent inverse requete document recherche
D4724	terme classement precision pertinent inverse information moteur indexation index
D4725	collection inverse information index rappel resultat document
D4726	document inverse recherche rappel pertinent information classement resultat moteur
D4727	utilisateur systeme indexation document algorithme pertinent inverse terme web requete recherche
D4728	terme moteur algorithme classement precision recherche systeme document index resultat
D4729	algorithme resultat texte classement systeme collection document indexation index
D4730	utilisateur document algorithme index collection recherche web inverse classement precision moteur
D4731	resultat indexation systeme texte index pertinent utilisateur classement requete recherche terme
D4732	pertinent systeme utilisateur classement terme recherche precision texte indexation web document rappel
D4733	pertinent document moteur classement recherche
D4734	moteur systeme collection inverse precision terme rappel document pertinent
D4735	utilisateur inverse index pertinent web resultat
D4736	web texte classement utilisateur precision resultat
D4737	algorithme classement information systeme pertinent rappel utilisateur requete collection web indexation
D4738	pertinent systeme collection classement resultat document
D4739	algorithme information index classement pertinent indexation terme resultat
D4740	recherche indexation texte utilisateur moteur pertinent index document collection classement algorithme
D4741	texte algorithme index resultat document systeme moteur inverse terme
D4742	collection recherche precision algorithme systeme terme classement inverse resultat information web texte
D4743	utilisateur requete information rappel moteur collection inverse classement algorithme
D4744	indexation requete utilisateur inverse resultat rappel web pertinent index
D4745	web information utilisateur rappel texte classement collection inverse algorithme systeme requete
D4746	web document precision indexation classement collection
D4747	inverse utilisateur resultat rappel algorithme classement index systeme requete moteur indexation document
D4748	inverse systeme pertinent precision rappel indexation index algorithme resultat moteur information classement
D4749	requete collection terme resultat precision rappel texte recherche algorithme inverse
D4750	classement resultat information utilisateur collection
D4751	index recherche algorithme document classement pertinent information texte moteur web
D4752	classement indexation collection algorithme pertinent terme document
D4753	texte resultat moteur requete information indexation algorithme web terme collection
D4754	terme pertinent classement rappel utilisateur systeme requete
D4755	web terme moteur texte utilisateur resultat document precision collection rappel
D4756	resultat utilisateur moteur precision rappel texte document recherche
D4757	moteur information requete document recherche index systeme
D4758	information resultat indexation texte terme document collection recherche classement systeme moteur
D4759	web information systeme resultat inverse classement document indexation recherche collection utilisateur pertinent
D4760	pertinent algorithme terme texte index precision document
D4761	collection recherche web systeme information
D4762	algorithme texte pertinent terme requete moteur precision indexation document rappel index
D4763	algorithme requete document pertinent recherche texte classement resultat terme
D4764	information rappel texte classement algorithme collection recherche
D4765	information web moteur inverse indexation systeme algorithme classement resultat
D4766	terme pertinent texte classement indexation resultat utilisateur index recherche precision requete rappel
D4767	inverse document requete index rappel resultat algorithme web recherche systeme
D4768	utilisateur index document information resultat
D4769	indexation systeme moteur resultat requete utilisateur precision algorithme classement web pertinent index
D4770	utilisateur indexation rappel texte information classement inverse precision index terme web requete
D4771	index precision algorithme information pertinent rappel resultat texte classement recherche indexation document
D4772	index precision inverse collection indexation document pertinent
D4773	classement terme information requete utilisateur texte precision resultat recherche index pertinent document
D4774	requete rappel texte systeme web recherche moteur information collection
D4775	web pertinent texte collection terme classement moteur
D4776	resultat algorithme inverse index classement recherche document
D4777	utilisateur texte document algorithme information moteur
D4778	texte document information moteur web terme systeme resultat classement indexation precision utilisateur
D4779	algorithme information requete index classement inverse
D4780	indexation web resultat information terme
D4781	index terme web indexation inverse
D4782	indexation requete texte algorithme terme rappel index recherche moteur precision systeme information
D4783	algorithme systeme information texte terme precision
D4784	inverse indexation algorithme texte classement utilisateur information precision web collection systeme
D4785	pertinent indexation collection algorithme resultat document texte utilisateur information index
D4786	moteur systeme algorithme rappel collection pertinent requete precision information
D4787	terme classement texte document algorithme index indexation systeme inverse precision rappel moteur
D4788	precision systeme inverse web algorithme recherche rappel utilisateur requete pertinent
D4789	utilisateur information precision index rappel inverse requete pertinent
D4790	pertinent collection indexation texte web requete index classement terme resultat recherche
D4791	classement algorithme collection web terme
D4792	information recherche systeme indexation moteur inverse precision algorithme
D4793	web recherche requete classement algorithme utilisateur document rappel
D4794	inverse systeme resultat document requete
D4795	pertinent index classement utilisateur resultat web document
D4796	algorithme inverse indexation moteur web collection resultat requete utilisateur precision classement rappel
D4797	indexation classement web moteur inverse collection resultat texte pertinent
D4798	algorithme precision index moteur utilisateur recherche terme inverse document requete information
D4799	systeme precision pertinent web document terme requete recherche utilisateur algorithme
D4800	systeme rappel algorithme information requete
D4801	systeme index inverse texte indexation
D4802	moteur requete utilisateur terme systeme document inverse indexation rappel classement resultat index
D4803	inverse moteur classement indexation precision resultat document information rappel collection pertinent web
D4804	information pertinent texte index indexation utilisateur inverse moteur classement systeme
D4805	texte terme document web recherche requete
D4806	indexation utilisateur terme pertinent inverse precision algorithme index texte recherche systeme
D4807	terme moteur texte rappel utilisateur resultat inverse information systeme precision requete collection
D4808	moteur recherche resultat systeme index collection utilisateur information
D4809	rappel requete texte terme collection web
D4810	web index systeme precision terme
D4811	texte resultat web collection precision utilisateur
D4812	systeme texte web resultat algorithme recherche
D4813	moteur index texte requete utilisateur classement collection
D4814	pertinent utilisateur inverse resultat recherche collection moteur systeme terme web
D4815	utilisateur pertinent web moteur rappel algorithme information
D4816	resultat classement requete rappel moteur document systeme information web terme algorithme collection
D4817	algorithme classement index precision document terme
D4818	inverse requete resultat index pertinent
D4819	terme pertinent information indexation collection requete algorithme classement resultat precision recherche texte
D4820	inverse indexation classement pertinent recherche moteur algorithme precision
D4821	document index terme web algorithme rappel collection moteur pertinent information
D4822	document systeme texte inverse index rappel indexation moteur precision terme information web
D4823	index inverse precision indexation terme moteur information algorithme systeme
D4824	moteur information texte systeme requete indexation rappel
D4825	indexation precision utilisateur collection resultat
D4826	rappel web pertinent precision document index
D4827	collection utilisateur index pertinent algorithme indexation precision
D4828	terme pertinent index rappel web information texte algorithme precision inverse moteur
D4829	document web pertinent algorithme recherche indexation moteur rappel texte inverse classement
D4830	inverse texte classement document moteur systeme collection rappel resultat recherche index indexation
D4831	document indexation pertinent resultat utilisateur web recherche terme
D4832	systeme resultat moteur web algorithme document precision recherche rappel information requete
D4833	indexation index document pertinent texte resultat inverse requete terme web systeme
D4834	requete classement systeme recherche pertinent utilisateur web document terme indexation collection
D4835	pertinent resultat terme rappel recherche moteur index information
D4836	pertinent utilisateur inverse requete information systeme algorithme rappel document index texte
D4837	utilisateur collection resultat web information systeme moteur classement precision document
D4838	information collection texte index web terme algorithme recherche pertinent requete
D4839	terme indexation precision rappel algorithme pertinent information resultat document utilisateur
D4840	classement precision index utilisateur rappel resultat indexation requete collection terme web
D4841	systeme resultat algorithme web inverse requete
D4842	precision texte moteur rappel terme collection classement resultat systeme pertinent
D4843	web index systeme texte indexation requete inverse information precision rappel collection algorithme
D4844	index terme algorithme collection systeme utilisateur moteur indexation recherche classement
D4845	precision moteur requete web inverse texte resultat recherche utilisateur collection
D4846	moteur precision terme rappel requete information inverse utilisateur pertinent texte systeme collection
D4847	utilisateur algorithme pertinent requete indexation resultat
D4848	collection requete utilisateur information texte inverse
D4849	moteur utilisateur systeme collection classement rappel recherche resultat web indexation document
D4850	resultat recherche index collection requete systeme inverse rappel texte pertinent algorithme web
D4851	algorithme classement terme document recherche utilisateur systeme index collection rappel indexation information
D4852	recherche classement indexation inverse requete texte index information rappel
D4853	requete pertinent document classement information
D4854	algorithme moteur systeme information rappel web indexation
D4855	index recherche algorithme indexation collection rappel
D4856	document utilisateur resultat requete rappel systeme
D4857	collection systeme terme moteur inverse
D4858	precision index recherche requete classement indexation inverse collection moteur resultat algorithme systeme
D4859	utilisateur moteur texte inverse index pertinent web resultat terme
D4860	web terme document information index collection moteur requete pertinent
D4861	rappel moteur utilisateur document index
D4862	pertinent web information texte requete
D4863	algorithme information index collection inverse web moteur systeme classement
D4864	index systeme utilisateur inverse information texte collection precision classement requete document web
D4865	document texte recherche web index utilisateur systeme
D4866	document precision texte resultat pertinent terme information algorithme
D4867	rappel information moteur inverse precision
D4868	algorithme classement recherche moteur collection inverse utilisateur indexation pertinent texte index
D4869	requete document algorithme index collection moteur texte inverse classement
D4870	precision texte inverse algorithme indexation moteur systeme
D4871	indexation inverse precision requete moteur
D4872	inverse document classement collection algorithme
D4873	terme recherche information algorithme index utilisateur systeme indexation inverse
D4874	precision texte inverse terme rappel utilisateur systeme
D4875	recherche texte classement inverse precision pertinent
D4876	resultat texte terme index utilisateur requete rappel
D4877	indexation utilisateur texte rappel systeme
D4878	rappel collection systeme algorithme terme precision document recherche
D4879	recherche pertinent collection utilisateur precision texte
D4880	rappel utilisateur classement moteur recherche inverse precision systeme indexation
D4881	rappel resultat recherche index moteur document
D4882	resultat systeme terme information moteur indexation
D4883	systeme precision inverse document recherche pertinent algorithme classement collection
D4884	pertinent information inverse classement moteur requete texte algorithme recherche
D4885	systeme resultat indexation terme algorithme rappel classement
D4886	moteur web index resultat information terme
D4887	classement web index rappel recherche
D4888	indexation collection pertinent resultat texte index precision
D4889	pertinent indexation classement utilisateur web document information
D4890	index utilisateur collection rappel indexation terme algorithme classement
D4891	collection texte indexation document rappel utilisateur systeme classement resultat recherche web
D4892	utilisateur document systeme classement collection resultat pertinent texte inverse
D4893	index resultat rappel indexation collection systeme moteur texte requete precision classement
D4894	utilisateur classement web rappel collection resultat terme indexation precision inverse algorithme
D4895	terme pertinent rappel web collection
D4896	texte resultat web requete terme
D4897	pertinent collection recherche terme moteur web
D4898	web precision resultat recherche utilisateur systeme document index moteur texte
D4899	systeme collection information rappel utilisateur algorithme index web recherche terme texte pertinent
D4900	precision collection information utilisateur pertinent index document
D4901	terme recherche indexation algorithme rappel document classement resultat information texte pertinent requete
D4902	indexation algorithme utilisateur requete texte
D4903	classement texte inverse terme pertinent resultat web
D4904	precision resultat requete classement document indexation terme information systeme
D4905	requete collection rappel inverse terme pertinent classement resultat indexation systeme
D4906	algorithme document web collection inverse indexation texte terme rappel
D4907	moteur systeme rappel classement terme information document recherche utilisateur texte
D4908	rappel document classement utilisateur resultat pertinent
D4909	pertinent document utilisateur web inverse systeme
D4910	recherche algorithme rappel pertinent information indexation terme systeme moteur web resultat
D4911	pertinent resultat requete information recherche web collection indexation utilisateur inverse texte
D4912	requete utilisateur collection systeme indexation information recherche rappel
D4913	indexation recherche precision utilisateur document resultat requete classement web
D4914	terme requete information resultat precision document indexation web recherche texte moteur
D4915	terme pertinent information index resultat indexation
D4916	resultat recherche systeme texte algorithme web terme index information rappel precision moteur
D4917	index collection pertinent indexation requete texte
D4918	texte terme collection rappel indexation inverse resultat precision
D4919	web algorithme moteur rappel systeme
D4920	collection texte requete recherche web resultat
D4921	precision indexation classement web pertinent
D4922	recherche indexation inverse collection document
D4923	recherche requete collection texte pertinent indexation precision
D4924	index requete algorithme systeme collection resultat terme web precision pertinent texte inverse
D4925	algorithme precision requete document inverse collection rappel resultat classement web
D4926	recherche pertinent rappel precision document terme texte resultat collection web information utilisateur
D4927	inverse classement terme indexation index pertinent information moteur
D4928	indexation requete document resultat recherche terme inverse texte
D4929	moteur classement precision algorithme web pertinent
D4930	precision classement information systeme document pertinent terme algorithme
D4931	information precision moteur indexation systeme rappel resultat
D4932	inverse terme pertinent classement rappel index moteur utilisateur indexation
D4933	pertinent information utilisateur moteur terme rappel resultat recherche texte classement document requete
D4934	indexation moteur requete pertinent classement recherche collection information rappel
D4935	pertinent inverse classement rappel requete systeme moteur recherche
D4936	information terme classement indexation algorithme collection texte rappel
D4937	classement inverse algorithme rappel collection requete
D4938	inverse web precision indexation rappel recherche
D4939	terme moteur classement web collection algorithme
D4940	indexation document algorithme texte resultat recherche terme classement index rappel precision
D4941	pertinent moteur requete recherche resultat web texte
D4942	web utilisateur terme index texte document systeme algorithme resultat information pertinent
D4943	information pertinent algorithme inverse requete moteur utilisateur index classement web
D4944	recherche algorithme moteur document utilisateur requete classement web rappel indexation
D4945	algorithme requete resultat moteur collection precision inverse document terme
D4946	utilisateur classement requete systeme moteur
D4947	resultat collection web inverse requete utilisateur
D4948	requete texte terme pertinent utilisateur
D4949	requete utilisateur web collection classement moteur systeme information resultat
D4950	indexation terme moteur precision texte rappel index systeme recherche requete
D4951	recherche requete inverse document classement resultat algorithme moteur
D4952	document inverse pertinent algorithme web collection utilisateur
D4953	terme requete precision inverse index rappel resultat web document texte information indexation
D4954	moteur indexation requete pertinent algorithme classement texte web recherche
D4955	precision index requete pertinent indexation moteur inverse document
D4956	inverse resultat moteur information algorithme rappel precision
D4957	collection index classement information precision web algorithme pertinent document texte utilisateur requete
D4958	resultat index inverse collection indexation information recherche requete classement texte pertinent rappel
D4959	collection rappel indexation web inverse document information requete utilisateur moteur
D4960	pertinent information rappel precision collection texte requete utilisateur classement resultat
D4961	precision pertinent algorithme requete indexation systeme
D4962	classement rappel inverse utilisateur moteur texte
D4963	web requete index rappel terme
D4964	index utilisateur systeme rappel algorithme classement terme inverse collection information
D4965	moteur recherche requete information index document systeme resultat web pertinent algorithme utilisateur
D4966	resultat inverse pertinent texte index rappel
D4967	utilisateur inverse recherche precision classement texte document
D4968	requete classement precision inverse recherche resultat rappel information document
D4969	indexation collection classement web document recherche
D4970	utilisateur pertinent precision indexation classement texte document
D4971	utilisateur collection indexation information resultat index systeme web terme
D4972	collection moteur rappel index document information
D4973	classement precision collection pertinent web index indexation recherche information requete texte utilisateur
D4974	requete utilisateur recherche moteur resultat inverse index rappel information terme
D4975	inverse pertinent texte moteur terme web systeme
D4976	document recherche information algorithme index classement web resultat requete indexation
D4977	utilisateur inverse classement algorithme requete web texte precision terme information rappel moteur
D4978	precision document texte inverse information resultat algorithme classement web utilisateur
D4979	rappel indexation index web systeme precision
D4980	moteur terme pertinent document systeme utilisateur algorithme requete recherche rappel information collection
D4981	texte moteur inverse resultat recherche indexation classement
D4982	resultat utilisateur rappel indexation collection document web systeme algorithme texte precision
D4983	texte terme requete classement systeme pertinent precision information index
D4984	utilisateur collection algorithme information index classement
D4985	inverse collection utilisateur indexation index systeme document moteur classement algorithme
D4986	texte moteur indexation web classement index information inverse algorithme terme systeme recherche
D4987	collection terme indexation moteur utilisateur systeme texte document resultat
D4988	collection web requete moteur systeme
D4989	systeme resultat rappel information texte moteur pertinent inverse precision
D4990	information index utilisateur precision classement resultat pertinent systeme texte algorithme recherche
D4991	collection texte terme inverse systeme document
D4992	pertinent terme requete indexation rappel recherche
D4993	collection recherche requete index resultat utilisateur
D4994	precision web rappel recherche inverse
D4995	precision collection algorithme systeme inverse index moteur indexation web terme
D4996	collection resultat classement requete moteur indexation systeme rappel document terme utilisateur recherche
D4997	index texte precision indexation classement rappel systeme requete moteur
D4998	precision terme information resultat web systeme texte inverse document indexation pertinent recherche
D4999	terme precision recherche texte resultat requete
D5000	collection pertinent algorithme inverse indexation texte moteur index precision
D5001	algorithme systeme moteur resultat terme document
D5002	resultat pertinent recherche rappel moteur collection texte utilisateur
D5003	systeme texte index terme document algorithme resultat requete inverse indexation
D5004	information collection index indexation systeme utilisateur algorithme pertinent rappel classement texte recherche
D5005	utilisateur systeme web requete pertinent algorithme
D5006	indexation algorithme utilisateur document information pertinent index inverse systeme requete recherche web
D5007	moteur precision requete information document algorithme inverse resultat
D5008	information inverse classement recherche resultat systeme requete moteur
D5009	resultat algorithme information systeme classement texte collection pertinent inverse precision rappel
D5010	algorithme moteur resultat collection indexation inverse systeme index recherche information precision
D5011	texte resultat classement utilisateur information
D5012	systeme resultat information document index
D5013	collection texte algorithme document recherche index information
D5014	precision terme inverse resultat information
D5015	classement information recherche pertinent rappel
D5016	moteur systeme pertinent indexation texte requete web
D5017	systeme information terme pertinent algorithme classement web resultat
D5018	texte algorithme index requete pertinent recherche
D5019	resultat web precision classement document recherche algorithme information moteur utilisateur collection
D5020	document web inverse indexation moteur collection
D5021	collection pertinent texte requete moteur resultat utilisateur
D5022	precision texte pertinent web resultat document information systeme inverse recherche
D5023	terme requete utilisateur texte systeme indexation recherche
D5024	requete indexation document precision moteur resultat algorithme
D5025	precision information terme resultat collection utilisateur web indexation recherche
D5026	utilisateur moteur requete algorithme web pertinent resultat
D5027	indexation inverse pertinent resultat terme moteur requete algorithme texte information
D5028	moteur recherche systeme algorithme texte information collection pertinent
D5029	recherche inverse pertinent precision web algorithme index
D5030	requete utilisateur precision indexation rappel systeme collection inverse resultat recherche texte pertinent
D5031	information utilisateur web inverse systeme
D5032	web texte resultat systeme indexation utilisateur index recherche terme document rappel
D5033	utilisateur document information requete classement rappel index moteur systeme indexation texte
D5034	precision requete utilisateur web collection inverse resultat classement information pertinent
D5035	pertinent collection index requete indexation inverse precision algorithme utilisateur systeme document web
D5036	index moteur indexation resultat texte systeme rappel algorithme collection requete classement document
D5037	utilisateur systeme web algorithme terme classement moteur resultat recherche pertinent collection precision
D5038	pertinent utilisateur inverse texte web indexation precision
D5039	collection index rappel indexation algorithme document pertinent moteur precision
D5040	index collection texte web indexation document rappel precision
D5041	collection classement systeme utilisateur moteur terme recherche texte pertinent precision requete
D5042	pertinent index inverse resultat texte
D5043	systeme document collection resultat classement recherche
D5044	utilisateur document pertinent algorithme collection classement
D5045	texte moteur index document collection pertinent
D5046	indexation rappel document pertinent collection requete inverse classement index
D5047	information algorithme document texte index resultat utilisateur inverse terme indexation
D5048	collection resultat moteur pertinent systeme
D5049	information rappel document systeme recherche terme
D5050	utilisateur inverse recherche information moteur algorithme resultat pertinent document
D5051	texte terme systeme utilisateur moteur
D5052	web index rappel recherche indexation algorithme systeme pertinent document resultat inverse terme
D5053	pertinent document utilisateur inverse algorithme collection recherche precision
D5054	inverse precision classement document requete information moteur algorithme index web
D5055	algorithme inverse recherche texte requete collection index
D5056	utilisateur index precision algorithme document rappel
D5057	utilisateur moteur rappel terme systeme web recherche indexation requete algorithme inverse precision
D5058	rappel algorithme utilisateur classement terme document texte requete
D5059	indexation utilisateur terme resultat systeme document texte moteur classement collection web recherche
D5060	moteur pertinent recherche rappel algorithme systeme terme utilisateur texte
D5061	pertinent systeme classement resultat terme texte moteur indexation algorithme utilisateur recherche
D5062	resultat rappel texte algorithme moteur collection index utilisateur document pertinent
D5063	algorithme terme inverse recherche information collection systeme web
D5064	collection systeme index terme indexation web precision
D5065	texte index resultat classement algorithme information document indexation web moteur
D5066	precision classement information pertinent inverse rappel collection resultat texte algorithme
D5067	pertinent classement inverse index collection requete systeme precision document moteur
D5068	pertinent terme document algorithme web utilisateur moteur
D5069	inverse rappel classement algorithme document systeme information pertinent indexation
D5070	collection precision document information systeme texte web moteur
D5071	terme web indexation classement index utilisateur precision
D5072	index systeme pertinent web document texte classement recherche terme
D5073	rappel web systeme classement utilisateur document terme
D5074	classement terme pertinent algorithme inverse index precision systeme document recherche utilisateur texte
D5075	information texte algorithme pertinent moteur collection requete indexation resultat index
D5076	algorithme requete utilisateur document web moteur classement rappel pertinent collection
D5077	document systeme terme texte rappel moteur
D5078	indexation texte moteur pertinent information
D5079	recherche inverse web algorithme indexation pertinent terme classement collection information requete
D5080	indexation moteur document web collection index information pertinent classement recherche
D5081	inverse precision resultat document utilisateur requete moteur terme indexation web texte pertinent
D5082	recherche resultat utilisateur terme algorithme
D5083	classement utilisateur pertinent algorithme web systeme resultat collection indexation information requete rappel
D5084	texte inverse index indexation collection pertinent
D5085	web index information terme resultat collection indexation inverse
D5086	texte information resultat algorithme indexation web rappel classement recherche inverse index
D5087	web information texte collection recherche requete indexation precision document index algorithme
D5088	web precision systeme collection algorithme
D5089	moteur texte requete classement rappel web information terme
D5090	document indexation requete recherche rappel pertinent utilisateur index classement
D5091	precision index terme texte information recherche resultat classement requete
D5092	recherche precision classement pertinent texte terme algorithme
D5093	algorithme index moteur classement document utilisateur
D5094	precision algorithme inverse pertinent classement resultat
D5095	pertinent web terme recherche systeme algorithme requete
D5096	resultat collection systeme web recherche information
D5097	precision web resultat terme moteur
D5098	web moteur utilisateur document terme precision classement
D5099	indexation precision pertinent texte web systeme algorithme collection
D5100	classement systeme index document rappel information
D5101	utilisateur algorithme inverse pertinent rappel indexation document collection texte classement index web
D5102	terme inverse classement web collection information resultat requete document indexation
D5103	web terme pertinent texte index utilisateur information inverse document precision systeme
D5104	requete rappel index web indexation systeme information collection pertinent moteur
D5105	inverse terme recherche index precision moteur
D5106	recherche classement utilisateur web resultat indexation inverse moteur terme texte index
D5107	utilisateur requete rappel moteur pertinent algorithme web inverse classement systeme
D5108	pertinent moteur terme rappel classement inverse algorithme
D5109	collection information index document terme
D5110	index utilisateur texte collection information requete
D5111	terme web algorithme inverse classement texte moteur rappel precision collection information
D5112	utilisateur document indexation terme inverse precision texte requete
D5113	requete document recherche web collection texte inverse algorithme
D5114	web texte collection systeme indexation rappel algorithme recherche index inverse precision pertinent
D5115	index texte resultat classement rappel moteur precision information
D5116	rappel requete index classement pertinent
D5117	precision indexation information recherche index terme
D5118	information inverse terme precision indexation algorithme collection rappel systeme
D5119	index moteur information systeme document terme recherche precision texte collection algorithme resultat
D5120	pertinent precision requete classement algorithme collection terme utilisateur inverse rappel
D5121	collection precision classement systeme resultat algorithme utilisateur inverse information
D5122	utilisateur document resultat systeme web information
D5123	texte algorithme indexation inverse collection
D5124	recherche rappel index moteur classement terme
D5125	texte precision web algorithme utilisateur document recherche rappel pertinent resultat index
D5126	information inverse systeme terme moteur classement rappel web resultat document
D5127	resultat web collection pertinent inverse
D5128	terme indexation utilisateur collection classement index recherche pertinent
D5129	document recherche rappel requete indexation texte collection utilisateur inverse algorithme moteur
D5130	index precision web resultat texte information document collection utilisateur inverse
D5131	classement texte moteur pertinent index indexation rappel terme resultat systeme information
D5132	inverse pertinent collection index precision terme moteur requete resultat
D5133	inverse document indexation information precision requete texte rappel utilisateur recherche
D5134	information recherche indexation requete pertinent terme inverse algorithme classement
D5135	requete indexation inverse classement rappel pertinent information resultat moteur terme document
D5136	document utilisateur resultat pertinent classement web rappel index systeme
D5137	classement systeme utilisateur moteur indexation information
D5138	pertinent classement moteur algorithme requete
D5139	document terme systeme classement algorithme recherche collection
D5140	algorithme web inverse document rappel precision moteur terme recherche texte systeme index
D5141	systeme web terme document texte index
D5142	classement document requete collection systeme recherche index
D5143	rappel web precision algorithme indexation systeme texte pertinent inverse requete
D5144	resultat systeme pertinent algorithme rappel document information utilisateur texte collection
D5145	systeme document classement texte rappel recherche terme precision
D5146	recherche systeme moteur indexation resultat utilisateur web index document rappel terme precision
D5147	resultat precision utilisateur index recherche collection classement
D5148	systeme rappel classement precision information index texte moteur
D5149	terme algorithme utilisateur document web requete systeme collection moteur rappel resultat
D5150	requete index indexation recherche algorithme collection utilisateur document texte classement systeme terme
D5151	recherche index classement collection precision rappel texte inverse requete indexation moteur terme
D5152	texte terme index recherche moteur classement collection rappel resultat pertinent precision requete
D5153	inverse moteur algorithme indexation collection systeme
D5154	recherche requete document moteur indexation index resultat precision pertinent classement
D5155	algorithme requete terme collection resultat
D5156	pertinent utilisateur moteur web precision document resultat texte
D5157	classement resultat web recherche index requete document texte terme
D5158	classement document information rappel moteur
D5159	terme precision algorithme web requete information systeme inverse rappel
D5160	systeme texte classement inverse precision algorithme resultat utilisateur
D5161	inverse precision index rappel resultat web algorithme requete
D5162	rappel texte precision systeme moteur indexation requete information
D5163	index rappel web pertinent texte indexation document collection algorithme precision resultat recherche
D5164	systeme inverse classement rappel algorithme collection terme indexation document information utilisateur requete
D5165	texte precision requete systeme recherche
D5166	index utilisateur indexation collection information requete systeme inverse
D5167	moteur web algorithme indexation document resultat recherche
D5168	texte resultat algorithme rappel web inverse terme collection pertinent utilisateur precision information
D5169	systeme information collection resultat requete precision
D5170	precision algorithme inverse index information indexation pertinent collection rappel moteur recherche
D5171	indexation requete moteur texte pertinent recherche collection classement precision document rappel
D5172	classement index texte collection pertinent requete resultat moteur utilisateur information precision web
D5173	texte document index moteur utilisateur recherche rappel pertinent indexation inverse algorithme
D5174	resultat texte index collection classement algorithme document systeme rappel
D5175	information recherche resultat moteur utilisateur web pertinent requete terme indexation
D5176	recherche algorithme precision web rappel
D5177	requete terme recherche algorithme document web moteur
D5178	utilisateur precision resultat inverse collection
D5179	collection requete inverse utilisateur terme pertinent index moteur precision systeme web information
D5180	classement systeme resultat rappel moteur
D5181	indexation moteur web utilisateur texte collection terme
D5182	terme inverse algorithme information recherche document
D5183	recherche moteur resultat collection information web rappel inverse index utilisateur texte precision
D5184	rappel information terme pertinent requete indexation precision classement
D5185	systeme recherche pertinent web document classement texte algorithme inverse indexation precision
D5186	recherche texte document collection precision
D5187	algorithme inverse indexation moteur requete precision rappel web index texte
D5188	index indexation moteur pertinent utilisateur collection requete
D5189	requete document index collection algorithme resultat inverse rappel utilisateur
D5190	index information inverse document terme systeme utilisateur indexation
D5191	classement recherche collection web rappel
D5192	recherche web index algorithme pertinent terme
D5193	moteur precision classement utilisateur information collection
D5194	document resultat index recherche texte utilisateur
D5195	precision moteur document requete terme rappel systeme inverse
D5196	moteur precision inverse recherche indexation requete systeme algorithme classement document information
D5197	information terme texte systeme index collection precision utilisateur web document
D5198	information requete rappel collection web indexation moteur utilisateur algorithme systeme precision
D5199	requete recherche inverse web collection moteur rappel information utilisateur
D5200	classement information collection requete resultat moteur precision
D5201	information terme texte rappel moteur pertinent recherche precision collection web indexation index
D5202	algorithme utilisateur requete texte pertinent
D5203	recherche pertinent moteur inverse terme systeme index web classement indexation
D5204	web information collection recherche rappel utilisateur precision requete indexation terme classement
D5205	web terme classement index rappel utilisateur collection pertinent resultat information systeme moteur
D5206	requete inverse resultat moteur information collection pertinent indexation document classement utilisateur index
D5207	algorithme pertinent recherche moteur resultat
D5208	requete classement document utilisateur indexation moteur terme web pertinent rappel information
D5209	document algorithme information moteur web terme
D5210	moteur inverse classement resultat index terme requete information pertinent collection recherche
D5211	pertinent requete collection indexation inverse classement algorithme texte
D5212	index utilisateur texte systeme precision
D5213	precision resultat requete moteur collection index indexation
D5214	rappel texte web information terme resultat requete recherche algorithme collection indexation
D5215	index rappel pertinent terme classement web indexation recherche information resultat
D5216	inverse rappel terme resultat pertinent requete algorithme recherche systeme
D5217	systeme requete pertinent utilisateur rappel indexation terme texte web information moteur precision
D5218	web document terme requete pertinent inverse information recherche texte index indexation
D5219	moteur texte algorithme web collection systeme precision rappel indexation terme classement
D5220	texte inverse classement rappel web index indexation utilisateur
D5221	systeme information indexation inverse requete moteur texte web document pertinent
D5222	web indexation algorithme texte systeme moteur
D5223	systeme pertinent precision texte algorithme moteur index document requete
D5224	texte index terme information collection systeme pertinent web
D5225	collection document index algorithme rappel indexation
D5226	pertinent systeme resultat recherche indexation inverse requete moteur rappel algorithme texte
D5227	resultat algorithme index systeme indexation collection document pertinent utilisateur
D5228	classement texte document web indexation resultat
D5229	collection precision rappel terme requete algorithme pertinent
D5230	index terme classement utilisateur recherche requete
D5231	utilisateur resultat requete recherche algorithme pertinent systeme inverse document web index information
D5232	collection web terme resultat classement utilisateur precision texte recherche index information requete
D5233	utilisateur requete moteur terme pertinent information algorithme recherche
D5234	requete terme algorithme document moteur classement information indexation precision systeme
D5235	inverse utilisateur rappel requete recherche information index texte resultat terme systeme
D5236	texte requete pertinent utilisateur precision
D5237	index inverse classement collection indexation recherche information rappel systeme utilisateur
D5238	requete web pertinent texte utilisateur information
D5239	classement inverse index systeme web resultat requete moteur recherche utilisateur
D5240	index requete document classement rappel recherche
D5241	classement pertinent collection systeme algorithme
D5242	collection pertinent utilisateur systeme algorithme moteur rappel precision terme
D5243	terme rappel index classement algorithme precision requete recherche inverse document
D5244	web document precision information requete pertinent classement systeme rappel index texte
D5245	precision moteur resultat indexation index terme recherche utilisateur texte
D5246	resultat recherche utilisateur texte requete
D5247	terme recherche inverse algorithme precision index systeme classement moteur
D5248	pertinent information precision document classement systeme resultat recherche texte rappel
D5249	texte inverse moteur resultat indexation document pertinent systeme algorithme web index classement
D5250	requete index moteur texte information
D5251	algorithme information requete resultat inverse indexation pertinent precision document collection
D5252	collection requete index information systeme web pertinent utilisateur inverse resultat moteur
D5253	pertinent index collection web utilisateur document algorithme recherche terme precision
D5254	recherche rappel resultat indexation algorithme
D5255	recherche terme document requete inverse information web index moteur
D5256	document systeme index web collection rappel
D5257	information indexation collection utilisateur algorithme index recherche web resultat
D5258	rappel algorithme indexation systeme index requete moteur
D5259	collection resultat index terme utilisateur indexation requete classement
D5260	moteur terme document classement requete web inverse
D5261	indexation requete resultat rappel collection index systeme web information document
D5262	web index rappel algorithme systeme inverse precision classement indexation resultat
D5263	index document recherche algorithme indexation
D5264	document inverse algorithme precision classement indexation texte
D5265	requete indexation document utilisateur precision collection systeme pertinent
D5266	utilisateur terme resultat systeme inverse precision index requete pertinent texte
D5267	collection moteur systeme utilisateur index recherche precision
D5268	terme inverse systeme indexation document precision information algorithme
D5269	utilisateur texte web recherche rappel requete collection systeme
D5270	requete classement pertinent collection algorithme texte indexation
D5271	pertinent recherche rappel information document algorithme texte systeme resultat classement terme
D5272	moteur index terme collection pertinent document
D5273	web precision inverse moteur index document
D5274	requete pertinent systeme moteur indexation index web algorithme terme document
D5275	moteur pertinent utilisateur requete terme algorithme inverse information indexation classement recherche
D5276	terme pertinent texte classement resultat inverse requete web recherche
D5277	pertinent collection systeme index indexation precision
D5278	indexation index systeme texte algorithme rappel resultat precision moteur
D5279	systeme information index rappel texte web collection utilisateur resultat pertinent algorithme
D5280	terme resultat document algorithme inverse
D5281	index rappel pertinent collection utilisateur indexation resultat
D5282	resultat rappel classement web indexation terme index
D5283	indexation index terme web utilisateur
D5284	algorithme inverse recherche web document
D5285	recherche classement rappel web algorithme utilisateur index resultat texte collection
D5286	precision pertinent algorithme utilisateur resultat moteur index information
D5287	inverse document recherche information moteur classement precision
D5288	terme pertinent classement systeme texte resultat algorithme inverse web indexation
D5289	index indexation classement information moteur requete texte utilisateur
D5290	web systeme precision algorithme collection rappel requete classement moteur pertinent information
D5291	texte indexation document information systeme algorithme
D5292	utilisateur requete resultat index texte collection
D5293	utilisateur index document recherche terme indexation inverse web information classement
D5294	index information moteur resultat terme
D5295	information rappel algorithme terme texte utilisateur inverse resultat pertinent indexation requete
D5296	index requete indexation systeme pertinent moteur utilisateur resultat rappel
D5297	pertinent indexation collection web information index document
D5298	systeme precision pertinent information requete
D5299	algorithme systeme pertinent terme rappel
D5300	pertinent utilisateur recherche collection information requete indexation rappel terme
D5301	inverse requete classement algorithme indexation utilisateur
D5302	inverse web requete document indexation precision texte index moteur systeme resultat
D5303	requete inverse indexation utilisateur terme pertinent precision collection index recherche
D5304	moteur requete recherche document resultat systeme collection terme classement
D5305	collection inverse texte precision terme rappel classement
D5306	resultat web precision indexation recherche utilisateur information
D5307	indexation moteur utilisateur texte precision information
D5308	indexation rappel information classement recherche document precision utilisateur inverse
D5309	systeme web inverse collection pertinent
D5310	systeme document algorithme classement terme precision pertinent web information inverse
D5311	moteur collection index inverse classement
D5312	recherche rappel texte information utilisateur resultat terme pertinent inverse collection indexation requete
D5313	indexation collection index resultat document inverse classement recherche terme information systeme pertinent
D5314	inverse recherche algorithme index indexation classement precision utilisateur
D5315	requete resultat systeme document index algorithme pertinent information texte indexation collection
D5316	precision inverse utilisateur rappel indexation document index terme web pertinent information
D5317	utilisateur index recherche rappel algorithme terme resultat moteur collection systeme
D5318	inverse document collection texte terme pertinent
D5319	web classement document index texte moteur precision collection pertinent indexation information
D5320	terme indexation algorithme precision moteur pertinent document rappel systeme
D5321	utilisateur precision terme indexation resultat texte systeme web
D5322	requete web collection resultat precision indexation systeme pertinent
D5323	collection indexation pertinent classement recherche terme index moteur
D5324	web utilisateur document moteur index
D5325	terme requete information moteur utilisateur precision
D5326	precision index recherche resultat terme rappel information algorithme pertinent document inverse systeme
D5327	requete algorithme pertinent systeme rappel web recherche terme
D5328	moteur texte algorithme index web resultat systeme document inverse rappel
D5329	indexation texte requete terme utilisateur pertinent
D5330	classement web precision systeme algorithme inverse terme moteur index resultat document
D5331	systeme precision web index recherche resultat texte information collection pertinent terme
D5332	moteur classement rappel systeme pertinent web inverse recherche
D5333	web classement pertinent texte document moteur systeme
D5334	systeme pertinent rappel collection algorithme moteur precision inverse indexation
D5335	pertinent web information index utilisateur classement indexation collection document precision recherche
D5336	precision indexation algorithme systeme resultat utilisateur rappel collection index information moteur
D5337	recherche algorithme texte rappel document terme
D5338	systeme indexation index algorithme terme inverse requete utilisateur recherche web
D5339	information web recherche index systeme algorithme collection texte pertinent moteur
D5340	document systeme indexation information moteur inverse pertinent recherche terme algorithme web requete
D5341	algorithme terme pertinent moteur precision recherche inverse document texte rappel
D5342	index inverse collection moteur algorithme
D5343	algorithme rappel collection document pertinent systeme information classement
D5344	classement inverse rappel resultat indexation algorithme requete precision index texte web document
D5345	texte recherche rappel utilisateur indexation document precision systeme
D5346	web terme pertinent utilisateur requete algorithme moteur texte classement index indexation
D5347	requete index recherche texte moteur web rappel algorithme systeme information classement collection
D5348	algorithme pertinent precision resultat moteur recherche document utilisateur requete
D5349	document index recherche rappel requete pertinent
D5350	algorithme pertinent utilisateur document systeme texte information collection
D5351	algorithme web inverse index recherche terme indexation classement rappel moteur utilisateur systeme
D5352	utilisateur systeme inverse indexation resultat
D5353	algorithme indexation rappel recherche moteur collection
D5354	requete pertinent web document texte utilisateur algorithme terme index
D5355	requete information precision rappel terme web algorithme
D5356	inverse moteur systeme precision pertinent classement rappel recherche collection indexation web
D5357	document information inverse classement web resultat systeme precision index
D5358	systeme requete pertinent terme moteur indexation texte algorithme rappel web
D5359	document web inverse terme classement requete information texte algorithme index
D5360	requete web algorithme precision systeme texte inverse information pertinent
D5361	systeme information pertinent algorithme indexation web utilisateur
D5362	terme precision systeme pertinent algorithme requete
D5363	precision document pertinent information rappel moteur index recherche algorithme classement
D5364	inverse terme texte precision indexation requete utilisateur recherche information moteur
D5365	rappel pertinent moteur inverse terme
D5366	inverse document texte classement rappel index recherche algorithme systeme information resultat
D5367	resultat precision rappel requete systeme algorithme texte
D5368	document rappel systeme index inverse moteur classement terme web recherche indexation information
D5369	requete classement inverse recherche precision
D5370	precision indexation pertinent index rappel collection information
D5371	precision indexation utilisateur document rappel collection pertinent recherche moteur
D5372	utilisateur texte resultat systeme moteur algorithme indexation precision index
D5373	utilisateur algorithme recherche rappel document systeme inverse index
D5374	inverse requete collection recherche information moteur classement utilisateur
D5375	document systeme index information rappel recherche inverse texte classement collection
D5376	classement recherche texte pertinent rappel terme
D5377	rappel requete web utilisateur moteur texte terme recherche precision algorithme inverse
D5378	precision utilisateur systeme document pertinent requete index
D5379	systeme moteur inverse requete precision resultat algorithme recherche indexation collection rappel
D5380	utilisateur classement resultat indexation document texte pertinent
D5381	index texte moteur recherche document systeme precision terme rappel utilisateur collection
D5382	classement indexation index document recherche information
D5383	information texte web precision algorithme pertinent rappel inverse document systeme requete indexation
D5384	collection precision requete information utilisateur inverse recherche texte
D5385	resultat document indexation web terme index rappel systeme collection moteur
D5386	web terme texte rappel systeme inverse
D5387	terme resultat pertinent document rappel precision
D5388	classement recherche pertinent precision algorithme
D5389	precision algorithme index collection web inverse terme utilisateur document rappel
D5390	collection terme moteur systeme resultat index information
D5391	recherche inverse index collection requete classement systeme resultat rappel information
D5392	precision index recherche requete algorithme moteur document web utilisateur collection inverse
D5393	index moteur pertinent recherche document collection rappel web utilisateur requete
D5394	recherche algorithme systeme requete rappel classement pertinent inverse
D5395	collection rappel utilisateur recherche pertinent resultat moteur precision indexation index systeme
D5396	moteur collection resultat classement information
D5397	systeme terme information moteur resultat
D5398	requete texte index algorithme document
D5399	precision index systeme web requete classement
D5400	texte moteur web rappel document index collection pertinent
D5401	resultat classement document systeme precision indexation rappel utilisateur index terme texte
D5402	indexation texte pertinent collection requete precision classement terme utilisateur
D5403	rappel systeme document requete pertinent collection algorithme moteur indexation web inverse utilisateur
D5404	collection information rappel classement terme
D5405	information terme web indexation requete moteur rappel classement systeme texte
D5406	resultat precision collection recherche pertinent classement utilisateur information web systeme requete
D5407	information resultat requete document utilisateur algorithme precision recherche systeme pertinent moteur rappel
D5408	index rappel indexation document utilisateur recherche moteur systeme precision
D5409	classement rappel web index collection algorithme inverse texte document
D5410	web indexation classement inverse precision recherche requete terme
D5411	inverse utilisateur terme algorithme precision
D5412	precision utilisateur inverse indexation document collection recherche algorithme systeme moteur texte
D5413	rappel web pertinent classement resultat texte collection terme systeme recherche inverse
D5414	algorithme document precision requete texte
D5415	web document resultat recherche collection information rappel texte precision pertinent indexation index
D5416	terme classement texte moteur document recherche collection
D5417	moteur precision recherche collection resultat
D5418	collection recherche algorithme information requete moteur resultat precision indexation index
D5419	inverse information collection resultat indexation systeme classement index document rappel recherche
D5420	pertinent resultat terme indexation index utilisateur collection
D5421	terme index resultat recherche pertinent
D5422	classement texte recherche resultat indexation rappel terme pertinent
D5423	requete precision index moteur inverse terme classement
D5424	collection web classement rappel requete resultat index algorithme precision indexation pertinent document
D5425	pertinent utilisateur precision algorithme moteur index terme requete rappel
D5426	classement resultat collection systeme utilisateur
D5427	collection precision terme resultat systeme index web moteur indexation information utilisateur
D5428	requete moteur resultat inverse systeme index classement
D5429	systeme rappel collection document texte indexation precision
D5430	precision classement index terme pertinent information requete
D5431	classement precision texte inverse requete terme information moteur rappel systeme algorithme utilisateur
D5432	utilisateur resultat web index algorithme terme collection information recherche pertinent texte requete
D5433	indexation classement algorithme web information precision index terme requete collection texte resultat
D5434	utilisateur indexation recherche terme rappel precision web algorithme inverse requete moteur index
D5435	moteur document texte index requete rappel precision
D5436	document rappel texte terme pertinent indexation classement information systeme algorithme
D5437	document inverse precision moteur classement utilisateur recherche requete collection
D5438	precision web terme pertinent requete index algorithme resultat recherche information inverse
D5439	collection algorithme inverse web resultat
D5440	pertinent terme collection indexation precision
D5441	utilisateur document moteur requete texte resultat indexation web algorithme terme systeme
D5442	classement rappel resultat index terme information precision requete pertinent document
D5443	indexation systeme resultat pertinent document
D5444	document precision information rappel moteur algorithme collection classement
D5445	information rappel requete resultat terme
D5446	collection resultat classement inverse utilisateur terme algorithme pertinent document requete
D5447	inverse document index moteur algorithme requete texte
D5448	web texte requete precision inverse indexation utilisateur rappel
D5449	precision requete texte systeme classement
D5450	moteur algorithme resultat terme requete texte indexation index
D5451	classement pertinent index resultat information terme document
D5452	utilisateur texte precision requete collection systeme rappel resultat classement
D5453	systeme information texte rappel recherche
D5454	resultat precision index information web document classement rappel moteur
D5455	terme precision rappel classement indexation moteur resultat texte web index pertinent
D5456	moteur precision requete systeme information utilisateur
D5457	resultat utilisateur inverse information document terme precision
D5458	moteur information indexation document terme classement algorithme
D5459	precision collection document index texte requete moteur
D5460	terme utilisateur pertinent texte systeme
D5461	inverse classement recherche rappel resultat systeme algorithme
D5462	document information algorithme index indexation systeme collection precision recherche inverse
D5463	utilisateur resultat precision systeme inverse document index classement
D5464	rappel utilisateur web requete inverse information texte recherche pertinent
D5465	index inverse rappel collection requete pertinent algorithme
D5466	classement inverse information collection terme requete document rappel utilisateur index moteur
D5467	systeme web rappel moteur precision classement pertinent information document terme
D5468	moteur collection algorithme precision index rappel
D5469	index recherche classement pertinent requete information document
D5470	resultat recherche web systeme information inverse precision utilisateur collection terme
D5471	utilisateur requete terme systeme classement indexation rappel
D5472	document pertinent inverse algorithme collection texte resultat classement index requete rappel precision
D5473	information moteur utilisateur indexation texte classement
D5474	terme web inverse requete algorithme precision moteur indexation resultat
D5475	pertinent recherche algorithme index collection requete terme indexation
D5476	moteur texte index indexation classement precision recherche document inverse terme information algorithme
D5477	utilisateur indexation pertinent recherche algorithme rappel requete texte inverse document web
D5478	classement inverse web rappel utilisateur
D5479	information texte terme recherche pertinent utilisateur web index rappel collection moteur classement
D5480	collection web moteur index terme texte recherche document
D5481	document pertinent precision classement recherche terme
D5482	recherche information rappel moteur indexation
D5483	information collection inverse moteur indexation recherche requete
D5484	algorithme collection texte information recherche moteur index web
D5485	resultat pertinent recherche document utilisateur inverse
D5486	requete resultat collection pertinent precision algorithme inverse
D5487	algorithme information texte web terme recherche collection index
D5488	resultat web information indexation systeme classement pertinent rappel index recherche
D5489	collection information moteur utilisateur terme recherche index pertinent
D5490	resultat information collection moteur requete systeme algorithme
D5491	systeme requete terme web utilisateur index algorithme resultat texte inverse collection
D5492	web pertinent requete indexation utilisateur recherche resultat systeme texte
D5493	index resultat requete systeme algorithme rappel
D5494	classement pertinent recherche systeme inverse requete texte document algorithme
D5495	moteur terme rappel inverse precision classement index
D5496	moteur index inverse requete terme recherche information
D5497	requete pertinent classement rappel texte indexation inverse systeme index collection
D5498	information systeme algorithme recherche collection utilisateur
D5499	pertinent precision texte indexation requete inverse
D5500	systeme index algorithme utilisateur document moteur recherche classement
D5501	algorithme texte inverse document terme collection indexation classement web systeme requete
D5502	recherche precision classement collection rappel
D5503	resultat terme pertinent index rappel requete texte classement collection systeme
D5504	index classement information requete precision moteur systeme
D5505	recherche pertinent index document inverse requete indexation collection terme moteur
D5506	rappel utilisateur indexation inverse systeme index
D5507	terme resultat information document classement web texte inverse pertinent
D5508	classement information document algorithme web indexation pertinent index
D5509	collection utilisateur classement document indexation
D5510	algorithme inverse document information moteur resultat index rappel terme collection systeme utilisateur
D5511	web recherche systeme algorithme utilisateur information requete index classement texte
D5512	systeme collection texte rappel pertinent
D5513	rappel indexation systeme moteur document collection
D5514	classement terme precision web utilisateur
D5515	collection rappel inverse recherche classement indexation pertinent web
D5516	index pertinent requete moteur web utilisateur information rappel terme systeme classement
D5517	terme texte rappel web index moteur indexation systeme resultat utilisateur classement collection
D5518	indexation recherche web moteur terme texte systeme
D5519	information recherche index collection systeme terme precision web
D5520	collection texte inverse requete utilisateur classement information systeme recherche precision terme indexation
D5521	utilisateur rappel algorithme inverse document resultat systeme texte
D5522	resultat indexation systeme rappel index moteur recherche
D5523	algorithme index moteur precision document requete information systeme terme inverse web collection
D5524	pertinent systeme recherche inverse utilisateur rappel document resultat precision algorithme index information
D5525	utilisateur terme resultat requete pertinent inverse algorithme systeme information precision moteur web
D5526	recherche information systeme rappel document
D5527	inverse information indexation pertinent requete web classement utilisateur
D5528	requete recherche document rappel inverse
D5529	pertinent collection rappel document moteur inverse texte
D5530	moteur requete utilisateur inverse resultat collection index systeme indexation web information algorithme
D5531	web rappel pertinent collection index algorithme classement indexation utilisateur
D5532	utilisateur classement information pertinent systeme requete inverse collection texte rappel algorithme document
D5533	precision inverse algorithme systeme moteur
D5534	collection web pertinent classement texte requete information document index systeme terme
D5535	texte algorithme indexation resultat precision terme
D5536	precision web texte collection resultat
D5537	rappel web collection resultat precision terme indexation utilisateur inverse
D5538	web classement index precision recherche algorithme inverse indexation resultat rappel requete document
D5539	inverse classement systeme rappel precision moteur algorithme texte
D5540	document indexation web classement texte rappel algorithme inverse recherche
D5541	inverse rappel collection requete texte recherche algorithme web indexation document information systeme
D5542	moteur document inverse index recherche terme indexation requete
D5543	rappel algorithme indexation precision recherche document collection texte terme resultat utilisateur systeme
D5544	classement texte index information rappel inverse web terme recherche resultat
D5545	systeme recherche web moteur index terme
D5546	collection utilisateur inverse algorithme precision classement
D5547	algorithme classement utilisateur resultat recherche terme
D5548	rappel texte classement pertinent precision collection inverse algorithme document
D5549	systeme precision terme texte inverse moteur pertinent index indexation
D5550	systeme requete pertinent web moteur
D5551	resultat indexation requete recherche texte document rappel terme inverse precision information
D5552	moteur pertinent collection texte web inverse recherche information
D5553	precision resultat pertinent algorithme rappel recherche
D5554	terme algorithme indexation information classement texte precision requete utilisateur
D5555	moteur indexation document inverse pertinent
D5556	information terme systeme index utilisateur precision rappel algorithme web inverse pertinent
D5557	document classement requete systeme rappel index web indexation texte
D5558	terme document indexation inverse index resultat rappel web utilisateur
D5559	web utilisateur document collection systeme index
D5560	recherche index texte algorithme inverse requete precision collection
D5561	precision texte terme recherche information inverse moteur web pertinent
D5562	indexation terme recherche document precision index systeme pertinent resultat moteur
D5563	recherche texte web rappel classement inverse requete terme information pertinent moteur collection
D5564	terme moteur requete rappel web algorithme texte utilisateur information
D5565	index collection recherche rappel requete pertinent indexation algorithme information classement
D5566	information texte index moteur requete terme collection rappel indexation
D5567	index moteur resultat document information recherche
D5568	systeme algorithme pertinent indexation web texte resultat moteur rappel
D5569	classement recherche rappel pertinent indexation terme algorithme systeme web
D5570	texte index inverse moteur rappel web
D5571	moteur terme inverse systeme web indexation rappel collection information texte utilisateur
D5572	utilisateur algorithme pertinent moteur index recherche resultat
D5573	indexation inverse rappel pertinent index resultat terme utilisateur document moteur systeme
D5574	web classement document algorithme resultat index
D5575	algorithme web recherche classement document information
D5576	moteur systeme inverse rappel terme utilisateur information pertinent collection texte indexation classement
D5577	collection inverse systeme web indexation rappel
D5578	moteur utilisateur collection recherche requete rappel resultat precision algorithme systeme information terme
D5579	classement document web indexation precision information requete terme algorithme moteur texte index
D5580	pertinent texte index algorithme moteur utilisateur inverse
D5581	index precision web utilisateur resultat
D5582	moteur indexation index systeme precision classement document rappel
D5583	resultat rappel index texte document classement indexation moteur
D5584	utilisateur terme moteur precision classement web
D5585	classement collection recherche requete precision inverse moteur algorithme information
D5586	web utilisateur index requete precision information recherche indexation inverse algorithme moteur systeme
D5587	terme indexation collection index algorithme utilisateur pertinent systeme document moteur texte
D5588	rappel inverse requete collection pertinent utilisateur resultat indexation texte
D5589	rappel resultat classement terme requete
D5590	moteur rappel pertinent terme resultat recherche index web document indexation classement information
D5591	indexation systeme recherche utilisateur index terme web inverse texte information moteur
D5592	rappel classement indexation utilisateur requete precision document index information
D5593	indexation precision inverse recherche terme texte index requete document algorithme
D5594	precision indexation recherche classement rappel
D5595	indexation information moteur collection systeme terme algorithme
D5596	algorithme requete moteur index collection
D5597	classement algorithme document index information collection rappel inverse utilisateur
D5598	algorithme systeme recherche indexation terme information rappel
D5599	indexation systeme classement moteur collection
D5600	algorithme systeme precision rappel inverse indexation texte utilisateur collection terme moteur pertinent
D5601	web information inverse indexation precision moteur recherche
D5602	resultat classement information recherche inverse
D5603	rappel pertinent classement algorithme collection recherche index requete indexation document moteur web
D5604	precision systeme rappel collection indexation
D5605	rappel terme pertinent collection document
D5606	moteur precision web texte information recherche utilisateur
D5607	utilisateur algorithme requete pertinent precision texte inverse information indexation systeme recherche classement
D5608	utilisateur precision classement inverse rappel document collection indexation systeme terme recherche
D5609	moteur terme web precision requete classement
D5610	requete inverse moteur resultat web terme algorithme information
D5611	utilisateur indexation terme rappel classement information texte systeme moteur inverse
D5612	information systeme resultat document precision collection terme rappel texte recherche pertinent indexation
D5613	inverse texte systeme collection moteur information terme rappel
D5614	index requete recherche terme document indexation resultat
D5615	web inverse pertinent requete algorithme precision classement recherche index information terme
D5616	utilisateur moteur pertinent rappel terme systeme algorithme resultat collection information
D5617	texte terme algorithme pertinent classement precision resultat
D5618	texte web utilisateur pertinent requete precision information resultat inverse moteur recherche
D5619	document algorithme rappel information pertinent
D5620	recherche web inverse indexation precision moteur
D5621	inverse indexation texte collection requete resultat utilisateur precision algorithme
D5622	precision systeme pertinent classement terme web
D5623	document resultat pertinent collection utilisateur web rappel index classement requete
D5624	index requete collection algorithme systeme
D5625	utilisateur requete information precision rappel
D5626	information recherche web terme texte utilisateur
D5627	systeme rappel index algorithme precision information
D5628	classement algorithme indexation texte precision moteur recherche systeme collection pertinent web
D5629	collection recherche terme algorithme web moteur precision requete information classement index inverse
D5630	information algorithme pertinent resultat texte indexation
D5631	recherche terme indexation systeme texte rappel
D5632	classement utilisateur requete collection precision systeme rappel pertinent
D5633	document precision collection web texte rappel resultat indexation
D5634	algorithme inverse requete resultat pertinent texte document precision index
D5635	recherche classement rappel texte inverse document
D5636	document resultat information index recherche
D5637	precision pertinent resultat web moteur algorithme collection document indexation systeme requete utilisateur
D5638	document pertinent indexation resultat precision index
D5639	collection pertinent rappel recherche resultat requete
D5640	utilisateur moteur requete texte resultat index precision collection recherche
D5641	requete moteur collection resultat web
D5642	classement document indexation terme requete moteur web rappel systeme resultat
D5643	algorithme collection document texte rappel moteur utilisateur web recherche information resultat systeme
D5644	terme utilisateur algorithme rappel web
D5645	collection moteur pertinent web systeme rappel requete
D5646	index algorithme information resultat texte systeme collection precision inverse indexation document moteur
D5647	indexation recherche inverse pertinent terme rappel utilisateur web resultat
D5648	texte collection rappel document pertinent
D5649	requete collection information classement resultat systeme pertinent
D5650	inverse terme information web rappel precision classement utilisateur document collection systeme
D5651	web systeme indexation index inverse rappel
D5652	web recherche document resultat precision rappel systeme
D5653	terme systeme precision document index rappel texte classement information pertinent indexation
D5654	moteur resultat recherche document systeme pertinent algorithme terme precision
D5655	information indexation terme inverse systeme
D5656	texte classement utilisateur recherche resultat information requete systeme collection
D5657	inverse systeme pertinent document terme index moteur collection requete rappel
D5658	web indexation rappel resultat terme pertinent classement information requete moteur
D5659	inverse texte utilisateur moteur pertinent indexation document collection
D5660	requete collection precision resultat document index rappel pertinent terme utilisateur texte
D5661	index moteur indexation pertinent web
D5662	resultat recherche pertinent precision moteur
D5663	terme systeme classement requete document resultat
D5664	collection pertinent indexation algorithme index resultat systeme
D5665	utilisateur recherche document classement rappel systeme moteur web
D5666	collection classement web texte precision document indexation pertinent index inverse
D5667	pertinent classement systeme moteur information rappel
D5668	collection classement requete pertinent resultat indexation index algorithme utilisateur
D5669	index recherche information moteur indexation precision document
D5670	inverse resultat document texte precision moteur pertinent
D5671	index collection document resultat indexation precision information web
D5672	terme moteur indexation resultat recherche web
D5673	information web classement algorithme requete document recherche terme
D5674	document classement inverse systeme information algorithme
D5675	systeme pertinent recherche requete texte
D5676	information terme indexation systeme utilisateur
D5677	texte web rappel systeme collection information recherche pertinent requete utilisateur
D5678	index classement indexation moteur resultat texte collection algorithme requete pertinent
D5679	systeme recherche indexation terme index document moteur
D5680	precision rappel algorithme recherche classement texte index utilisateur collection
D5681	collection resultat classement texte terme moteur pertinent utilisateur indexation precision document
D5682	requete web inverse document indexation algorithme
D5683	terme inverse requete resultat rappel utilisateur collection systeme information
D5684	texte information precision requete resultat rappel
D5685	rappel indexation moteur algorithme index terme
D5686	requete algorithme utilisateur systeme resultat texte classement terme moteur
D5687	precision collection texte utilisateur systeme indexation information algorithme moteur
D5688	pertinent collection resultat moteur document precision classement
D5689	information classement document inverse index texte utilisateur systeme moteur pertinent requete
D5690	resultat texte utilisateur algorithme pertinent precision document
D5691	systeme collection terme requete algorithme classement rappel document
D5692	algorithme pertinent index resultat indexation web recherche rappel inverse collection
D5693	information resultat rappel recherche inverse web utilisateur algorithme
D5694	requete texte rappel algorithme indexation recherche collection inverse
D5695	index algorithme pertinent document systeme requete precision resultat terme utilisateur
D5696	precision index terme recherche resultat pertinent
D5697	rappel terme algorithme recherche collection precision index requete information
D5698	pertinent document requete web moteur inverse rappel indexation index terme
D5699	indexation document classement texte systeme terme inverse collection algorithme moteur pertinent
D5700	utilisateur requete collection web rappel information
D5701	algorithme resultat terme index information classement moteur web precision
D5702	inverse rappel requete terme precision moteur indexation texte
D5703	document moteur algorithme rappel systeme
D5704	rappel pertinent index document moteur recherche indexation utilisateur algorithme
D5705	rappel algorithme precision inverse recherche
D5706	indexation moteur information systeme utilisateur resultat rappel
D5707	web systeme resultat information texte algorithme requete pertinent collection rappel document terme
D5708	texte web resultat utilisateur information terme recherche
D5709	systeme classement algorithme inverse terme
D5710	algorithme web indexation collection precision utilisateur recherche classement information
D5711	document index collection terme algorithme recherche information
D5712	terme inverse requete index web collection moteur
D5713	web algorithme inverse resultat information index rappel terme indexation precision moteur
D5714	recherche index document requete indexation rappel information web utilisateur
D5715	terme classement indexation recherche collection rappel resultat pertinent document
D5716	texte rappel terme collection algorithme recherche
D5717	texte utilisateur collection recherche rappel requete web
D5718	texte information resultat indexation moteur requete rappel classement
D5719	algorithme moteur rappel web texte requete utilisateur resultat
D5720	pertinent recherche texte terme indexation
D5721	utilisateur systeme index information terme document classement pertinent collection rappel
D5722	requete pertinent web inverse resultat recherche
D5723	indexation classement requete moteur recherche algorithme web terme texte systeme resultat document
D5724	recherche resultat inverse algorithme classement collection requete web information
D5725	requete precision collection pertinent rappel
D5726	collection requete indexation utilisateur resultat
D5727	information utilisateur pertinent algorithme classement systeme moteur recherche terme
D5728	classement algorithme collection document terme rappel index utilisateur texte precision systeme information
D5729	resultat algorithme information document texte requete systeme moteur
D5730	utilisateur classement texte inverse precision
D5731	systeme algorithme utilisateur classement pertinent
D5732	pertinent terme indexation precision utilisateur document inverse index web
D5733	requete pertinent web terme inverse texte classement moteur index collection rappel systeme
D5734	web index resultat pertinent texte moteur precision algorithme information terme
D5735	pertinent texte precision collection rappel resultat
D5736	utilisateur document classement pertinent web requete inverse
D5737	classement rappel indexation terme web precision pertinent moteur collection
D5738	indexation terme document recherche pertinent web information precision
D5739	rappel precision index pertinent requete utilisateur terme
D5740	requete document information algorithme precision collection
D5741	information document resultat utilisateur rappel moteur collection
D5742	terme classement web pertinent requete resultat
D5743	index precision information indexation document classement moteur
D5744	rappel moteur requete classement recherche systeme precision collection inverse web
D5745	resultat precision collection systeme requete rappel pertinent
D5746	utilisateur indexation terme requete algorithme rappel moteur resultat inverse recherche document
D5747	systeme pertinent terme utilisateur texte index resultat precision rappel document recherche
D5748	indexation algorithme resultat moteur precision texte rappel web pertinent information requete inverse
D5749	precision web inverse index utilisateur
D5750	collection inverse resultat systeme information requete document utilisateur terme
D5751	index precision terme texte information
D5752	rappel utilisateur requete recherche moteur inverse systeme
D5753	web moteur texte requete utilisateur information terme systeme
D5754	resultat information requete utilisateur systeme indexation algorithme classement pertinent
D5755	systeme indexation texte recherche web precision requete rappel document pertinent classement collection
D5756	recherche systeme indexation classement algorithme
D5757	classement rappel moteur requete web indexation terme resultat pertinent recherche utilisateur
D5758	moteur indexation algorithme pertinent systeme requete resultat
D5759	texte recherche index terme rappel systeme
D5760	moteur inverse indexation classement systeme pertinent precision
D5761	moteur requete document texte information algorithme pertinent resultat precision
D5762	requete rappel systeme indexation precision pertinent
D5763	moteur indexation precision utilisateur web texte classement index
D5764	systeme algorithme resultat document information requete
D5765	precision texte index moteur pertinent classement
D5766	resultat terme indexation document requete rappel algorithme systeme
D5767	requete resultat moteur rappel classement recherche collection algorithme precision
D5768	requete systeme indexation rappel terme utilisateur classement inverse pertinent recherche collection texte
D5769	precision collection information systeme index texte inverse moteur pertinent
D5770	information systeme texte recherche inverse precision terme
D5771	classement inverse web texte systeme precision indexation requete rappel utilisateur resultat algorithme
D5772	document terme resultat inverse precision pertinent indexation rappel requete texte classement recherche
D5773	inverse rappel utilisateur information terme index algorithme
D5774	resultat texte pertinent indexation systeme collection requete information document
D5775	resultat texte moteur requete information
D5776	indexation systeme requete moteur resultat algorithme index information inverse pertinent
D5777	moteur information document classement recherche algorithme resultat inverse indexation terme collection utilisateur
D5778	resultat systeme utilisateur classement inverse indexation information recherche index precision moteur
D5779	requete precision information classement pertinent collection index inverse terme
D5780	precision systeme information inverse recherche texte document moteur utilisateur web pertinent classement
D5781	rappel index inverse utilisateur pertinent
D5782	pertinent terme algorithme recherche index utilisateur rappel systeme precision texte requete collection
D5783	collection requete index pertinent inverse classement systeme precision
D5784	moteur algorithme collection recherche requete classement
D5785	systeme rappel classement collection resultat pertinent
D5786	indexation algorithme moteur classement information utilisateur resultat
D5787	precision inverse rappel texte index web utilisateur
D5788	information web indexation recherche requete index
D5789	rappel web index information inverse requete precision systeme utilisateur algorithme collection moteur
D5790	classement information resultat texte web systeme rappel moteur precision collection utilisateur
D5791	pertinent rappel collection document information classement
D5792	requete indexation resultat algorithme terme precision inverse pertinent recherche information
D5793	precision classement moteur terme utilisateur
D5794	inverse recherche moteur indexation classement resultat texte
D5795	classement collection indexation pertinent algorithme web document
D5796	moteur inverse document pertinent requete precision systeme information collection index terme resultat
D5797	web resultat algorithme collection rappel document inverse
D5798	resultat pertinent precision requete web recherche indexation algorithme collection moteur index classement
D5799	utilisateur information texte inverse requete collection terme classement index web systeme rappel
D5800	pertinent web utilisateur texte indexation rappel document resultat information inverse terme systeme
D5801	recherche terme inverse systeme document information texte precision web collection rappel
D5802	rappel inverse pertinent precision indexation collection index systeme algorithme terme moteur information
D5803	information index indexation rappel terme recherche collection requete systeme utilisateur pertinent classement
D5804	indexation classement requete utilisateur collection moteur terme
D5805	utilisateur systeme classement indexation resultat requete inverse collection algorithme document
D5806	utilisateur resultat algorithme document rappel moteur recherche index texte
D5807	resultat algorithme requete moteur recherche terme texte index information pertinent inverse
D5808	systeme rappel indexation index resultat precision information requete document algorithme utilisateur
D5809	recherche rappel classement precision algorithme utilisateur systeme resultat
D5810	indexation precision document systeme rappel classement
D5811	index terme rappel pertinent collection systeme inverse information recherche document resultat
D5812	indexation terme pertinent index precision systeme classement
D5813	precision utilisateur algorithme inverse classement terme document
D5814	precision requete recherche pertinent indexation classement collection
D5815	information systeme requete inverse indexation recherche utilisateur
D5816	rappel indexation precision pertinent moteur classement
D5817	systeme texte web rappel resultat requete pertinent recherche precision information inverse document
D5818	information index classement collection document pertinent inverse algorithme terme
D5819	precision pertinent utilisateur algorithme texte inverse rappel web information
D5820	terme document moteur recherche requete utilisateur collection index indexation
D5821	precision terme document requete information indexation index systeme
D5822	collection algorithme index requete information resultat classement recherche inverse
D5823	indexation rappel resultat classement systeme document web precision inverse terme
D5824	information moteur indexation terme inverse resultat collection texte systeme precision
D5825	indexation classement systeme collection requete resultat moteur
D5826	terme recherche inverse algorithme resultat utilisateur indexation requete document web
D5827	web classement resultat moteur inverse utilisateur index algorithme terme
D5828	precision index recherche resultat terme systeme information algorithme pertinent requete rappel texte
D5829	indexation texte classement utilisateur recherche precision collection resultat rappel inverse pertinent
D5830	moteur indexation pertinent classement texte systeme requete recherche rappel index information resultat
D5831	utilisateur requete recherche indexation document resultat systeme precision index texte
D5832	terme precision requete utilisateur document
D5833	algorithme indexation moteur inverse terme collection index recherche resultat
D5834	moteur algorithme inverse collection document information terme
D5835	utilisateur precision texte index web systeme pertinent requete collection recherche indexation rappel
D5836	texte information classement recherche requete pertinent indexation terme collection
D5837	classement collection index document resultat precision
D5838	document information rappel requete terme index pertinent classement algorithme moteur inverse
D5839	pertinent indexation web terme information requete resultat collection utilisateur texte inverse
D5840	terme precision systeme index classement utilisateur resultat rappel inverse requete
D5841	web systeme precision information texte indexation
D5842	pertinent algorithme rappel precision resultat moteur
D5843	classement index indexation document systeme terme inverse requete rappel
D5844	terme resultat utilisateur classement algorithme recherche index precision requete
D5845	terme rappel precision index utilisateur requete texte indexation algorithme moteur
D5846	indexation resultat collection utilisateur document information rappel systeme
D5847	collection moteur classement resultat information precision rappel terme indexation index document
D5848	texte algorithme rappel document information web indexation precision inverse utilisateur systeme
D5849	information rappel terme requete texte
D5850	pertinent web requete algorithme information index terme resultat
D5851	algorithme index indexation inverse classement rappel resultat collection requete
D5852	precision systeme index inverse algorithme terme information moteur
D5853	moteur collection utilisateur precision terme resultat rappel classement
D5854	precision indexation recherche texte web index algorithme
D5855	requete classement resultat document information utilisateur recherche web
D5856	rappel document recherche information systeme pertinent algorithme
D5857	texte web document resultat recherche requete collection precision index moteur terme
D5858	texte moteur classement rappel web indexation
D5859	moteur utilisateur indexation collection information
D5860	moteur systeme pertinent collection index indexation
D5861	resultat terme indexation classement document utilisateur inverse index
D5862	pertinent texte indexation utilisateur moteur precision algorithme web systeme collection requete
D5863	pertinent information classement algorithme systeme
D5864	resultat utilisateur algorithme texte recherche requete pertinent moteur systeme index precision information
D5865	terme recherche resultat index pertinent rappel document classement texte information indexation collection
D5866	systeme classement texte indexation pertinent web inverse moteur information
D5867	inverse resultat collection pertinent utilisateur
D5868	texte requete rappel web systeme algorithme
D5869	index resultat systeme moteur algorithme requete rappel
D5870	indexation precision utilisateur web index
D5871	collection systeme recherche document moteur information terme utilisateur web texte
D5872	requete algorithme collection moteur terme pertinent
D5873	algorithme collection inverse recherche document texte utilisateur index indexation moteur
D5874	information terme utilisateur requete collection algorithme resultat rappel texte systeme moteur indexation
D5875	document recherche moteur information index requete resultat
D5876	recherche resultat document inverse web systeme classement moteur rappel information collection terme
D5877	information utilisateur web classement precision
D5878	moteur document information rappel utilisateur requete index indexation systeme algorithme
D5879	terme web precision texte moteur document resultat utilisateur recherche systeme
D5880	requete utilisateur pertinent resultat document recherche indexation index inverse rappel
D5881	systeme index web information resultat recherche rappel
D5882	requete precision classement moteur inverse indexation texte systeme collection pertinent web
D5883	document resultat collection moteur information precision inverse web recherche rappel
D5884	precision index recherche resultat texte document inverse pertinent systeme
D5885	terme index rappel indexation resultat web collection moteur pertinent requete
D5886	moteur texte indexation systeme terme recherche index algorithme
D5887	utilisateur precision index resultat inverse algorithme collection terme
D5888	inverse recherche document requete web moteur index
D5889	collection recherche inverse precision information texte utilisateur indexation systeme moteur classement requete
D5890	indexation information index classement pertinent web recherche algorithme collection resultat
D5891	requete index algorithme information collection texte recherche utilisateur systeme
D5892	algorithme systeme inverse requete information
D5893	recherche information precision classement texte requete moteur terme resultat index indexation
D5894	precision utilisateur moteur indexation collection document web inverse texte index
D5895	resultat terme collection web utilisateur moteur document classement precision inverse
D5896	terme recherche document index moteur texte indexation rappel collection precision inverse classement
D5897	moteur indexation algorithme document web index recherche utilisateur rappel
D5898	index precision pertinent requete resultat information collection
D5899	indexation recherche inverse terme resultat classement rappel web utilisateur
D5900	pertinent indexation requete information utilisateur classement systeme rappel
D5901	index texte moteur inverse document resultat precision indexation terme algorithme pertinent
D5902	resultat index utilisateur classement systeme terme algorithme pertinent
D5903	web terme rappel collection moteur
D5904	web collection utilisateur texte document indexation terme systeme requete rappel inverse pertinent
D5905	inverse classement precision terme pertinent
D5906	utilisateur moteur precision index web requete inverse rappel information
D5907	resultat terme recherche algorithme texte
D5908	pertinent collection algorithme rappel systeme recherche
D5909	utilisateur rappel pertinent precision texte classement resultat systeme index information terme indexation
D5910	document classement systeme precision resultat
D5911	algorithme resultat recherche document indexation systeme index
D5912	pertinent collection texte indexation requete document recherche index
D5913	collection document pertinent texte classement
D5914	systeme recherche terme requete inverse indexation texte document index precision web
D5915	systeme utilisateur resultat document recherche collection
D5916	inverse indexation classement pertinent information web collection
D5917	inverse moteur terme resultat collection utilisateur web document information texte pertinent recherche
D5918	utilisateur precision information terme web collection moteur texte
D5919	document resultat moteur systeme information terme algorithme rappel
D5920	index document algorithme precision texte classement collection inverse recherche terme information
D5921	rappel index collection recherche terme moteur resultat indexation utilisateur pertinent information requete
D5922	inverse pertinent moteur collection utilisateur resultat
D5923	recherche algorithme classement index requete web information pertinent indexation terme systeme collection
D5924	recherche resultat web requete classement information terme precision rappel
D5925	moteur algorithme requete index web rappel collection information pertinent texte systeme
D5926	inverse utilisateur rappel recherche resultat web document texte precision systeme
D5927	collection precision requete terme utilisateur recherche document web texte
D5928	classement texte recherche moteur pertinent requete rappel index algorithme inverse document indexation
D5929	resultat algorithme index utilisateur requete systeme moteur
D5930	pertinent algorithme information texte resultat inverse moteur terme document rappel
D5931	rappel index recherche web algorithme
D5932	utilisateur index classement pertinent recherche terme resultat requete moteur
D5933	terme resultat collection requete indexation texte pertinent
D5934	inverse terme index requete resultat document moteur precision rappel texte utilisateur algorithme
D5935	indexation systeme terme inverse rappel recherche document web
D5936	resultat requete texte recherche index pertinent algorithme moteur inverse information systeme collection
D5937	terme precision classement rappel systeme
D5938	indexation systeme document algorithme information recherche collection
D5939	recherche moteur index requete algorithme resultat systeme pertinent texte
D5940	index rappel utilisateur collection systeme indexation web recherche texte document information resultat
D5941	inverse rappel index texte precision algorithme utilisateur moteur terme pertinent resultat
D5942	precision texte utilisateur document classement requete collection indexation web information
D5943	utilisateur systeme terme rappel inverse collection document algorithme
D5944	classement systeme index algorithme terme utilisateur moteur document requete pertinent information
D5945	pertinent texte web algorithme inverse systeme rappel moteur document requete recherche
D5946	pertinent terme requete systeme texte rappel
D5947	utilisateur resultat algorithme recherche collection terme moteur
D5948	document requete information web collection terme
D5949	classement texte collection pertinent indexation resultat index inverse terme
D5950	systeme recherche resultat collection inverse indexation information pertinent requete
D5951	requete collection web indexation index pertinent moteur terme
D5952	web terme pertinent algorithme moteur document collection rappel recherche utilisateur
D5953	classement texte information terme web inverse index collection indexation
D5954	document indexation requete index inverse texte moteur web information resultat precision
D5955	algorithme texte index precision moteur indexation terme document utilisateur information classement pertinent
D5956	index terme indexation information inverse precision texte collection resultat systeme requete algorithme
D5957	requete systeme resultat precision web classement algorithme inverse pertinent document recherche texte
D5958	rappel document pertinent texte requete moteur
D5959	rappel moteur texte classement document requete
D5960	information pertinent terme inverse resultat moteur web recherche indexation classement systeme utilisateur
D5961	systeme rappel terme pertinent precision resultat inverse moteur document
D5962	document utilisateur moteur rappel resultat precision recherche classement indexation information systeme
D5963	precision terme systeme index resultat recherche requete
D5964	information inverse collection resultat requete pertinent
D5965	rappel algorithme pertinent information recherche moteur
D5966	requete texte information pertinent moteur systeme terme
D5967	requete algorithme resultat indexation texte classement web pertinent information terme
D5968	information precision document recherche web index inverse algorithme moteur terme
D5969	algorithme collection resultat recherche index indexation moteur
D5970	texte requete moteur precision indexation
D5971	collection algorithme precision requete classement index utilisateur terme
D5972	rappel web utilisateur precision systeme information
D5973	document moteur inverse utilisateur texte recherche indexation
D5974	classement information texte moteur resultat document pertinent indexation
D5975	texte requete index systeme document information pertinent
D5976	information terme classement pertinent web document rappel utilisateur requete moteur inverse indexation
D5977	precision classement information rappel web moteur index systeme resultat
D5978	algorithme requete precision inverse collection index classement recherche information resultat terme
D5979	rappel web resultat systeme terme pertinent collection document moteur utilisateur
D5980	terme index algorithme information inverse systeme rappel precision utilisateur collection resultat pertinent
D5981	texte recherche inverse systeme pertinent terme indexation
D5982	utilisateur moteur index texte rappel inverse collection requete recherche terme pertinent resultat
D5983	resultat document rappel web terme requete
D5984	resultat utilisateur texte pertinent moteur
D5985	requete web terme utilisateur rappel
D5986	terme web texte inverse rappel collection classement pertinent index algorithme requete
D5987	index moteur algorithme indexation systeme web
D5988	utilisateur indexation pertinent information inverse
D5989	systeme algorithme rappel indexation recherche moteur terme requete inverse utilisateur pertinent collection
D5990	document indexation inverse index terme
D5991	algorithme index classement rappel collection utilisateur recherche information document resultat precision terme
D5992	recherche document inverse index resultat systeme collection
D5993	terme classement requete recherche systeme precision collection inverse web
D5994	systeme document algorithme inverse moteur requete rappel pertinent index
D5995	utilisateur inverse rappel moteur web requete pertinent information classement resultat recherche
D5996	index inverse rappel systeme algorithme
D5997	resultat index texte document utilisateur collection recherche moteur inverse terme algorithme
D5998	systeme utilisateur collection web document resultat
D5999	rappel pertinent precision algorithme document recherche index collection utilisateur texte
D6000	moteur algorithme indexation rappel inverse information collection utilisateur classement
D6001	precision algorithme index moteur information classement texte recherche terme requete
D6002	recherche classement indexation inverse moteur collection
D6003	classement utilisateur resultat precision inverse texte recherche
D6004	systeme utilisateur requete pertinent recherche rappel
D6005	utilisateur requete algorithme moteur terme pertinent inverse precision
D6006	requete utilisateur document classement terme systeme moteur
D6007	classement information moteur index rappel requete terme web pertinent algorithme recherche texte
D6008	resultat document algorithme recherche utilisateur terme pertinent collection classement inverse
D6009	inverse utilisateur document recherche moteur web classement
D6010	collection information terme texte index algorithme recherche
D6011	indexation web rappel utilisateur precision resultat information requete inverse collection index
D6012	document classement web resultat indexation utilisateur index systeme collection recherche moteur
D6013	algorithme classement collection document information systeme rappel
D6014	document information recherche precision moteur indexation utilisateur terme systeme
D6015	information texte collection pertinent precision inverse index requete
D6016	terme pertinent systeme moteur recherche classement precision
D6017	recherche collection requete web systeme indexation precision classement rappel moteur utilisateur
D6018	document classement recherche requete moteur texte rappel resultat algorithme inverse
D6019	recherche precision resultat rappel terme algorithme document index
D6020	indexation systeme precision requete utilisateur information pertinent web
D6021	terme rappel information indexation document recherche pertinent inverse
D6022	recherche systeme moteur inverse index indexation requete document pertinent resultat algorithme classement
D6023	resultat utilisateur document collection classement systeme recherche
D6024	indexation precision texte information requete algorithme index resultat
D6025	inverse terme requete systeme utilisateur classement information collection algorithme
D6026	utilisateur collection terme resultat systeme rappel index
D6027	inverse index systeme information requete web recherche pertinent resultat
D6028	rappel document precision pertinent collection terme requete indexation systeme texte
D6029	web moteur algorithme collection information
D6030	systeme document requete inverse resultat classement pertinent web texte
D6031	indexation index precision texte collection systeme
D6032	rappel terme information indexation moteur recherche algorithme requete resultat precision pertinent
D6033	classement algorithme moteur resultat collection information pertinent document systeme
D6034	texte terme document index collection resultat utilisateur information moteur
D6035	pertinent indexation information systeme requete recherche collection inverse utilisateur classement precision
D6036	recherche systeme resultat rappel document texte terme web index
D6037	pertinent recherche rappel inverse systeme
D6038	inverse utilisateur web index indexation information classement rappel pertinent terme collection systeme
D6039	index pertinent classement terme moteur web resultat requete systeme information
D6040	indexation requete recherche information precision document systeme
D6041	classement terme rappel document inverse indexation recherche algorithme
D6042	indexation moteur rappel classement requete
D6043	precision algorithme classement collection rappel
D6044	moteur inverse collection document information rappel web precision index
D6045	indexation pertinent utilisateur moteur rappel information index collection algorithme
D6046	utilisateur classement resultat indexation algorithme terme systeme index web
D6047	systeme moteur recherche collection precision web information texte
D6048	resultat recherche requete collection index precision systeme pertinent algorithme moteur
D6049	requete systeme rappel pertinent collection resultat utilisateur algorithme
D6050	texte precision classement utilisateur algorithme pertinent resultat
D6051	index pertinent requete recherche moteur utilisateur precision algorithme web collection rappel information
D6052	inverse document algorithme pertinent utilisateur
D6053	classement collection algorithme resultat web
D6054	document web index requete utilisateur collection resultat
D6055	inverse information terme index utilisateur resultat moteur texte rappel
D6056	terme collection recherche precision moteur resultat pertinent requete document texte systeme utilisateur
D6057	texte document inverse resultat algorithme utilisateur
D6058	precision rappel recherche classement inverse texte web document systeme information
D6059	texte inverse collection terme utilisateur document requete moteur index
D6060	index rappel resultat indexation information pertinent web document algorithme requete collection
D6061	moteur classement information utilisateur requete pertinent document
D6062	utilisateur recherche indexation texte collection rappel requete resultat systeme document moteur precision
D6063	indexation inverse algorithme pertinent recherche
D6064	precision collection requete recherche terme algorithme
D6065	requete inverse precision rappel indexation algorithme
D6066	classement requete information algorithme precision inverse rappel systeme
D6067	index moteur utilisateur information web document
D6068	utilisateur web pertinent inverse index indexation
D6069	resultat index inverse classement information document web texte indexation
D6070	collection texte index utilisateur pertinent resultat moteur information terme indexation
D6071	resultat pertinent rappel information systeme classement moteur utilisateur document collection algorithme index
D6072	collection moteur rappel systeme pertinent terme algorithme information utilisateur recherche requete
D6073	resultat requete terme systeme algorithme indexation index
D6074	algorithme moteur collection recherche classement index web pertinent texte inverse
D6075	web utilisateur index collection inverse classement information document
D6076	utilisateur texte inverse information classement recherche
D6077	systeme terme precision index recherche
D6078	indexation rappel texte index moteur pertinent information recherche document
D6079	collection terme classement utilisateur rappel moteur algorithme resultat precision pertinent index
D6080	classement inverse terme moteur pertinent index recherche requete systeme precision web
D6081	precision algorithme resultat requete recherche utilisateur pertinent
D6082	requete texte systeme classement index indexation pertinent utilisateur
D6083	texte indexation pertinent terme utilisateur document collection systeme index resultat
D6084	resultat document precision indexation web collection inverse recherche information pertinent index
D6085	algorithme document web texte resultat pertinent
D6086	moteur pertinent resultat rappel collection utilisateur systeme
D6087	utilisateur requete classement rappel indexation recherche
D6088	terme inverse algorithme resultat texte utilisateur classement rappel precision
D6089	web moteur resultat texte algorithme precision
D6090	inverse algorithme web information texte pertinent recherche rappel systeme
D6091	index systeme rappel document classement requete inverse
D6092	collection web inverse indexation document information requete rappel
D6093	texte moteur systeme precision classement inverse
D6094	terme pertinent information collection resultat algorithme moteur web
D6095	precision terme recherche information utilisateur inverse classement algorithme moteur resultat web
D6096	algorithme inverse texte pertinent rappel web index
D6097	systeme information rappel resultat moteur utilisateur index
D6098	inverse web classement resultat algorithme pertinent utilisateur index texte precision indexation
D6099	classement inverse texte recherche precision rappel resultat
D6100	collection systeme recherche requete rappel terme precision moteur information pertinent web resultat
D6101	pertinent document resultat terme moteur
D6102	recherche classement systeme algorithme precision web terme
D6103	pertinent precision indexation collection web algorithme information index texte moteur recherche
D6104	rappel recherche moteur algorithme systeme document resultat
D6105	utilisateur texte web document rappel indexation information inverse collection
D6106	rappel web texte algorithme indexation precision index classement inverse recherche
D6107	index rappel precision systeme algorithme texte utilisateur document pertinent
D6108	recherche algorithme pertinent indexation texte resultat utilisateur information inverse
D6109	requete algorithme rappel collection resultat inverse moteur document classement pertinent indexation
D6110	information resultat recherche terme utilisateur inverse document rappel classement
D6111	web requete texte terme moteur utilisateur index
D6112	systeme requete classement pertinent document collection index web algorithme recherche inverse precision
D6113	information recherche document resultat classement inverse
D6114	texte information algorithme indexation precision recherche resultat terme pertinent index moteur
D6115	index precision indexation moteur inverse rappel resultat
D6116	moteur recherche utilisateur pertinent indexation systeme classement
D6117	indexation pertinent moteur recherche systeme classement rappel terme precision utilisateur web
D6118	document index texte terme requete indexation
D6119	terme systeme pertinent resultat texte indexation index
D6120	web utilisateur terme recherche indexation index document requete
D6121	collection classement moteur information index systeme precision rappel resultat pertinent recherche algorithme
D6122	utilisateur inverse indexation precision collection requete
D6123	resultat information recherche web pertinent requete utilisateur document classement
D6124	document information requete utilisateur algorithme inverse classement terme web pertinent index moteur
D6125	rappel information texte precision resultat requete indexation classement recherche pertinent utilisateur
D6126	moteur resultat classement information terme pertinent
D6127	terme document precision systeme index collection texte moteur algorithme utilisateur inverse recherche
D6128	algorithme resultat classement index inverse requete recherche web
D6129	document requete index indexation web collection terme classement utilisateur
D6130	utilisateur pertinent recherche requete moteur algorithme web document rappel
D6131	rappel texte collection algorithme indexation
D6132	inverse requete rappel classement document utilisateur pertinent moteur
D6133	document systeme utilisateur resultat rappel index inverse
D6134	classement inverse indexation terme document collection precision moteur information rappel
D6135	document resultat index systeme indexation moteur pertinent precision information utilisateur inverse
D6136	requete classement texte pertinent resultat moteur recherche
D6137	terme index information rappel systeme resultat algorithme requete
D6138	pertinent resultat moteur classement index rappel recherche precision utilisateur
D6139	terme requete pertinent inverse indexation index rappel collection texte recherche information classement
D6140	rappel algorithme moteur systeme index
D6141	algorithme moteur systeme document inverse
D6142	resultat recherche requete terme information pertinent precision rappel
D6143	recherche classement indexation utilisateur index systeme algorithme document requete inverse pertinent
D6144	terme pertinent moteur collection algorithme utilisateur inverse systeme texte
D6145	rappel terme algorithme texte classement utilisateur collection
D6146	pertinent texte information moteur classement requete index systeme
D6147	rappel resultat web collection texte algorithme precision information document
D6148	web collection terme indexation pertinent
D6149	information terme index document texte web
D6150	terme texte algorithme classement systeme utilisateur
D6151	pertinent index requete document systeme web precision utilisateur resultat terme rappel texte
D6152	recherche requete indexation index terme classement
D6153	requete resultat texte terme collection moteur indexation
D6154	precision terme algorithme requete rappel
D6155	texte algorithme information utilisateur inverse
D6156	precision systeme rappel utilisateur algorithme texte moteur recherche index resultat document collection
D6157	algorithme collection utilisateur information systeme
D6158	pertinent algorithme precision recherche indexation resultat rappel
D6159	resultat classement index information document indexation pertinent recherche algorithme utilisateur web terme
D6160	texte resultat algorithme information collection document utilisateur inverse
D6161	collection inverse rappel utilisateur pertinent systeme texte
D6162	resultat algorithme pertinent inverse moteur indexation rappel
D6163	moteur collection precision rappel requete texte terme resultat
D6164	utilisateur document web indexation classement
D6165	indexation moteur pertinent algorithme rappel information collection texte systeme
D6166	requete utilisateur precision collection recherche document terme moteur index
D6167	recherche document texte algorithme systeme inverse
D6168	inverse classement algorithme rappel systeme recherche
D6169	pertinent utilisateur texte recherche resultat systeme web inverse document precision
D6170	information inverse indexation utilisateur recherche moteur resultat classement systeme
D6171	document resultat rappel terme web collection precision
D6172	utilisateur index texte document requete indexation resultat recherche
D6173	indexation recherche requete inverse document resultat
D6174	precision web rappel algorithme systeme inverse resultat
D6175	texte utilisateur systeme precision index classement pertinent web document recherche
D6176	precision pertinent web systeme collection algorithme information utilisateur texte
D6177	precision classement information document utilisateur
D6178	pertinent precision classement information indexation inverse collection systeme utilisateur document moteur
D6179	resultat rappel inverse document utilisateur collection texte index moteur precision indexation
D6180	precision systeme indexation inverse moteur
D6181	index web algorithme utilisateur resultat terme rappel inverse pertinent
D6182	inverse classement indexation requete rappel utilisateur document
D6183	inverse systeme moteur utilisateur recherche resultat
D6184	document precision texte utilisateur rappel recherche indexation index algorithme systeme inverse
D6185	collection recherche systeme web rappel terme requete document index
D6186	web algorithme pertinent index requete rappel
D6187	moteur terme rappel information indexation classement
D6188	indexation document resultat requete classement index recherche moteur collection texte web
D6189	moteur requete pertinent utilisateur systeme collection terme index indexation
D6190	moteur web document texte information systeme index resultat pertinent recherche terme
D6191	indexation utilisateur resultat texte precision collection recherche systeme rappel pertinent information terme
D6192	precision index resultat utilisateur classement algorithme rappel texte collection systeme pertinent inverse
D6193	classement indexation utilisateur algorithme requete document inverse systeme moteur information resultat texte
D6194	web pertinent moteur precision rappel index information document classement utilisateur terme requete
D6195	resultat algorithme utilisateur precision document rappel moteur collection recherche index requete information
D6196	resultat collection texte document recherche moteur classement
D6197	classement index moteur terme texte requete rappel resultat information recherche algorithme
D6198	requete resultat document texte collection algorithme index
D6199	rappel web terme document indexation recherche classement moteur
D6200	collection moteur precision recherche classement requete
D6201	utilisateur resultat classement recherche pertinent index systeme algorithme document precision collection
D6202	index texte moteur classement recherche systeme indexation algorithme
D6203	rappel document index classement terme systeme collection algorithme
D6204	terme utilisateur inverse collection document classement algorithme recherche
D6205	collection rappel web inverse systeme algorithme utilisateur indexation document
D6206	information terme systeme rappel requete web indexation texte precision
D6207	texte systeme web recherche collection
D6208	algorithme terme indexation requete index
D6209	terme precision algorithme inverse indexation document
D6210	classement information indexation pertinent precision index requete collection resultat texte
D6211	indexation rappel systeme precision document
D6212	systeme precision texte collection web classement terme utilisateur resultat
D6213	classement rappel pertinent collection requete terme
D6214	texte document algorithme terme inverse requete pertinent web
D6215	texte utilisateur algorithme index rappel inverse collection moteur pertinent recherche web
D6216	moteur web resultat requete terme texte index algorithme collection
D6217	pertinent terme collection texte document resultat
D6218	recherche texte utilisateur information collection inverse requete resultat index classement systeme
D6219	classement rappel indexation texte pertinent web
D6220	classement inverse recherche resultat utilisateur precision requete collection rappel
D6221	resultat classement moteur algorithme index recherche information
D6222	systeme algorithme utilisateur texte collection precision resultat web document information inverse
D6223	collection texte terme requete index algorithme precision classement web
D6224	utilisateur inverse rappel recherche texte resultat requete moteur information
D6225	collection resultat systeme rappel algorithme pertinent requete information indexation
D6226	resultat algorithme classement moteur document indexation index information pertinent terme recherche
D6227	inverse indexation classement texte index utilisateur information
D6228	systeme utilisateur classement index resultat precision requete inverse terme rappel indexation
D6229	utilisateur classement pertinent document algorithme indexation rappel moteur recherche systeme index
D6230	algorithme resultat collection pertinent document texte
D6231	terme web index utilisateur requete recherche rappel resultat document information texte systeme
D6232	indexation web algorithme rappel classement document texte precision inverse requete pertinent
D6233	indexation systeme texte index classement pertinent information utilisateur
D6234	precision indexation utilisateur index web rappel requete information document recherche terme
D6235	classement rappel resultat indexation web inverse information precision index utilisateur systeme
D6236	resultat recherche document indexation index terme texte utilisateur collection
D6237	collection utilisateur document texte requete index recherche inverse terme
D6238	collection information recherche web texte indexation
D6239	rappel terme index information precision moteur indexation
D6240	classement precision texte terme indexation document resultat web collection recherche
D6241	texte collection classement resultat utilisateur
D6242	utilisateur requete moteur information document algorithme
D6243	index utilisateur moteur recherche texte
D6244	indexation document classement recherche requete web collection index texte rappel inverse precision
D6245	classement texte moteur pertinent document index
D6246	pertinent moteur inverse information requete index collection indexation classement systeme resultat texte
D6247	pertinent web algorithme collection systeme
D6248	web systeme indexation rappel moteur algorithme resultat recherche
D6249	document recherche moteur pertinent inverse web algorithme collection texte indexation resultat
D6250	inverse algorithme requete classement index resultat moteur rappel texte information web
D6251	recherche rappel moteur requete resultat algorithme systeme collection inverse utilisateur classement
D6252	utilisateur systeme algorithme pertinent resultat web indexation index
D6253	texte document systeme indexation algorithme pertinent classement resultat utilisateur web collection
D6254	recherche pertinent classement texte document systeme precision algorithme rappel information
D6255	terme precision recherche resultat moteur index systeme inverse web rappel indexation
D6256	pertinent inverse precision index information utilisateur
D6257	requete terme precision document texte
D6258	indexation document inverse recherche requete algorithme texte precision information classement systeme web
D6259	indexation classement inverse pertinent document texte requete rappel index systeme
D6260	classement indexation algorithme requete pertinent document precision index rappel recherche systeme
D6261	pertinent information systeme collection indexation document resultat moteur utilisateur
D6262	requete systeme algorithme recherche texte index information
D6263	algorithme indexation moteur rappel information resultat utilisateur inverse index terme
D6264	rappel texte document index indexation classement algorithme resultat collection
D6265	utilisateur inverse indexation document pertinent collection
D6266	indexation requete collection texte information precision systeme classement algorithme document recherche rappel
D6267	rappel web pertinent resultat recherche
D6268	pertinent index terme inverse utilisateur precision web systeme document moteur collection recherche
D6269	resultat information inverse web collection utilisateur texte indexation systeme document
D6270	classement recherche systeme indexation rappel web terme collection utilisateur document
D6271	requete web rappel document precision
D6272	moteur document inverse classement information algorithme collection index web precision texte rappel
D6273	texte classement indexation algorithme information document
D6274	utilisateur document information indexation web algorithme rappel
D6275	rappel index recherche algorithme indexation
D6276	algorithme document utilisateur inverse pertinent
D6277	rappel requete document terme inverse information precision resultat
D6278	inverse information classement systeme document pertinent utilisateur
D6279	moteur algorithme rappel precision classement web document requete inverse collection information pertinent
D6280	utilisateur moteur inverse precision classement
D6281	precision recherche algorithme rappel classement web terme collection inverse utilisateur index
D6282	indexation resultat algorithme information rappel requete texte systeme document
D6283	inverse algorithme document index terme web moteur information pertinent texte
D6284	requete systeme rappel terme pertinent texte utilisateur indexation moteur collection document classement
D6285	requete systeme information indexation collection classement algorithme terme
D6286	terme document recherche precision moteur systeme web information inverse texte
D6287	precision resultat requete terme inverse
D6288	terme web utilisateur texte recherche requete
D6289	moteur terme requete classement precision inverse indexation pertinent rappel collection information resultat
D6290	rappel inverse collection index moteur classement algorithme requete information systeme recherche
D6291	web moteur pertinent precision classement algorithme
D6292	web algorithme index document systeme requete collection information classement
D6293	document texte utilisateur pertinent recherche inverse classement terme moteur collection
D6294	pertinent texte utilisateur indexation inverse collection recherche index resultat algorithme
D6295	systeme recherche pertinent classement requete texte
D6296	indexation terme systeme requete web classement inverse information utilisateur
D6297	information texte utilisateur classement index collection rappel recherche
D6298	collection index terme algorithme indexation systeme moteur pertinent classement rappel utilisateur resultat
D6299	inverse index systeme document web collection
D6300	requete index moteur inverse indexation rappel algorithme utilisateur pertinent classement
D6301	pertinent web classement precision index terme inverse texte algorithme collection
D6302	information utilisateur inverse classement pertinent requete resultat
D6303	moteur resultat pertinent texte web indexation index systeme algorithme
D6304	index indexation precision requete recherche web pertinent moteur inverse systeme
D6305	utilisateur collection requete systeme recherche index resultat rappel precision algorithme moteur
D6306	terme index indexation precision algorithme classement utilisateur
D6307	recherche rappel systeme document pertinent terme resultat requete
D6308	indexation pertinent index rappel recherche resultat document classement collection texte systeme precision
D6309	resultat indexation index web pertinent rappel collection recherche information requete
D6310	document algorithme pertinent inverse web terme moteur recherche collection index utilisateur
D6311	rappel information collection document utilisateur recherche moteur terme inverse systeme
D6312	collection information inverse pertinent utilisateur classement rappel moteur
D6313	texte inverse indexation rappel terme precision
D6314	inverse systeme web rappel recherche precision document pertinent indexation resultat information
D6315	algorithme moteur pertinent rappel indexation requete utilisateur information precision recherche classement texte
D6316	moteur resultat document recherche collection
D6317	requete resultat web information terme index
D6318	inverse index information requete resultat utilisateur collection
D6319	texte precision algorithme terme requete pertinent moteur systeme rappel index web indexation
D6320	systeme terme requete texte index web resultat
D6321	index inverse algorithme recherche information pertinent collection precision moteur rappel classement systeme
D6322	moteur inverse utilisateur indexation collection pertinent classement terme recherche information document
D6323	algorithme utilisateur recherche rappel pertinent information
D6324	algorithme collection moteur information classement terme systeme
D6325	rappel classement utilisateur pertinent systeme index
D6326	web systeme inverse resultat information rappel recherche terme moteur pertinent
D6327	index resultat collection document requete pertinent indexation algorithme web rappel moteur systeme
D6328	moteur systeme rappel utilisateur resultat texte index
D6329	information systeme classement utilisateur recherche precision algorithme terme document index web
D6330	collection rappel pertinent systeme algorithme moteur information requete
D6331	systeme utilisateur information rappel algorithme requete classement texte index indexation
D6332	recherche rappel requete texte collection moteur terme resultat utilisateur indexation index
D6333	resultat collection algorithme web document classement pertinent moteur recherche rappel information indexation
D6334	indexation recherche utilisateur algorithme document systeme precision
D6335	web indexation requete algorithme recherche information document collection resultat inverse systeme utilisateur
D6336	algorithme utilisateur inverse requete indexation
D6337	recherche precision moteur utilisateur document terme algorithme
D6338	resultat systeme precision classement index moteur information terme collection pertinent
D6339	moteur index information resultat inverse indexation classement rappel terme pertinent algorithme texte
D6340	resultat requete classement precision collection pertinent rappel terme indexation document web algorithme
D6341	inverse terme algorithme rappel pertinent indexation moteur information web classement
D6342	information utilisateur inverse classement moteur resultat precision pertinent recherche requete terme
D6343	rappel texte information web requete terme systeme moteur algorithme
D6344	collection information texte index inverse rappel classement
D6345	classement algorithme information pertinent terme indexation recherche requete texte web
D6346	index algorithme terme precision utilisateur indexation moteur resultat recherche rappel texte
D6347	systeme texte collection inverse classement recherche web
D6348	classement web precision information collection algorithme index requete pertinent
D6349	information collection pertinent precision inverse moteur resultat recherche document classement
D6350	collection requete classement information pertinent resultat moteur document utilisateur indexation
D6351	inverse index web systeme texte
D6352	utilisateur information moteur pertinent precision recherche rappel indexation
D6353	algorithme precision information utilisateur texte recherche index indexation pertinent
D6354	algorithme index recherche web precision classement systeme pertinent moteur
D6355	web texte information collection terme inverse
D6356	index algorithme information requete collection indexation terme moteur pertinent systeme document classement
D6357	document index systeme moteur rappel collection recherche requete
D6358	pertinent information index classement precision systeme
D6359	information resultat classement precision pertinent
D6360	rappel resultat recherche web texte index requete terme precision moteur pertinent
D6361	document web terme information index pertinent requete precision
D6362	classement moteur utilisateur information pertinent web algorithme
D6363	collection utilisateur index inverse requete
D6364	systeme precision algorithme requete classement terme pertinent rappel moteur web utilisateur
D6365	index classement indexation collection recherche information web rappel pertinent terme
D6366	precision utilisateur web moteur recherche classement pertinent document rappel resultat
D6367	recherche pertinent moteur texte precision systeme web
D6368	classement inverse precision collection terme rappel
D6369	collection systeme information algorithme pertinent terme requete rappel precision inverse
D6370	document utilisateur indexation texte web systeme moteur classement pertinent index inverse
D6371	recherche requete document rappel systeme algorithme classement web terme precision index moteur
D6372	index terme classement requete collection systeme
D6373	moteur collection systeme classement terme algorithme pertinent information inverse
D6374	algorithme document recherche collection inverse classement systeme indexation index texte precision pertinent
D6375	classement index requete algorithme utilisateur rappel resultat systeme
D6376	systeme information recherche rappel precision document
D6377	indexation recherche document moteur resultat inverse index texte algorithme
D6378	texte moteur collection rappel classement requete inverse algorithme systeme information terme
D6379	precision utilisateur systeme algorithme indexation information inverse
D6380	classement requete moteur document algorithme recherche terme
D6381	classement rappel document index web inverse information precision systeme
D6382	precision utilisateur systeme document moteur index web pertinent collection requete rappel
D6383	systeme utilisateur document algorithme collection terme texte indexation recherche precision inverse pertinent
D6384	index information precision classement algorithme pertinent web requete
D6385	requete indexation rappel collection moteur inverse recherche
D6386	systeme resultat inverse requete utilisateur algorithme moteur index pertinent
D6387	texte requete classement algorithme web rappel indexation utilisateur information
D6388	pertinent document recherche algorithme collection precision web resultat
D6389	precision document collection rappel algorithme classement
D6390	web rappel precision systeme texte recherche requete terme
D6391	inverse moteur systeme collection pertinent information classement
D6392	indexation systeme terme requete utilisateur algorithme inverse recherche pertinent information
D6393	texte rappel pertinent information document systeme terme algorithme classement moteur inverse recherche
D6394	index information precision pertinent utilisateur algorithme moteur document rappel inverse indexation terme
D6395	terme requete collection pertinent resultat texte precision classement systeme
D6396	recherche document web terme requete rappel classement inverse
D6397	collection resultat precision document systeme classement utilisateur information index algorithme indexation
D6398	document resultat moteur texte requete systeme information precision pertinent index
D6399	pertinent classement document utilisateur algorithme
D6400	indexation moteur utilisateur terme index information rappel
D6401	terme document texte utilisateur precision resultat web information requete systeme recherche
D6402	requete recherche algorithme precision terme collection pertinent systeme resultat rappel
D6403	indexation recherche resultat texte pertinent collection utilisateur web algorithme
D6404	algorithme rappel web terme document pertinent information systeme requete inverse recherche collection
D6405	precision document terme resultat requete collection utilisateur rappel information index inverse systeme
D6406	terme web classement information algorithme index inverse texte requete collection indexation
D6407	web rappel indexation recherche index requete
D6408	moteur precision collection resultat utilisateur texte recherche information indexation systeme
D6409	collection recherche texte precision terme information
D6410	rappel systeme document algorithme texte terme
D6411	rappel classement index requete information precision texte indexation algorithme moteur utilisateur systeme
D6412	resultat collection systeme pertinent texte utilisateur indexation moteur recherche document precision
D6413	index utilisateur indexation texte systeme algorithme
D6414	algorithme collection resultat pertinent inverse web terme rappel utilisateur indexation classement
D6415	information pertinent web utilisateur collection
D6416	moteur indexation requete information algorithme pertinent
D6417	rappel index information algorithme pertinent resultat moteur collection inverse precision recherche web
D6418	algorithme texte indexation web moteur
D6419	moteur collection algorithme index resultat precision document
D6420	recherche algorithme rappel collection index document
D6421	moteur resultat systeme information web index inverse indexation rappel utilisateur recherche texte
D6422	index recherche inverse resultat terme classement pertinent rappel moteur indexation algorithme requete
D6423	recherche texte rappel moteur requete classement information inverse
D6424	requete algorithme web classement moteur
D6425	moteur resultat document rappel web algorithme classement pertinent inverse
D6426	information requete resultat moteur recherche
D6427	precision rappel algorithme indexation index utilisateur inverse
D6428	recherche rappel resultat classement information web precision indexation terme document moteur collection
D6429	utilisateur inverse document information moteur systeme resultat pertinent rappel
D6430	recherche index texte classement requete web
D6431	information algorithme indexation terme requete
D6432	classement recherche precision index pertinent collection web
D6433	rappel information inverse requete index recherche
D6434	pertinent utilisateur rappel index information resultat indexation collection moteur web recherche requete
D6435	classement collection rappel texte algorithme requete information
D6436	requete precision rappel utilisateur web terme inverse moteur systeme document resultat pertinent
D6437	rappel texte requete indexation terme recherche moteur
D6438	requete resultat document classement utilisateur rappel index indexation systeme collection moteur
D6439	web systeme document moteur requete
D6440	recherche document algorithme web information texte classement rappel terme moteur
D6441	rappel pertinent algorithme web information inverse
D6442	indexation pertinent recherche texte systeme index collection document information resultat requete
D6443	classement indexation recherche algorithme information index pertinent systeme moteur
D6444	information algorithme moteur requete precision pertinent
D6445	algorithme collection utilisateur recherche systeme texte index
D6446	utilisateur moteur texte pertinent classement document rappel algorithme inverse resultat collection
D6447	document precision rappel classement information index recherche moteur
D6448	texte moteur recherche index resultat algorithme classement collection indexation
D6449	document algorithme systeme web classement pertinent moteur collection rappel terme information precision
D6450	document pertinent requete recherche resultat terme rappel
D6451	inverse web texte utilisateur moteur algorithme
D6452	classement information index precision inverse
D6453	indexation resultat pertinent inverse requete document moteur precision recherche
D6454	utilisateur algorithme moteur rappel precision indexation collection inverse information index classement
D6455	recherche requete precision collection indexation
D6456	pertinent requete inverse algorithme collection index moteur resultat texte
D6457	systeme classement document precision information web algorithme rappel
D6458	texte index inverse collection classement
D6459	algorithme classement requete resultat terme precision index inverse indexation web
D6460	texte web classement systeme precision resultat inverse rappel moteur
D6461	inverse utilisateur precision pertinent texte resultat
D6462	recherche index indexation utilisateur moteur document information algorithme collection
D6463	collection index moteur utilisateur precision systeme terme document information
D6464	texte pertinent recherche rappel utilisateur classement requete algorithme indexation
D6465	information terme precision pertinent index
D6466	collection document utilisateur texte information indexation rappel terme classement requete pertinent
D6467	web collection index resultat information recherche indexation inverse requete pertinent moteur classement
D6468	rappel information classement collection algorithme
D6469	information index terme requete collection systeme pertinent algorithme moteur recherche
D6470	systeme utilisateur indexation moteur information terme resultat
D6471	algorithme terme recherche index pertinent document texte web collection information
D6472	terme algorithme collection rappel indexation resultat moteur information utilisateur inverse
D6473	web texte terme rappel index classement
D6474	pertinent rappel document systeme classement
D6475	index moteur rappel information inverse
D6476	collection index rappel algorithme texte information moteur
D6477	systeme pertinent classement moteur document terme index indexation information
D6478	rappel pertinent document algorithme utilisateur resultat index requete inverse
D6479	texte pertinent algorithme classement inverse precision recherche
D6480	pertinent collection index requete algorithme recherche web
D6481	collection terme texte resultat inverse information pertinent algorithme
D6482	moteur pertinent index document indexation systeme
D6483	requete texte algorithme rappel moteur web utilisateur information
D6484	texte indexation document terme inverse utilisateur moteur web
D6485	texte recherche document utilisateur web
D6486	moteur recherche terme requete utilisateur systeme
D6487	collection inverse index web information recherche algorithme moteur requete classement pertinent utilisateur
D6488	inverse index systeme web requete information precision rappel indexation resultat
D6489	recherche resultat collection texte rappel
D6490	terme systeme requete precision inverse rappel index
D6491	document moteur index terme classement utilisateur recherche indexation web inverse pertinent
D6492	systeme information classement moteur requete
D6493	texte inverse systeme web rappel algorithme pertinent information precision utilisateur
D6494	indexation precision texte inverse index requete utilisateur algorithme systeme moteur rappel
D6495	pertinent document indexation algorithme utilisateur
D6496	collection index inverse requete indexation resultat rappel document
D6497	rappel precision pertinent collection web indexation algorithme
D6498	recherche utilisateur information indexation resultat moteur classement inverse texte systeme index
D6499	rappel document index inverse terme precision requete algorithme utilisateur
D6500	requete utilisateur moteur inverse terme texte recherche
D6501	rappel precision utilisateur index inverse systeme texte pertinent terme resultat algorithme
D6502	texte moteur web index algorithme
D6503	systeme pertinent moteur utilisateur classement resultat collection web
D6504	requete collection systeme algorithme web precision terme resultat recherche pertinent information rappel
D6505	precision texte collection indexation classement utilisateur web resultat moteur requete information
D6506	systeme web utilisateur terme rappel requete algorithme
D6507	resultat classement pertinent collection document terme information
D6508	pertinent inverse texte utilisateur precision terme algorithme web document
D6509	pertinent rappel precision utilisateur algorithme recherche
D6510	requete resultat recherche indexation index information
D6511	pertinent classement moteur collection rappel terme resultat requete algorithme precision document
D6512	pertinent precision recherche requete collection indexation utilisateur information document algorithme web resultat
D6513	indexation pertinent classement utilisateur precision texte
D6514	collection web inverse texte terme information algorithme requete pertinent rappel recherche moteur
D6515	information indexation index resultat pertinent terme collection document algorithme recherche rappel requete
D6516	pertinent moteur recherche inverse collection requete information
D6517	systeme resultat terme document web rappel precision collection
D6518	collection moteur requete information systeme indexation rappel utilisateur inverse
D6519	inverse collection document precision terme texte indexation
D6520	indexation moteur resultat classement information document systeme
D6521	collection rappel terme algorithme utilisateur document resultat recherche indexation
D6522	precision resultat indexation pertinent rappel utilisateur requete terme collection
D6523	resultat inverse algorithme collection rappel classement recherche terme index pertinent document
D6524	information recherche document resultat rappel utilisateur web collection
D6525	collection classement web index moteur utilisateur indexation terme information precision
D6526	moteur document collection web classement systeme texte requete rappel index pertinent
D6527	utilisateur classement information inverse recherche pertinent index web resultat requete texte algorithme
D6528	texte precision resultat pertinent rappel indexation requete
D6529	recherche terme inverse document web indexation requete resultat precision
D6530	precision systeme classement texte pertinent inverse document
D6531	requete web information recherche inverse resultat moteur rappel precision indexation systeme utilisateur
D6532	precision resultat recherche inverse collection information systeme
D6533	algorithme systeme requete resultat rappel indexation
D6534	recherche classement information web requete
D6535	information classement document indexation terme pertinent texte moteur index
D6536	pertinent terme algorithme rappel indexation web
D6537	recherche moteur resultat indexation information classement precision requete rappel
D6538	inverse recherche precision systeme collection pertinent
D6539	document web terme pertinent collection texte
D6540	moteur index requete terme information web resultat
D6541	recherche classement document index algorithme web texte precision resultat inverse systeme
D6542	texte recherche web information terme
D6543	web utilisateur recherche collection pertinent
D6544	rappel inverse indexation requete recherche web
D6545	utilisateur requete information resultat recherche moteur
D6546	precision algorithme index terme inverse information classement pertinent
D6547	utilisateur web pertinent collection precision document resultat
D6548	document systeme inverse requete algorithme moteur precision information classement
D6549	rappel algorithme moteur texte collection requete classement pertinent indexation terme document
D6550	inverse rappel index web terme algorithme recherche collection resultat utilisateur moteur indexation
D6551	precision requete resultat information index rappel systeme utilisateur indexation inverse texte
D6552	terme algorithme pertinent indexation inverse utilisateur collection moteur texte systeme resultat
D6553	systeme index recherche resultat utilisateur indexation inverse requete moteur
D6554	systeme information indexation inverse algorithme precision web resultat classement
D6555	texte terme information moteur web recherche classement rappel systeme
D6556	resultat web document information rappel texte requete collection
D6557	inverse classement precision information pertinent rappel
D6558	utilisateur resultat recherche precision requete
D6559	requete systeme terme inverse moteur indexation index precision document
D6560	document algorithme terme systeme precision recherche
D6561	collection moteur texte systeme algorithme information index indexation rappel
D6562	utilisateur web indexation recherche precision classement
D6563	web utilisateur pertinent algorithme inverse classement resultat document texte collection requete indexation
D6564	web algorithme index document requete utilisateur pertinent indexation moteur classement
D6565	information classement index moteur resultat rappel
D6566	algorithme information inverse resultat classement rappel
D6567	document pertinent recherche indexation terme collection texte algorithme
D6568	terme algorithme inverse index systeme requete indexation information collection web texte moteur
D6569	information recherche classement requete web rappel resultat inverse document
D6570	algorithme resultat precision document pertinent requete systeme rappel
D6571	information resultat texte systeme terme classement
D6572	terme rappel resultat information requete document indexation pertinent collection inverse
D6573	web algorithme systeme classement inverse document rappel indexation moteur utilisateur index terme
D6574	classement recherche indexation systeme index
D6575	moteur index rappel recherche collection inverse information document web algorithme terme texte
D6576	texte precision indexation classement inverse moteur document requete utilisateur recherche resultat
D6577	texte rappel terme utilisateur precision index web
D6578	texte precision algorithme terme inverse
D6579	document systeme inverse index information resultat moteur
D6580	moteur pertinent classement terme index systeme collection requete indexation
D6581	requete collection recherche utilisateur precision index document moteur rappel texte terme
D6582	texte index document web systeme classement
D6583	pertinent classement information rappel precision systeme resultat inverse utilisateur
D6584	requete resultat systeme moteur pertinent
D6585	information web texte recherche collection algorithme terme
D6586	rappel terme web recherche moteur
D6587	classement information precision rappel recherche inverse
D6588	requete moteur information classement terme pertinent recherche
D6589	resultat moteur algorithme texte web precision index inverse pertinent rappel utilisateur indexation
D6590	information document terme systeme precision requete indexation texte resultat web moteur
D6591	utilisateur texte collection document web resultat
D6592	algorithme indexation pertinent moteur resultat information collection utilisateur systeme document index classement
D6593	pertinent precision web classement information terme utilisateur index requete systeme inverse document
D6594	document web requete terme rappel
D6595	document inverse algorithme moteur terme requete information collection utilisateur index pertinent precision
D6596	inverse recherche information utilisateur systeme resultat
D6597	moteur collection texte pertinent terme precision algorithme classement web utilisateur resultat
D6598	terme rappel document classement texte
D6599	utilisateur recherche requete web texte information algorithme
D6600	information web document collection rappel texte
D6601	document precision index moteur web indexation pertinent rappel texte information algorithme
D6602	recherche document rappel algorithme classement requete indexation systeme pertinent inverse
D6603	index texte document indexation terme information moteur rappel classement
D6604	pertinent precision document moteur utilisateur information indexation collection rappel resultat texte
D6605	systeme inverse index resultat rappel recherche
D6606	texte information inverse indexation resultat
D6607	resultat inverse systeme rappel collection index classement web texte terme
D6608	pertinent recherche rappel utilisateur collection document algorithme inverse resultat
D6609	systeme requete recherche index classement precision moteur utilisateur web information
D6610	inverse recherche precision requete terme indexation document collection
D6611	collection terme utilisateur requete moteur document precision
D6612	document requete systeme inverse texte collection pertinent rappel indexation resultat
D6613	pertinent inverse index rappel precision recherche indexation classement information terme systeme
D6614	document pertinent inverse classement moteur algorithme
D6615	classement information precision indexation pertinent systeme collection rappel web terme document
D6616	document pertinent systeme algorithme recherche utilisateur requete
D6617	information precision classement index inverse pertinent recherche utilisateur
D6618	index precision document web recherche rappel
D6619	precision moteur rappel web pertinent
D6620	requete inverse index terme web document
D6621	collection precision rappel recherche systeme requete resultat texte
D6622	classement algorithme web precision information inverse index requete resultat utilisateur recherche document
D6623	utilisateur web requete rappel indexation resultat pertinent terme classement
D6624	requete precision systeme recherche indexation terme texte inverse algorithme document utilisateur
D6625	classement collection requete moteur precision
D6626	rappel algorithme systeme information document moteur inverse index requete
D6627	texte index pertinent terme systeme indexation classement requete
D6628	web precision pertinent requete information texte rappel moteur algorithme resultat indexation
D6629	terme inverse web resultat index systeme texte document classement
D6630	index requete collection resultat information algorithme terme classement
D6631	classement collection texte web document algorithme
D6632	utilisateur web texte collection requete resultat systeme recherche classement
D6633	classement pertinent information systeme rappel index precision web moteur recherche
D6634	indexation index terme web recherche algorithme systeme
D6635	collection indexation algorithme systeme recherche utilisateur terme moteur texte pertinent
D6636	recherche requete rappel precision utilisateur algorithme terme collection texte web index
D6637	rappel pertinent classement utilisateur terme inverse
D6638	resultat texte precision moteur web terme pertinent algorithme index utilisateur
D6639	information precision classement inverse systeme
D6640	web collection information resultat precision moteur index inverse
D6641	index systeme utilisateur recherche resultat precision indexation web texte
D6642	pertinent index algorithme rappel utilisateur
D6643	document classement moteur algorithme utilisateur precision index collection
D6644	pertinent precision algorithme collection inverse rappel moteur recherche
D6645	texte pertinent information algorithme terme collection requete
D6646	moteur texte index indexation rappel resultat information recherche inverse requete
D6647	classement systeme precision utilisateur web document recherche indexation moteur resultat
D6648	document systeme precision web texte
D6649	classement indexation texte inverse utilisateur recherche information
D6650	utilisateur algorithme resultat rappel requete information
D6651	precision moteur resultat document collection rappel
D6652	index pertinent requete precision indexation collection
D6653	resultat web inverse requete index texte utilisateur
D6654	web inverse collection resultat pertinent requete texte rappel precision
D6655	rappel index terme requete classement pertinent web inverse moteur indexation texte
D6656	utilisateur resultat indexation algorithme requete terme
D6657	systeme index pertinent recherche resultat information document rappel texte algorithme inverse requete
D6658	moteur pertinent terme collection requete resultat
D6659	inverse resultat systeme algorithme precision terme collection
D6660	requete pertinent systeme terme web
D6661	index texte requete systeme moteur pertinent
D6662	algorithme information texte inverse moteur resultat requete precision rappel indexation
D6663	requete precision utilisateur information recherche moteur document algorithme classement terme
D6664	algorithme precision systeme terme resultat index collection recherche information rappel utilisateur classement
D6665	texte resultat index indexation classement algorithme requete terme pertinent rappel recherche
D6666	algorithme precision information classement indexation web recherche inverse terme utilisateur requete pertinent
D6667	precision document recherche pertinent index classement algorithme moteur
D6668	precision index document terme moteur
D6669	requete texte classement utilisateur systeme resultat indexation index collection pertinent document
D6670	terme recherche collection utilisateur texte inverse rappel
D6671	precision rappel recherche collection terme moteur inverse resultat document
D6672	recherche moteur rappel algorithme inverse
D6673	inverse resultat pertinent utilisateur indexation web collection moteur rappel
D6674	pertinent inverse resultat indexation requete
D6675	rappel systeme utilisateur information texte algorithme classement
D6676	terme classement inverse precision systeme pertinent algorithme rappel indexation information document
D6677	recherche classement moteur document terme texte utilisateur
D6678	terme texte recherche indexation precision
D6679	requete classement information inverse indexation terme collection
D6680	inverse index resultat recherche information algorithme
D6681	recherche web requete moteur inverse rappel algorithme indexation texte
D6682	information resultat index indexation recherche classement collection web texte requete
D6683	moteur utilisateur requete pertinent inverse recherche terme
D6684	pertinent recherche precision collection terme classement texte inverse algorithme moteur information
D6685	web requete recherche texte algorithme information indexation resultat
D6686	precision moteur indexation rappel utilisateur information
D6687	indexation algorithme collection information document recherche classement pertinent
D6688	index indexation pertinent systeme moteur resultat collection
D6689	precision pertinent utilisateur indexation classement algorithme systeme recherche document collection
D6690	requete document texte algorithme information collection
D6691	systeme algorithme terme inverse moteur information
D6692	terme classement precision utilisateur indexation
D6693	utilisateur inverse terme pertinent systeme collection
D6694	systeme algorithme resultat document classement index
D6695	recherche pertinent algorithme rappel collection moteur texte precision
D6696	web resultat information document utilisateur rappel
D6697	utilisateur rappel precision moteur recherche
D6698	requete collection texte moteur recherche terme classement utilisateur systeme pertinent document
D6699	index web collection moteur systeme utilisateur inverse document indexation terme texte recherche
D6700	texte collection web resultat pertinent precision systeme index inverse information
D6701	resultat utilisateur requete recherche pertinent classement precision
D6702	algorithme resultat moteur terme index pertinent precision collection document rappel
D6703	information resultat index recherche texte requete rappel algorithme classement inverse collection web
D6704	algorithme indexation information moteur precision requete
D6705	utilisateur information requete recherche moteur index texte algorithme resultat collection
D6706	terme information pertinent systeme web collection precision document texte
D6707	rappel requete precision pertinent recherche index classement moteur indexation terme
D6708	resultat rappel document utilisateur classement recherche indexation
D6709	utilisateur resultat pertinent classement moteur systeme information document index algorithme requete
D6710	terme inverse algorithme requete collection pertinent
D6711	rappel utilisateur index recherche moteur systeme algorithme inverse
D6712	index pertinent information indexation rappel requete precision collection
D6713	information collection texte requete terme utilisateur precision
D6714	index requete algorithme information terme
D6715	web collection algorithme document classement rappel moteur resultat pertinent utilisateur
D6716	information requete utilisateur rappel moteur texte terme recherche precision indexation
D6717	terme collection requete document indexation texte rappel pertinent information
D6718	resultat algorithme utilisateur rappel requete systeme
D6719	indexation precision inverse moteur terme classement requete
D6720	utilisateur moteur resultat web inverse recherche precision algorithme systeme indexation terme rappel
D6721	resultat rappel texte utilisateur document systeme index pertinent requete
D6722	precision document recherche terme indexation classement information
D6723	pertinent systeme precision utilisateur texte document algorithme
D6724	document web texte collection precision index
D6725	web inverse recherche information utilisateur systeme terme pertinent
D6726	terme algorithme information document collection index web moteur
D6727	resultat collection terme texte utilisateur
D6728	requete texte resultat index terme utilisateur
D6729	precision index texte moteur collection rappel inverse
D6730	requete pertinent texte algorithme web resultat classement indexation index terme collection rappel
D6731	texte utilisateur recherche systeme index pertinent classement indexation precision requete web information
D6732	pertinent document information web precision inverse utilisateur index classement systeme collection algorithme
D6733	algorithme web moteur inverse utilisateur rappel pertinent index classement
D6734	precision terme document collection web rappel systeme
D6735	classement utilisateur resultat rappel algorithme information inverse collection
D6736	inverse systeme web information pertinent recherche algorithme requete
D6737	classement texte information collection index moteur precision indexation recherche pertinent algorithme
D6738	web collection utilisateur information texte precision
D6739	texte utilisateur rappel classement systeme recherche requete terme indexation
D6740	texte utilisateur web recherche index rappel classement pertinent terme document moteur collection
D6741	texte indexation moteur classement pertinent resultat utilisateur terme document information inverse
D6742	web texte terme systeme precision inverse pertinent utilisateur
D6743	texte information classement indexation rappel
D6744	indexation index web collection resultat algorithme information moteur inverse classement terme systeme
D6745	pertinent web requete recherche indexation document index information collection terme resultat systeme
D6746	algorithme requete terme resultat indexation moteur collection precision utilisateur
D6747	resultat web requete indexation algorithme information
D6748	precision document recherche terme classement requete texte information resultat
D6749	index precision recherche classement rappel pertinent terme resultat
D6750	collection texte web classement recherche indexation
D6751	inverse information rappel terme document utilisateur requete pertinent
D6752	information texte algorithme indexation utilisateur classement requete resultat precision index rappel
D6753	document information index recherche resultat web
D6754	precision texte index recherche requete systeme algorithme moteur web information
D6755	document texte algorithme pertinent index rappel recherche classement precision indexation moteur
D6756	index algorithme web document recherche moteur texte requete classement rappel
D6757	terme classement requete precision algorithme
D6758	precision requete information indexation utilisateur texte classement pertinent algorithme inverse
D6759	index rappel moteur resultat inverse indexation
D6760	requete systeme terme recherche rappel web collection inverse pertinent
D6761	pertinent algorithme terme moteur texte
D6762	requete collection resultat precision indexation web
D6763	collection texte web inverse rappel pertinent recherche indexation information
D6764	precision document web index resultat utilisateur classement
D6765	inverse document resultat systeme index texte pertinent requete indexation classement rappel
D6766	texte algorithme terme resultat information collection precision rappel
D6767	pertinent terme information inverse requete
D6768	pertinent web moteur indexation index collection precision classement
D6769	pertinent inverse requete index algorithme indexation classement
D6770	indexation recherche terme classement utilisateur precision
D6771	document inverse rappel web recherche index requete
D6772	precision resultat moteur systeme algorithme recherche document
D6773	collection texte utilisateur terme inverse resultat information precision recherche
D6774	texte algorithme information classement recherche precision systeme terme utilisateur index resultat requete
D6775	resultat utilisateur requete inverse terme texte algorithme systeme pertinent moteur indexation
D6776	document web pertinent collection algorithme rappel resultat index recherche texte information precision
D6777	inverse indexation index document algorithme pertinent
D6778	inverse texte classement indexation web
D6779	resultat inverse information document web utilisateur recherche pertinent indexation
D6780	index requete moteur information texte
D6781	precision terme systeme recherche requete document moteur
D6782	pertinent document web precision inverse utilisateur algorithme information texte moteur
D6783	texte classement rappel collection resultat pertinent algorithme systeme
D6784	texte systeme classement web algorithme requete document utilisateur pertinent
D6785	recherche classement index algorithme systeme
D6786	precision resultat classement utilisateur web rappel moteur pertinent
D6787	recherche precision algorithme indexation collection terme inverse systeme moteur classement
D6788	collection requete indexation inverse systeme terme algorithme web precision resultat
D6789	indexation pertinent information requete inverse web precision recherche systeme
D6790	resultat algorithme requete precision inverse recherche information rappel index
D6791	rappel recherche resultat collection inverse
D6792	algorithme rappel collection texte resultat precision classement index
D6793	recherche requete indexation classement information
D6794	systeme web terme utilisateur precision rappel pertinent resultat
D6795	precision recherche collection index web pertinent moteur inverse
D6796	texte classement precision information requete systeme
D6797	rappel information collection utilisateur requete indexation texte document precision web resultat classement
D6798	requete algorithme pertinent utilisateur recherche systeme inverse
D6799	terme algorithme indexation pertinent index information texte collection recherche
D6800	precision classement texte systeme rappel algorithme utilisateur collection moteur index
D6801	rappel requete document texte terme collection
D6802	document requete pertinent classement resultat texte moteur precision terme information recherche indexation
D6803	web index moteur systeme indexation precision rappel algorithme pertinent recherche document
D6804	classement rappel web terme inverse indexation systeme requete index collection
D6805	resultat index web recherche inverse systeme document information texte terme rappel
D6806	terme rappel web document collection resultat moteur inverse utilisateur
D6807	requete pertinent rappel collection document utilisateur resultat index systeme
D6808	indexation classement web moteur information requete document pertinent
D6809	pertinent recherche collection web algorithme document systeme precision rappel utilisateur requete classement
D6810	resultat inverse moteur classement indexation document rappel pertinent collection
D6811	terme rappel pertinent algorithme web document indexation utilisateur index texte inverse information
D6812	document pertinent requete resultat precision inverse web information index algorithme
D6813	terme index precision information texte document
D6814	precision texte pertinent document systeme utilisateur classement requete rappel terme moteur resultat
D6815	moteur web information precision inverse
D6816	rappel systeme resultat utilisateur index indexation terme moteur recherche requete
D6817	rappel utilisateur indexation recherche algorithme classement texte systeme terme moteur
D6818	precision classement texte resultat terme index inverse
D6819	inverse precision web rappel document moteur indexation terme pertinent utilisateur
D6820	utilisateur document index rappel classement pertinent resultat
D6821	texte utilisateur information precision pertinent algorithme terme
D6822	utilisateur systeme rappel information moteur recherche requete classement document
D6823	inverse collection pertinent moteur document indexation systeme terme requete index precision utilisateur
D6824	algorithme web document indexation recherche texte precision
D6825	precision resultat recherche information pertinent utilisateur rappel
D6826	indexation utilisateur web collection moteur resultat information terme texte document precision
D6827	texte moteur requete utilisateur inverse classement index systeme document precision
D6828	information web algorithme collection requete indexation index
D6829	classement information index resultat algorithme inverse recherche systeme web utilisateur indexation
D6830	classement collection inverse precision moteur indexation texte algorithme rappel requete
D6831	index resultat document pertinent classement terme texte information algorithme
D6832	texte pertinent document classement rappel requete resultat inverse indexation web
D6833	collection rappel pertinent precision web document
D6834	systeme index resultat precision requete recherche classement terme
D6835	document algorithme collection classement systeme indexation web index precision information recherche utilisateur
D6836	requete classement document utilisateur information
D6837	terme web precision systeme information texte recherche pertinent inverse algorithme requete
D6838	document utilisateur web index systeme recherche classement texte inverse terme moteur
D6839	index classement precision systeme resultat terme rappel
D6840	inverse pertinent requete classement recherche information document
D6841	recherche collection web indexation moteur index resultat utilisateur document pertinent rappel
D6842	information pertinent inverse utilisateur moteur web systeme
D6843	precision classement web inverse recherche document collection utilisateur requete
D6844	moteur precision pertinent document recherche rappel information utilisateur index requete terme
D6845	index collection document systeme algorithme resultat requete rappel terme precision
D6846	classement utilisateur resultat precision moteur systeme indexation terme
D6847	systeme precision classement pertinent index algorithme
D6848	classement moteur index algorithme indexation terme
D6849	systeme indexation resultat terme utilisateur information texte pertinent
D6850	information collection terme utilisateur precision recherche texte indexation algorithme moteur inverse web
D6851	index indexation utilisateur pertinent systeme classement web rappel recherche inverse
D6852	indexation utilisateur pertinent requete rappel
D6853	classement pertinent systeme resultat web
D6854	collection index texte recherche precision moteur web rappel indexation resultat systeme inverse
D6855	moteur classement collection inverse resultat pertinent precision algorithme document
D6856	algorithme collection index resultat moteur classement precision web utilisateur inverse information
D6857	indexation texte terme document utilisateur rappel resultat
D6858	web indexation information rappel pertinent texte document algorithme
D6859	inverse utilisateur information moteur classement resultat recherche requete algorithme indexation
D6860	precision classement recherche web requete rappel information pertinent
D6861	requete rappel texte classement moteur index web pertinent inverse resultat utilisateur document
D6862	texte document recherche terme inverse information requete rappel moteur
D6863	classement utilisateur recherche terme information texte collection web indexation
D6864	terme algorithme requete recherche web texte
D6865	inverse terme web indexation resultat
D6866	texte document recherche collection information
D6867	systeme pertinent classement algorithme collection
D6868	resultat moteur rappel pertinent systeme inverse collection algorithme
D6869	rappel systeme precision utilisateur classement
D6870	collection index document pertinent systeme classement web moteur indexation information algorithme texte
D6871	inverse algorithme precision moteur systeme index web texte
D6872	recherche information resultat requete pertinent web rappel precision texte index collection document
D6873	collection classement pertinent resultat indexation terme texte precision rappel recherche inverse algorithme
D6874	classement rappel web pertinent texte indexation algorithme requete moteur information
D6875	recherche information index indexation precision systeme rappel moteur
D6876	indexation recherche web rappel classement document utilisateur requete pertinent index information
D6877	document recherche indexation precision rappel utilisateur index pertinent collection
D6878	indexation web utilisateur moteur information
D6879	document collection pertinent indexation precision algorithme index classement
D6880	resultat systeme indexation rappel collection inverse
D6881	web inverse systeme precision pertinent document classement recherche
D6882	inverse moteur terme algorithme web recherche resultat information rappel texte
D6883	indexation inverse recherche classement index requete
D6884	document moteur indexation systeme algorithme
D6885	index web collection moteur pertinent recherche information resultat inverse
D6886	terme indexation information collection rappel recherche utilisateur web classement
D6887	systeme resultat pertinent terme recherche requete
D6888	pertinent document algorithme terme recherche precision collection moteur information rappel
D6889	terme information document pertinent indexation resultat requete
D6890	terme information precision indexation texte inverse classement recherche pertinent utilisateur web resultat
D6891	rappel recherche resultat pertinent utilisateur classement precision inverse
D6892	systeme document information requete collection rappel
D6893	pertinent requete texte precision systeme rappel inverse indexation index
D6894	information algorithme collection inverse utilisateur requete
D6895	terme document indexation resultat systeme precision pertinent index
D6896	utilisateur classement information collection indexation texte pertinent
D6897	utilisateur classement terme recherche document resultat inverse requete
D6898	collection web index texte requete algorithme recherche terme
D6899	precision terme systeme document pertinent requete indexation web inverse collection
D6900	classement recherche resultat rappel collection inverse
D6901	web moteur resultat document information systeme texte collection index classement recherche
D6902	indexation information inverse recherche classement pertinent collection web systeme
D6903	rappel texte precision moteur document indexation utilisateur inverse
D6904	recherche resultat rappel texte pertinent
D6905	systeme recherche information precision terme pertinent moteur collection inverse indexation classement
D6906	resultat utilisateur precision pertinent requete
D6907	utilisateur inverse requete rappel web collection systeme document index
D6908	indexation web index collection pertinent utilisateur precision requete information classement texte
D6909	index requete utilisateur document terme resultat indexation precision
D6910	resultat systeme classement algorithme document pertinent indexation
D6911	pertinent texte recherche information document systeme precision web resultat terme inverse
D6912	document rappel classement resultat indexation utilisateur web pertinent recherche precision collection inverse
D6913	moteur terme rappel utilisateur information web texte recherche precision algorithme resultat index
D6914	terme recherche requete web texte systeme index
D6915	terme recherche web precision algorithme
D6916	collection systeme indexation precision resultat pertinent inverse
D6917	recherche resultat systeme requete pertinent utilisateur rappel document moteur
D6918	web pertinent classement resultat moteur algorithme
D6919	algorithme resultat inverse information recherche indexation pertinent texte web classement precision document
D6920	pertinent precision web utilisateur resultat recherche moteur requete indexation collection
D6921	indexation index document inverse resultat
D6922	requete classement pertinent collection texte indexation recherche rappel inverse
D6923	terme recherche algorithme classement requete precision
D6924	precision moteur web algorithme information classement document recherche
D6925	pertinent terme moteur texte indexation recherche inverse
D6926	classement algorithme collection systeme terme precision inverse information rappel requete index
D6927	moteur collection recherche rappel web classement utilisateur inverse pertinent index indexation requete
D6928	algorithme requete moteur index pertinent terme indexation information texte recherche systeme collection
D6929	precision index document inverse terme web systeme information utilisateur recherche collection pertinent
D6930	web pertinent classement systeme collection requete resultat information precision rappel algorithme
D6931	texte recherche web document resultat information precision indexation systeme algorithme inverse collection
D6932	algorithme index pertinent classement indexation web resultat systeme moteur
D6933	rappel index requete systeme utilisateur
D6934	requete information indexation precision terme collection web rappel
D6935	information precision resultat rappel pertinent inverse
D6936	web texte inverse terme classement utilisateur recherche pertinent collection requete
D6937	rappel web precision index indexation recherche
D6938	resultat index rappel texte terme
D6939	inverse resultat recherche pertinent precision document index texte utilisateur
D6940	precision resultat moteur rappel requete utilisateur inverse
D6941	document inverse utilisateur classement precision terme resultat index recherche information pertinent
D6942	recherche rappel web moteur requete indexation
D6943	document pertinent terme classement algorithme requete systeme texte
D6944	terme moteur indexation resultat pertinent collection recherche index requete algorithme texte
D6945	web collection systeme algorithme requete recherche moteur document terme utilisateur information
D6946	index resultat requete algorithme systeme
D6947	utilisateur collection web classement document precision rappel information algorithme resultat moteur
D6948	web utilisateur document terme collection inverse systeme classement precision rappel information pertinent
D6949	systeme document inverse texte rappel precision
D6950	indexation precision systeme resultat web
D6951	indexation systeme recherche classement document texte terme information pertinent algorithme rappel collection
D6952	web systeme precision utilisateur rappel classement document inverse
D6953	web classement algorithme requete utilisateur inverse pertinent document
D6954	terme resultat pertinent systeme collection moteur utilisateur texte index
D6955	classement indexation resultat texte information moteur systeme collection document
D6956	classement systeme pertinent algorithme document index
D6957	requete utilisateur indexation index texte pertinent web document moteur
D6958	information recherche utilisateur indexation collection precision classement web moteur inverse systeme document
D6959	information resultat inverse document texte
D6960	rappel information texte indexation requete
D6961	inverse classement resultat texte algorithme indexation pertinent
D6962	systeme algorithme rappel inverse pertinent requete precision
D6963	systeme algorithme information collection utilisateur rappel classement texte terme moteur
D6964	requete web utilisateur pertinent document algorithme systeme
D6965	inverse requete texte resultat information
D6966	web pertinent systeme index requete
D6967	inverse precision document recherche texte pertinent systeme algorithme terme web rappel information
D6968	information rappel moteur algorithme texte systeme index pertinent precision recherche
D6969	utilisateur texte systeme precision terme rappel recherche algorithme information inverse
D6970	indexation utilisateur information recherche document inverse systeme web precision moteur
D6971	terme resultat rappel pertinent utilisateur information document inverse
D6972	recherche document collection inverse index resultat requete precision utilisateur algorithme web pertinent
D6973	systeme pertinent moteur inverse algorithme collection information
D6974	requete information algorithme classement systeme pertinent texte document index web precision moteur
D6975	indexation inverse classement texte information collection terme pertinent
D6976	texte classement moteur requete precision resultat document rappel inverse web
D6977	indexation web utilisateur classement moteur requete algorithme
D6978	inverse systeme utilisateur algorithme indexation terme index recherche
D6979	indexation moteur algorithme resultat terme index information inverse
D6980	precision index utilisateur requete document web inverse pertinent recherche rappel
D6981	precision document moteur utilisateur rappel classement
D6982	indexation web inverse collection classement systeme
D6983	moteur precision algorithme inverse systeme recherche texte
D6984	algorithme classement requete information recherche web texte utilisateur
D6985	systeme inverse web resultat precision requete indexation
D6986	requete collection terme systeme utilisateur moteur
D6987	utilisateur moteur resultat inverse classement document index requete pertinent
D6988	inverse index requete algorithme precision systeme terme
D6989	collection resultat inverse classement terme information pertinent utilisateur web algorithme
D6990	texte terme index pertinent moteur web
D6991	requete collection texte rappel resultat classement indexation inverse recherche web precision
D6992	classement document collection algorithme inverse resultat
D6993	inverse systeme collection texte indexation precision terme web
D6994	terme recherche pertinent index systeme texte requete moteur information algorithme
D6995	requete document algorithme inverse resultat pertinent web terme
D6996	recherche moteur algorithme information document inverse pertinent
D6997	moteur web information texte precision terme algorithme
D6998	web inverse recherche classement rappel utilisateur resultat index moteur requete terme
D6999	inverse precision resultat terme web requete information utilisateur document texte algorithme
D7000	algorithme document systeme recherche moteur utilisateur requete classement resultat terme
D7001	precision index terme recherche inverse document classement indexation
D7002	moteur texte utilisateur precision algorithme pertinent web terme
D7003	information document inverse recherche texte web indexation
D7004	index indexation inverse texte document web information terme
D7005	texte utilisateur pertinent document terme information collection index moteur classement web
D7006	terme moteur index web collection resultat utilisateur inverse requete document rappel
D7007	information precision recherche rappel utilisateur
D7008	recherche index indexation rappel web systeme collection resultat requete classement terme moteur
D7009	algorithme document index requete resultat pertinent information recherche
D7010	index rappel precision algorithme inverse information texte document utilisateur recherche
D7011	requete indexation precision moteur inverse collection index information web
D7012	document recherche classement moteur index
D7013	document moteur pertinent information rappel indexation texte
D7014	recherche web information classement utilisateur precision
D7015	recherche utilisateur moteur information resultat terme web inverse classement index collection pertinent
D7016	information systeme utilisateur terme index algorithme
D7017	moteur systeme index texte terme collection precision pertinent document
D7018	document requete classement indexation collection recherche inverse index systeme pertinent terme rappel
D7019	collection information requete utilisateur rappel classement pertinent algorithme inverse terme moteur web
D7020	recherche document texte algorithme web collection requete inverse resultat index pertinent
D7021	classement index resultat indexation moteur
D7022	classement collection rappel requete inverse index pertinent utilisateur information systeme
D7023	pertinent index precision systeme recherche
D7024	algorithme terme resultat precision moteur document systeme
D7025	inverse terme precision web moteur pertinent classement document
D7026	inverse utilisateur moteur rappel web precision information
D7027	pertinent requete algorithme moteur index
D7028	collection texte algorithme terme resultat
D7029	web recherche texte pertinent moteur indexation information inverse classement precision collection document
D7030	recherche rappel utilisateur inverse index collection
D7031	inverse pertinent web rappel requete
D7032	web precision recherche moteur texte terme systeme collection requete inverse algorithme
D7033	pertinent systeme resultat web precision information document moteur inverse terme
D7034	rappel terme resultat texte web moteur precision index utilisateur document classement
D7035	systeme information indexation rappel classement web inverse collection moteur index
D7036	rappel indexation terme utilisateur systeme inverse index pertinent moteur
D7037	resultat rappel indexation information precision classement pertinent inverse terme
D7038	precision inverse collection indexation document pertinent algorithme classement terme moteur texte
D7039	utilisateur web collection inverse terme
D7040	document classement information terme algorithme systeme index
D7041	resultat algorithme rappel index information texte web recherche document systeme pertinent terme
D7042	index systeme information classement resultat utilisateur web recherche collection
D7043	document moteur systeme collection index
D7044	inverse precision rappel utilisateur information web algorithme
D7045	collection terme recherche web indexation inverse information requete precision rappel
D7046	index document rappel collection utilisateur moteur precision requete recherche systeme terme
D7047	texte requete web moteur information terme rappel systeme collection index indexation classement
D7048	collection document moteur texte terme web resultat rappel inverse pertinent systeme
D7049	requete indexation document utilisateur pertinent
D7050	moteur inverse rappel resultat precision texte classement requete algorithme recherche
D7051	recherche algorithme precision terme requete
D7052	information web index terme classement rappel pertinent precision algorithme requete
D7053	indexation index terme utilisateur algorithme rappel
D7054	web information texte moteur recherche pertinent inverse index
D7055	moteur information classement algorithme resultat
D7056	classement inverse texte web information pertinent systeme index
D7057	web recherche resultat algorithme requete rappel index terme systeme precision texte indexation
D7058	algorithme inverse document requete index moteur resultat utilisateur collection texte
D7059	texte document collection information indexation systeme
D7060	systeme rappel moteur web indexation document classement precision texte inverse algorithme information
D7061	collection information precision algorithme web index recherche pertinent resultat
D7062	requete recherche document texte rappel resultat index utilisateur
D7063	pertinent inverse index algorithme texte systeme moteur indexation
D7064	rappel recherche requete inverse index document collection
D7065	requete systeme algorithme collection pertinent index moteur utilisateur web resultat information
D7066	indexation precision web pertinent terme resultat utilisateur information systeme index
D7067	utilisateur recherche classement requete pertinent inverse terme collection systeme algorithme index web
D7068	moteur collection resultat information texte recherche
D7069	systeme precision indexation moteur requete resultat classement
D7070	document utilisateur classement information web inverse indexation algorithme index rappel recherche texte
D7071	indexation pertinent resultat rappel web
D7072	resultat recherche utilisateur web algorithme information index indexation precision
D7073	moteur utilisateur web rappel systeme indexation
D7074	algorithme collection document moteur systeme information index texte rappel requete recherche
D7075	texte pertinent requete indexation moteur web rappel
D7076	classement utilisateur texte systeme collection resultat information pertinent index
D7077	systeme requete rappel recherche algorithme moteur
D7078	inverse terme rappel information precision collection algorithme web document systeme resultat
D7079	resultat pertinent requete algorithme precision document
D7080	indexation information collection precision utilisateur algorithme
D7081	texte indexation systeme index document rappel pertinent collection
D7082	algorithme requete web recherche resultat systeme information collection classement
D7083	systeme terme moteur pertinent inverse requete indexation
D7084	moteur indexation index pertinent document systeme classement
D7085	document systeme collection utilisateur classement web precision rappel
D7086	recherche requete rappel precision inverse information texte collection document systeme index terme
D7087	inverse algorithme terme utilisateur systeme texte collection document requete moteur
D7088	document moteur index resultat requete pertinent information recherche inverse algorithme
D7089	requete precision resultat web systeme document
D7090	index recherche algorithme indexation information web texte classement requete collection inverse rappel
D7091	systeme rappel index moteur precision web classement recherche information collection algorithme
D7092	precision recherche document web information resultat inverse
D7093	indexation precision pertinent resultat collection terme algorithme web
D7094	resultat classement moteur document recherche
D7095	web collection information terme systeme indexation resultat pertinent moteur recherche precision
D7096	web classement document systeme rappel inverse algorithme
D7097	resultat terme inverse algorithme requete systeme pertinent precision information texte index collection
D7098	rappel web precision pertinent requete texte
D7099	pertinent precision collection indexation inverse recherche resultat
D7100	requete moteur indexation systeme web texte classement precision utilisateur
D7101	texte pertinent web rappel algorithme information requete indexation inverse recherche terme resultat
D7102	algorithme indexation information classement inverse
D7103	rappel web texte terme collection precision systeme inverse information utilisateur indexation resultat
D7104	indexation algorithme information index requete rappel terme pertinent classement precision systeme resultat
D7105	texte classement inverse algorithme moteur systeme rappel document indexation utilisateur recherche index
D7106	collection inverse pertinent indexation rappel systeme precision information
D7107	recherche pertinent indexation precision rappel
D7108	precision web pertinent index document information recherche rappel indexation
D7109	resultat systeme document information rappel
D7110	information requete terme inverse classement utilisateur indexation
D7111	inverse precision utilisateur terme systeme indexation collection moteur index requete information
D7112	texte indexation index information recherche pertinent web inverse resultat rappel collection
D7113	collection classement information precision document indexation rappel systeme requete recherche inverse utilisateur
D7114	index web precision indexation algorithme information moteur collection
D7115	texte requete collection rappel resultat indexation pertinent information recherche
D7116	moteur web algorithme resultat utilisateur
D7117	classement terme resultat document requete systeme utilisateur
D7118	indexation collection algorithme moteur pertinent terme
D7119	collection index classement requete precision inverse moteur recherche information terme indexation
D7120	web precision utilisateur indexation resultat texte document algorithme moteur classement systeme
D7121	moteur requete recherche systeme index rappel algorithme collection
D7122	moteur indexation utilisateur index resultat information
D7123	information pertinent systeme moteur inverse utilisateur precision rappel web terme
D7124	algorithme information systeme utilisateur rappel classement inverse
D7125	requete pertinent indexation precision index document moteur utilisateur rappel information terme recherche
D7126	resultat recherche indexation utilisateur document information texte index precision collection pertinent
D7127	resultat rappel systeme algorithme web document utilisateur inverse moteur
D7128	resultat index recherche systeme moteur information texte collection inverse requete document
D7129	algorithme moteur classement recherche information index
D7130	texte utilisateur indexation classement inverse moteur rappel terme precision
D7131	index collection precision resultat systeme information rappel web pertinent indexation moteur
D7132	terme rappel texte classement requete indexation index
D7133	utilisateur inverse pertinent index indexation resultat requete information collection
D7134	texte document index web indexation pertinent resultat terme collection algorithme
D7135	utilisateur web recherche precision systeme
D7136	resultat utilisateur information classement moteur precision web texte requete recherche rappel
D7137	systeme classement pertinent algorithme recherche requete texte moteur resultat information indexation document
D7138	resultat pertinent document collection indexation inverse classement precision recherche systeme algorithme index
D7139	inverse indexation information utilisateur rappel texte
D7140	inverse indexation algorithme index texte document terme requete information web utilisateur
D7141	algorithme document pertinent systeme index recherche inverse rappel classement collection information terme
D7142	pertinent algorithme resultat web rappel requete information index document texte terme inverse
D7143	requete document web indexation rappel terme
D7144	algorithme classement information rappel resultat pertinent document precision web inverse
D7145	moteur document collection pertinent resultat classement
D7146	systeme texte moteur resultat inverse
D7147	web classement index requete moteur precision
D7148	moteur web classement precision algorithme collection information inverse requete
D7149	recherche terme utilisateur collection pertinent document systeme index information
D7150	texte precision classement inverse rappel recherche information
D7151	requete precision resultat classement pertinent rappel collection web indexation
D7152	classement rappel pertinent moteur collection utilisateur requete
D7153	index algorithme document classement systeme precision requete resultat
D7154	indexation pertinent terme document precision resultat collection classement web
D7155	document recherche systeme moteur precision inverse resultat indexation index terme texte
D7156	systeme algorithme rappel index classement precision collection terme
D7157	inverse indexation web utilisateur algorithme index terme resultat systeme collection pertinent recherche
D7158	requete moteur index terme algorithme inverse
D7159	inverse utilisateur information resultat document collection precision web index
D7160	classement texte web requete systeme precision collection
D7161	precision web recherche terme texte moteur information pertinent algorithme
D7162	texte systeme algorithme information moteur
D7163	moteur utilisateur terme pertinent index collection indexation classement recherche algorithme rappel resultat
D7164	requete precision recherche texte document rappel
D7165	terme algorithme collection recherche index systeme classement pertinent resultat document web
D7166	inverse classement terme recherche rappel collection web
D7167	index moteur indexation web recherche document inverse requete algorithme
D7168	indexation utilisateur information texte index inverse web systeme algorithme moteur precision
D7169	information moteur index recherche classement terme texte systeme precision indexation rappel algorithme
D7170	recherche web resultat utilisateur pertinent
D7171	precision texte classement terme moteur rappel collection recherche systeme requete
D7172	requete pertinent terme collection recherche inverse indexation resultat index moteur rappel precision
D7173	algorithme indexation pertinent utilisateur rappel precision index moteur
D7174	requete information utilisateur index texte indexation moteur
D7175	document algorithme systeme web information recherche terme rappel collection texte
D7176	web terme systeme classement indexation index resultat
D7177	utilisateur inverse requete pertinent resultat texte rappel
D7178	utilisateur precision information texte collection classement
D7179	pertinent utilisateur web moteur systeme collection information algorithme classement terme index
D7180	collection classement requete document indexation resultat precision systeme rappel inverse index terme
D7181	requete systeme utilisateur classement document
D7182	algorithme utilisateur document inverse information moteur recherche requete web texte index
D7183	precision inverse terme rappel classement information moteur
D7184	resultat information index document precision collection classement
D7185	moteur terme algorithme inverse rappel pertinent
D7186	utilisateur pertinent indexation web precision index collection
D7187	information web rappel terme texte index classement
D7188	systeme recherche moteur precision terme
D7189	document systeme algorithme pertinent moteur recherche information indexation resultat
D7190	texte document terme collection requete precision algorithme
D7191	resultat document requete algorithme information moteur indexation precision rappel collection inverse index
D7192	web precision algorithme recherche rappel collection terme moteur utilisateur
D7193	moteur texte recherche terme pertinent collection resultat requete indexation systeme
D7194	requete pertinent index classement moteur web texte systeme information collection document
D7195	index document utilisateur requete texte pertinent systeme
D7196	precision information indexation terme collection moteur requete rappel utilisateur systeme classement
D7197	terme indexation web collection classement recherche rappel resultat algorithme index document requete
D7198	utilisateur index moteur information document collection precision algorithme recherche
D7199	indexation inverse terme web document pertinent index information systeme texte recherche
D7200	index classement requete moteur pertinent
D7201	recherche web precision texte information systeme collection
D7202	resultat terme systeme document collection indexation texte rappel index precision pertinent moteur
D7203	web utilisateur systeme document algorithme rappel indexation inverse requete resultat classement recherche
D7204	pertinent rappel recherche terme information indexation index algorithme systeme document
D7205	texte moteur terme pertinent information precision classement indexation resultat recherche requete
D7206	information inverse algorithme recherche indexation moteur index rappel texte web utilisateur terme
D7207	recherche web utilisateur document information requete systeme rappel terme classement algorithme inverse
D7208	algorithme web classement indexation precision moteur texte
D7209	collection pertinent terme resultat information algorithme moteur precision web utilisateur
D7210	resultat document information rappel inverse terme
D7211	classement information terme inverse precision resultat rappel texte moteur utilisateur
D7212	inverse classement utilisateur algorithme collection recherche index pertinent web
D7213	index algorithme indexation precision texte collection pertinent systeme utilisateur terme
D7214	requete document algorithme collection moteur indexation index classement
D7215	texte collection information web utilisateur pertinent
D7216	recherche collection utilisateur information texte rappel index indexation
D7217	requete precision moteur texte indexation inverse
D7218	terme web inverse rappel information recherche utilisateur
D7219	moteur requete document rappel classement inverse information
D7220	collection index web classement inverse information systeme precision moteur document
D7221	pertinent terme moteur systeme indexation web
D7222	systeme inverse web recherche classement precision algorithme pertinent utilisateur collection indexation
D7223	pertinent inverse document recherche algorithme terme web utilisateur requete index
D7224	index terme utilisateur pertinent moteur precision recherche algorithme inverse indexation systeme
D7225	utilisateur terme inverse resultat classement recherche systeme index moteur document algorithme indexation
D7226	index precision collection document web recherche pertinent information algorithme texte utilisateur
D7227	utilisateur requete moteur index document rappel
D7228	requete information inverse moteur classement collection precision algorithme indexation web
D7229	requete indexation moteur collection precision utilisateur document web inverse information resultat
D7230	recherche classement utilisateur requete document terme information
D7231	precision texte indexation classement index document terme requete moteur
D7232	index precision pertinent indexation rappel resultat terme systeme texte recherche
D7233	recherche systeme rappel inverse web requete collection precision algorithme
D7234	classement moteur document collection rappel requete
D7235	resultat utilisateur requete information precision recherche indexation moteur terme
D7236	document indexation moteur algorithme web rappel utilisateur systeme
D7237	moteur resultat indexation utilisateur precision texte terme web
D7238	information inverse precision index utilisateur algorithme rappel terme moteur classement
D7239	indexation index moteur terme algorithme collection inverse web precision rappel
D7240	indexation web resultat document texte moteur requete
D7241	inverse collection pertinent utilisateur algorithme resultat moteur classement terme
D7242	moteur texte information terme precision pertinent requete indexation algorithme collection web
D7243	algorithme systeme pertinent precision information rappel moteur inverse texte terme
D7244	requete algorithme collection terme index rappel utilisateur texte information
D7245	document inverse information index moteur collection
D7246	indexation pertinent web algorithme resultat index
D7247	collection document resultat index pertinent terme recherche
D7248	systeme precision inverse index pertinent document algorithme
D7249	moteur precision pertinent recherche information resultat inverse systeme utilisateur requete
D7250	document recherche collection requete utilisateur algorithme moteur texte pertinent precision resultat classement
D7251	web systeme terme precision document indexation algorithme pertinent utilisateur texte index
D7252	moteur inverse algorithme index texte systeme classement
D7253	algorithme collection requete utilisateur web resultat indexation systeme precision document recherche
D7254	utilisateur precision rappel algorithme collection recherche inverse pertinent document indexation
D7255	systeme document web indexation information rappel inverse resultat algorithme index utilisateur collection
D7256	indexation index moteur information texte algorithme document inverse web systeme
D7257	classement recherche document moteur information
D7258	rappel utilisateur information classement collection
D7259	moteur systeme classement algorithme utilisateur requete indexation
D7260	document classement precision terme algorithme requete web rappel
D7261	index requete information collection inverse algorithme systeme classement precision web texte utilisateur
D7262	index classement systeme resultat texte
D7263	moteur rappel information index web inverse algorithme collection utilisateur texte terme systeme
D7264	collection information document indexation index precision inverse requete rappel systeme pertinent
D7265	systeme resultat information inverse utilisateur recherche index document web
D7266	systeme collection inverse texte utilisateur moteur information
D7267	rappel classement algorithme resultat utilisateur indexation systeme collection web
D7268	pertinent precision rappel inverse texte requete classement collection recherche
D7269	algorithme index indexation recherche resultat
D7270	utilisateur systeme precision document classement web indexation resultat rappel texte pertinent
D7271	indexation collection terme moteur rappel recherche
D7272	index information rappel resultat systeme
D7273	web information indexation classement precision recherche pertinent systeme document algorithme rappel requete
D7274	texte index information algorithme moteur requete web indexation
D7275	resultat requete inverse texte recherche moteur algorithme terme utilisateur web precision
D7276	inverse texte moteur pertinent resultat collection indexation recherche
D7277	information algorithme utilisateur resultat document requete texte precision web recherche index
D7278	document inverse systeme pertinent requete rappel utilisateur index algorithme precision
D7279	resultat requete texte rappel index
D7280	utilisateur texte document information resultat requete collection algorithme precision rappel inverse
D7281	systeme requete pertinent classement web indexation precision resultat algorithme utilisateur collection terme
D7282	inverse document web moteur classement recherche precision
D7283	utilisateur pertinent precision collection web classement
D7284	inverse systeme index algorithme pertinent rappel precision
D7285	algorithme information systeme inverse resultat document web
D7286	classement information requete pertinent collection algorithme precision recherche inverse
D7287	terme collection moteur information recherche pertinent indexation utilisateur document
D7288	collection classement information index moteur
D7289	web inverse recherche index information algorithme requete
D7290	classement document web requete moteur collection utilisateur systeme
D7291	pertinent moteur collection classement systeme web rappel document precision resultat information
D7292	recherche index information indexation collection algorithme pertinent terme rappel classement moteur
D7293	indexation pertinent collection index information
D7294	utilisateur information indexation resultat web
D7295	resultat classement rappel pertinent indexation web
D7296	inverse moteur systeme requete collection algorithme document terme
D7297	index document classement rappel pertinent resultat systeme
D7298	pertinent requete indexation classement web rappel terme
D7299	terme resultat recherche classement web document information collection moteur precision index
D7300	terme information moteur document utilisateur precision algorithme recherche
D7301	pertinent systeme requete document information collection index moteur indexation resultat rappel
D7302	recherche systeme requete document moteur texte classement
D7303	collection pertinent texte algorithme utilisateur web index indexation precision
D7304	recherche moteur index precision classement utilisateur texte requete pertinent document collection terme
D7305	texte resultat algorithme recherche collection pertinent web moteur
D7306	collection document classement information pertinent rappel texte
D7307	precision rappel document indexation pertinent systeme resultat texte web algorithme
D7308	rappel algorithme inverse recherche classement information pertinent precision resultat
D7309	document rappel precision recherche utilisateur texte resultat information web systeme collection
D7310	texte pertinent information recherche web collection rappel
D7311	moteur algorithme texte classement requete
D7312	systeme classement resultat precision recherche pertinent moteur utilisateur rappel information index
D7313	systeme index utilisateur inverse collection indexation precision moteur
D7314	rappel terme resultat utilisateur classement
D7315	classement resultat pertinent terme precision index
D7316	precision algorithme texte requete inverse document resultat collection moteur
D7317	algorithme texte inverse pertinent precision indexation requete utilisateur systeme index recherche
D7318	indexation texte index requete rappel recherche utilisateur document
D7319	indexation recherche utilisateur precision moteur classement algorithme information systeme document texte
D7320	index rappel pertinent information document terme requete utilisateur inverse algorithme resultat classement
D7321	classement pertinent terme indexation rappel requete web utilisateur texte
D7322	classement inverse information index pertinent texte precision utilisateur algorithme document requete
D7323	rappel precision collection requete information inverse
D7324	utilisateur inverse document recherche collection terme algorithme classement
D7325	requete texte precision web resultat indexation terme systeme
D7326	information document terme utilisateur moteur resultat rappel algorithme web collection inverse recherche
D7327	collection classement resultat indexation information rappel web recherche systeme precision
D7328	web rappel precision information systeme moteur pertinent indexation
D7329	rappel indexation information pertinent classement inverse index resultat
D7330	indexation algorithme requete rappel document resultat
D7331	collection inverse recherche pertinent moteur systeme
D7332	information resultat index texte precision document recherche rappel terme algorithme inverse collection
D7333	requete resultat recherche web classement moteur indexation rappel inverse
D7334	web moteur inverse algorithme collection document
D7335	collection systeme terme resultat rappel precision inverse index classement requete information
D7336	indexation recherche information collection web classement
D7337	terme collection inverse information requete recherche rappel texte algorithme moteur
D7338	systeme index precision resultat indexation rappel terme inverse
D7339	classement collection index inverse algorithme
D7340	utilisateur indexation index systeme requete classement document
D7341	moteur rappel recherche pertinent classement information algorithme index
D7342	classement precision document pertinent web requete texte utilisateur
D7343	rappel index terme requete algorithme moteur systeme indexation
D7344	document moteur rappel utilisateur information texte pertinent resultat requete algorithme recherche indexation
D7345	recherche requete document index pertinent algorithme terme inverse classement rappel collection utilisateur
D7346	pertinent algorithme terme information web document systeme classement moteur collection
D7347	collection algorithme inverse rappel precision
D7348	index resultat precision classement systeme terme algorithme pertinent
D7349	precision information terme indexation rappel utilisateur collection requete algorithme moteur
D7350	terme systeme document collection algorithme
D7351	classement requete texte utilisateur moteur web document inverse pertinent recherche terme
D7352	inverse texte utilisateur resultat information moteur algorithme requete systeme recherche precision
D7353	precision information requete pertinent moteur utilisateur classement
D7354	resultat web index rappel systeme inverse texte utilisateur algorithme
D7355	precision recherche requete resultat information classement pertinent algorithme
D7356	resultat web recherche requete pertinent utilisateur information collection
D7357	systeme algorithme resultat recherche terme inverse utilisateur classement rappel pertinent information precision
D7358	indexation classement document inverse web
D7359	indexation terme collection classement utilisateur information precision
D7360	inverse moteur algorithme rappel document
D7361	inverse precision algorithme web document requete
D7362	web recherche classement algorithme utilisateur information collection texte rappel indexation inverse
D7363	requete document web terme systeme indexation collection
D7364	texte algorithme precision document information indexation pertinent collection
D7365	recherche collection inverse utilisateur classement web moteur precision document
D7366	information rappel document systeme classement collection utilisateur web
D7367	requete collection texte algorithme document web pertinent utilisateur
D7368	classement indexation texte resultat utilisateur
D7369	inverse systeme texte moteur terme collection utilisateur web rappel information
D7370	rappel recherche indexation classement pertinent systeme document web inverse precision collection texte
D7371	web index precision systeme pertinent resultat inverse
D7372	texte rappel document index precision indexation
D7373	classement precision pertinent recherche collection document
D7374	terme recherche index systeme resultat precision requete pertinent indexation
D7375	indexation document pertinent index terme inverse utilisateur texte precision
D7376	utilisateur requete systeme recherche information indexation
D7377	algorithme systeme classement utilisateur inverse information indexation document texte rappel precision resultat
D7378	recherche resultat utilisateur web collection indexation
D7379	texte collection inverse recherche indexation
D7380	recherche web rappel texte collection
D7381	index indexation information utilisateur moteur web recherche
D7382	indexation moteur requete resultat recherche algorithme document rappel precision
D7383	information document index texte classement algorithme moteur indexation recherche requete
D7384	moteur information recherche precision terme resultat collection web
D7385	terme moteur document inverse indexation index utilisateur algorithme texte systeme resultat collection
D7386	pertinent recherche moteur systeme rappel algorithme utilisateur inverse
D7387	terme precision index collection classement information systeme algorithme inverse requete rappel
D7388	recherche precision indexation resultat classement utilisateur pertinent
D7389	rappel index indexation requete recherche inverse moteur document algorithme
D7390	pertinent resultat collection information systeme
D7391	classement collection requete resultat algorithme recherche pertinent terme information index rappel systeme
D7392	resultat index web rappel utilisateur collection recherche terme classement algorithme
D7393	pertinent indexation recherche rappel index
D7394	precision pertinent resultat information utilisateur
D7395	texte terme algorithme utilisateur precision resultat recherche requete systeme collection rappel indexation
D7396	index classement indexation document systeme
D7397	utilisateur document rappel recherche systeme
D7398	algorithme web recherche utilisateur systeme document rappel
D7399	inverse rappel utilisateur systeme moteur document information indexation index pertinent classement terme
D7400	web precision moteur collection rappel systeme pertinent requete information indexation classement inverse
D7401	index indexation collection terme resultat algorithme classement pertinent requete
D7402	collection recherche web systeme requete information pertinent texte
D7403	classement requete algorithme inverse moteur
D7404	algorithme moteur recherche indexation systeme resultat document information web pertinent inverse rappel
D7405	moteur systeme precision rappel classement texte recherche terme
D7406	web recherche information collection moteur algorithme index
D7407	recherche precision utilisateur pertinent systeme texte
D7408	algorithme classement systeme resultat terme pertinent document precision requete index texte
D7409	classement index texte utilisateur moteur information inverse requete indexation terme web document
D7410	precision recherche requete inverse texte utilisateur information
D7411	utilisateur indexation index information web systeme precision resultat classement requete recherche terme
D7412	classement utilisateur terme rappel moteur collection
D7413	terme index classement recherche precision moteur information rappel document pertinent systeme algorithme
D7414	rappel texte utilisateur document precision index systeme
D7415	classement systeme information inverse precision terme collection
D7416	inverse web requete recherche systeme index
D7417	resultat document web precision classement algorithme utilisateur terme pertinent information
D7418	document information systeme collection precision
D7419	recherche collection classement requete utilisateur precision inverse systeme pertinent
D7420	classement pertinent systeme requete rappel moteur
D7421	classement indexation inverse moteur collection
D7422	inverse classement systeme texte moteur pertinent recherche collection
D7423	resultat texte moteur information systeme document index web utilisateur pertinent
D7424	rappel collection precision terme indexation algorithme
D7425	precision web moteur collection inverse utilisateur
D7426	texte index requete classement utilisateur document resultat moteur pertinent systeme
D7427	algorithme index requete moteur texte
D7428	web inverse utilisateur requete rappel precision pertinent
D7429	requete pertinent recherche collection utilisateur
D7430	precision texte recherche document inverse terme classement web systeme requete
D7431	classement terme web texte recherche precision inverse pertinent moteur indexation rappel
D7432	recherche resultat pertinent algorithme systeme index
D7433	terme information indexation web utilisateur inverse document precision pertinent algorithme
D7434	web utilisateur moteur information rappel recherche inverse index indexation
D7435	algorithme web texte resultat collection requete information classement pertinent moteur rappel terme
D7436	resultat systeme texte indexation inverse index collection web utilisateur
D7437	web inverse resultat systeme pertinent document recherche moteur indexation utilisateur algorithme
D7438	web classement requete information rappel utilisateur indexation texte recherche index resultat document
D7439	document pertinent systeme collection precision index indexation texte rappel utilisateur
D7440	resultat rappel pertinent index texte document moteur
D7441	requete web classement rappel inverse
D7442	rappel inverse terme information moteur systeme algorithme requete
D7443	indexation texte index pertinent requete resultat information precision systeme recherche algorithme
D7444	precision terme document utilisateur rappel classement recherche information texte systeme web index
D7445	classement inverse web terme indexation precision pertinent algorithme resultat moteur texte index
D7446	pertinent terme algorithme utilisateur classement texte
D7447	precision utilisateur recherche rappel pertinent information web systeme
D7448	moteur document indexation requete recherche terme inverse index collection texte
D7449	precision texte pertinent algorithme systeme moteur indexation rappel classement requete collection inverse
D7450	index pertinent information resultat utilisateur inverse systeme recherche
D7451	document information classement resultat precision pertinent terme indexation
D7452	inverse algorithme web requete document moteur resultat information
D7453	classement collection systeme recherche indexation inverse texte
D7454	information index terme indexation collection systeme document
D7455	systeme precision resultat collection terme
D7456	texte classement information recherche utilisateur inverse indexation terme requete
D7457	information pertinent moteur precision recherche requete inverse classement algorithme rappel systeme utilisateur
D7458	index rappel web document information classement recherche requete pertinent algorithme resultat
D7459	index terme moteur resultat recherche classement texte collection indexation systeme
D7460	precision rappel web index utilisateur
D7461	systeme texte moteur utilisateur pertinent algorithme
D7462	requete resultat utilisateur texte recherche collection indexation inverse rappel
D7463	inverse indexation document index terme systeme precision
D7464	index precision inverse systeme terme algorithme document collection moteur information
D7465	document resultat rappel texte inverse information requete terme utilisateur systeme
D7466	precision texte rappel collection web requete inverse systeme utilisateur index classement pertinent
D7467	systeme collection texte precision information algorithme requete indexation resultat utilisateur index terme
D7468	moteur pertinent texte index utilisateur requete inverse resultat precision systeme
D7469	pertinent information terme systeme document
D7470	moteur texte utilisateur pertinent recherche document resultat algorithme classement
D7471	rappel inverse terme systeme classement texte requete web recherche resultat
D7472	collection moteur texte indexation resultat pertinent terme requete
D7473	resultat texte recherche web systeme rappel index
D7474	collection recherche document classement indexation web index
D7475	pertinent rappel information terme web collection
D7476	texte algorithme inverse indexation rappel
D7477	index web classement inverse texte collection indexation
D7478	information document classement index pertinent systeme resultat texte algorithme
D7479	moteur resultat indexation rappel pertinent
D7480	inverse document classement utilisateur pertinent precision resultat rappel requete web algorithme
D7481	inverse systeme requete recherche terme rappel index pertinent indexation moteur web document
D7482	moteur texte web systeme requete document utilisateur collection
D7483	texte inverse recherche resultat requete document terme index systeme pertinent web
D7484	indexation moteur precision recherche rappel document
D7485	classement information web recherche index algorithme moteur resultat
D7486	inverse systeme texte pertinent indexation precision utilisateur resultat rappel requete information terme
D7487	terme requete resultat collection document precision texte systeme indexation
D7488	inverse precision terme resultat moteur indexation recherche
D7489	resultat document inverse moteur precision web terme texte pertinent rappel recherche
D7490	inverse pertinent systeme utilisateur texte
D7491	utilisateur inverse recherche document terme classement web pertinent texte
D7492	rappel inverse index moteur web indexation recherche utilisateur classement information
D7493	precision document systeme utilisateur inverse terme index
D7494	terme information inverse algorithme precision index rappel texte utilisateur
D7495	index utilisateur web information texte terme
D7496	texte collection systeme document moteur
D7497	classement utilisateur systeme moteur web inverse
D7498	index utilisateur information web resultat inverse document
D7499	terme index rappel web texte requete utilisateur collection inverse recherche classement pertinent
D7500	moteur pertinent rappel recherche index information classement utilisateur requete
D7501	index classement collection inverse utilisateur document terme
D7502	terme web texte precision recherche
D7503	inverse collection indexation texte resultat rappel index classement document utilisateur requete recherche
D7504	inverse information index texte pertinent recherche web resultat moteur terme
D7505	recherche terme pertinent systeme precision information utilisateur collection web indexation classement
D7506	systeme rappel classement indexation texte
D7507	web moteur resultat pertinent systeme rappel inverse indexation document
D7508	collection algorithme inverse terme requete
D7509	collection classement indexation inverse algorithme moteur
D7510	requete resultat utilisateur moteur terme systeme rappel
D7511	systeme algorithme terme classement utilisateur index
D7512	document algorithme rappel utilisateur web terme classement indexation index pertinent
D7513	texte recherche index indexation requete terme
D7514	rappel utilisateur pertinent classement moteur index texte systeme collection indexation document requete
D7515	precision recherche systeme indexation index information moteur
D7516	information moteur collection algorithme systeme recherche terme document
D7517	utilisateur indexation web information classement
D7518	terme inverse requete texte classement systeme recherche
D7519	precision terme information web document index rappel pertinent systeme algorithme classement collection
D7520	precision rappel algorithme systeme document index terme classement resultat collection web requete
D7521	requete moteur indexation inverse precision resultat systeme texte algorithme collection terme index
D7522	document resultat terme utilisateur collection algorithme
D7523	document systeme resultat recherche utilisateur classement moteur terme collection web information indexation
D7524	texte pertinent requete terme document precision resultat web
D7525	document inverse moteur pertinent precision collection index texte
D7526	information utilisateur pertinent collection texte web systeme recherche classement inverse document index
D7527	resultat texte precision collection document
D7528	utilisateur information web systeme algorithme resultat recherche indexation requete moteur terme
D7529	pertinent moteur precision indexation classement texte document utilisateur algorithme web
D7530	pertinent web algorithme utilisateur classement document
D7531	precision inverse moteur terme systeme algorithme rappel collection requete
D7532	systeme pertinent inverse index classement indexation utilisateur web algorithme collection
D7533	collection rappel indexation index document requete inverse information precision
D7534	texte resultat collection web moteur systeme utilisateur terme document
D7535	resultat web precision information classement document indexation inverse terme
D7536	collection document index algorithme terme systeme moteur rappel pertinent texte inverse classement
D7537	pertinent index web recherche rappel document utilisateur
D7538	algorithme requete systeme resultat indexation texte inverse document moteur
D7539	terme classement texte algorithme systeme information resultat utilisateur moteur requete
D7540	index inverse texte systeme web recherche information moteur
D7541	classement pertinent collection resultat systeme terme web information utilisateur
D7542	requete terme collection texte document moteur recherche utilisateur inverse
D7543	utilisateur document precision systeme pertinent web algorithme index moteur recherche indexation classement
D7544	moteur inverse indexation systeme resultat index utilisateur collection algorithme pertinent
D7545	terme resultat indexation pertinent web
D7546	terme inverse moteur web document precision index utilisateur information
D7547	requete algorithme inverse systeme collection terme document web rappel utilisateur information precision
D7548	collection terme requete classement information
D7549	web rappel precision classement inverse
D7550	moteur algorithme web systeme recherche
D7551	web inverse algorithme texte requete recherche precision utilisateur rappel index
D7552	rappel indexation resultat document algorithme collection texte
D7553	web inverse pertinent recherche texte classement requete
D7554	indexation collection utilisateur information resultat inverse texte algorithme moteur requete terme precision
D7555	precision moteur recherche requete index document web systeme information resultat inverse
D7556	index pertinent resultat rappel utilisateur terme web texte document precision inverse requete
D7557	index classement rappel algorithme indexation moteur document inverse precision
D7558	requete recherche texte terme information collection
D7559	rappel recherche collection index pertinent precision moteur inverse algorithme indexation
D7560	rappel systeme resultat terme index collection moteur recherche inverse
D7561	indexation rappel utilisateur collection texte web requete resultat
D7562	moteur systeme precision document classement information web recherche
D7563	moteur rappel pertinent requete information algorithme resultat
D7564	algorithme classement resultat collection inverse pertinent index systeme requete
D7565	collection precision rappel utilisateur terme moteur algorithme recherche
D7566	classement precision pertinent index moteur texte rappel collection resultat information terme
D7567	classement texte requete resultat terme systeme rappel collection pertinent algorithme indexation
D7568	texte inverse precision rappel indexation resultat requete document systeme algorithme recherche
D7569	algorithme classement systeme resultat rappel pertinent recherche requete moteur document utilisateur
D7570	information resultat algorithme systeme moteur pertinent index requete precision terme
D7571	requete web inverse texte rappel
D7572	recherche document collection utilisateur texte information algorithme
D7573	requete algorithme document indexation precision systeme
D7574	resultat index pertinent requete rappel web terme systeme utilisateur moteur collection
D7575	web terme pertinent rappel algorithme collection requete
D7576	indexation recherche systeme index document
D7577	indexation pertinent rappel recherche web information document moteur utilisateur classement
D7578	pertinent rappel utilisateur inverse terme
D7579	inverse recherche precision information web indexation systeme document classement pertinent requete algorithme
D7580	web terme rappel utilisateur collection index
D7581	indexation requete collection utilisateur recherche rappel systeme pertinent
D7582	recherche texte terme web pertinent algorithme indexation moteur rappel systeme utilisateur
D7583	indexation pertinent resultat classement systeme terme web utilisateur index document
D7584	algorithme indexation inverse utilisateur web rappel information
D7585	requete web document resultat index rappel inverse moteur pertinent
D7586	resultat texte algorithme systeme requete
D7587	recherche pertinent precision utilisateur resultat
D7588	texte algorithme collection index rappel utilisateur precision recherche inverse information document
D7589	information rappel requete classement texte indexation collection document recherche
D7590	texte indexation algorithme utilisateur resultat information requete recherche pertinent terme
D7591	utilisateur inverse resultat pertinent information rappel
D7592	terme precision indexation texte information utilisateur index collection recherche
D7593	resultat terme information systeme precision
D7594	moteur indexation document resultat recherche index precision inverse texte systeme
D7595	precision algorithme index recherche document rappel
D7596	web precision requete moteur systeme resultat pertinent classement
D7597	document rappel pertinent inverse terme indexation utilisateur texte collection index resultat
D7598	indexation resultat moteur classement pertinent terme collection requete rappel algorithme information web
D7599	texte indexation inverse precision information document index systeme rappel recherche utilisateur moteur
D7600	document rappel web resultat classement information collection index moteur precision requete
D7601	requete web information systeme document classement
D7602	web index moteur rappel recherche resultat collection terme
D7603	systeme resultat precision recherche document pertinent texte
D7604	classement moteur information web systeme resultat pertinent requete collection
D7605	texte classement collection document web indexation pertinent inverse index systeme recherche
D7606	systeme indexation classement utilisateur document moteur pertinent requete
D7607	systeme resultat terme recherche rappel algorithme pertinent precision
D7608	index texte information pertinent utilisateur systeme web inverse
D7609	collection document algorithme precision indexation resultat
D7610	information inverse indexation rappel utilisateur collection requete classement systeme pertinent index recherche
D7611	index resultat requete collection precision inverse terme systeme texte
D7612	algorithme utilisateur recherche document moteur inverse indexation requete
D7613	precision indexation classement resultat collection utilisateur moteur inverse systeme
D7614	indexation resultat information document moteur classement terme
D7615	resultat collection terme classement texte pertinent systeme inverse information algorithme utilisateur
D7616	terme pertinent resultat recherche rappel classement information index
D7617	information precision pertinent resultat systeme rappel texte terme inverse index
D7618	index terme indexation utilisateur moteur requete
D7619	web algorithme requete terme inverse texte
D7620	terme systeme utilisateur indexation resultat document moteur web algorithme
D7621	collection index rappel resultat moteur terme recherche information classement requete document utilisateur
D7622	classement indexation collection texte web terme algorithme recherche
D7623	web recherche pertinent document texte indexation resultat requete index systeme information
D7624	collection recherche inverse terme systeme indexation
D7625	rappel information algorithme web texte terme
D7626	collection web classement rappel indexation
D7627	index web recherche information requete collection
D7628	rappel information recherche web inverse collection utilisateur precision
D7629	classement precision moteur inverse web utilisateur collection information
D7630	systeme classement precision resultat indexation
D7631	algorithme pertinent texte index recherche collection
D7632	web terme document systeme information recherche
D7633	classement indexation pertinent terme index algorithme inverse precision recherche
D7634	systeme index terme precision resultat
D7635	classement information indexation recherche algorithme terme
D7636	terme collection recherche pertinent resultat requete utilisateur rappel texte systeme
D7637	indexation algorithme requete moteur inverse document systeme web terme precision
D7638	index requete indexation systeme rappel terme texte information
D7639	utilisateur index recherche moteur terme requete classement
D7640	inverse recherche index texte document pertinent classement web
D7641	web algorithme recherche requete classement terme moteur systeme inverse resultat pertinent rappel
D7642	pertinent recherche resultat algorithme classement index
D7643	classement precision utilisateur terme index resultat pertinent moteur algorithme collection web
D7644	collection resultat precision utilisateur inverse classement recherche texte
D7645	document precision information index algorithme collection
D7646	document index texte algorithme classement collection indexation recherche precision rappel web
D7647	inverse systeme collection pertinent precision
D7648	inverse classement rappel utilisateur collection terme systeme resultat pertinent index document
D7649	inverse recherche systeme requete moteur texte index resultat algorithme document
D7650	inverse indexation moteur texte rappel resultat systeme document terme requete web recherche
D7651	indexation utilisateur recherche rappel classement systeme information
D7652	recherche indexation inverse requete systeme utilisateur
D7653	collection web resultat systeme texte moteur precision indexation utilisateur terme requete
D7654	resultat document index information inverse algorithme
D7655	rappel utilisateur algorithme indexation precision information pertinent
D7656	index systeme moteur document inverse resultat web pertinent recherche
D7657	information utilisateur indexation terme texte
D7658	index recherche moteur systeme algorithme
D7659	precision classement indexation recherche rappel systeme texte inverse algorithme document
D7660	recherche indexation terme collection texte
D7661	document precision web recherche rappel collection systeme pertinent
D7662	requete inverse precision classement utilisateur moteur
D7663	classement inverse recherche collection algorithme indexation utilisateur index
D7664	classement web inverse recherche information collection utilisateur
D7665	texte inverse indexation terme moteur algorithme precision pertinent utilisateur resultat index web
D7666	rappel systeme document inverse pertinent moteur algorithme recherche classement
D7667	collection texte utilisateur document rappel pertinent information moteur recherche web resultat requete
D7668	rappel utilisateur indexation collection inverse precision texte pertinent resultat classement information requete
D7669	indexation rappel utilisateur recherche collection index terme pertinent requete
D7670	indexation rappel terme moteur document
D7671	information systeme utilisateur document texte moteur requete
D7672	document collection algorithme texte requete classement inverse recherche pertinent systeme
D7673	precision resultat recherche inverse collection classement
D7674	rappel systeme algorithme precision requete
D7675	inverse collection requete recherche moteur algorithme texte
D7676	web algorithme rappel information systeme requete
D7677	inverse terme texte index rappel web
D7678	moteur requete utilisateur web indexation index classement
D7679	web pertinent collection classement resultat document systeme texte algorithme indexation
D7680	document classement moteur resultat requete collection algorithme rappel inverse utilisateur
D7681	resultat information collection requete precision index algorithme
D7682	inverse terme systeme texte information index collection requete moteur web rappel recherche
D7683	classement utilisateur recherche document indexation index rappel precision terme requete inverse
D7684	recherche resultat document pertinent systeme
D7685	utilisateur precision information moteur index document indexation terme requete classement systeme
D7686	information rappel algorithme pertinent utilisateur
D7687	rappel utilisateur texte terme requete information collection resultat document
D7688	indexation moteur web information rappel texte utilisateur precision pertinent
D7689	pertinent classement indexation terme moteur collection information
D7690	web resultat precision moteur index texte terme utilisateur classement inverse indexation
D7691	resultat web collection utilisateur texte pertinent inverse requete algorithme terme classement
D7692	terme algorithme resultat pertinent document texte requete utilisateur inverse classement
D7693	precision pertinent systeme resultat recherche rappel index algorithme texte
D7694	rappel resultat requete algorithme moteur collection index texte inverse pertinent document web
D7695	inverse web document terme systeme index
D7696	information classement texte moteur systeme collection terme document web
D7697	recherche classement utilisateur terme web document collection
D7698	document inverse moteur requete terme utilisateur collection information web
D7699	inverse document utilisateur algorithme requete precision information
D7700	precision moteur terme requete rappel collection texte classement information algorithme
D7701	utilisateur index rappel moteur collection recherche resultat requete
D7702	systeme algorithme moteur information collection precision recherche pertinent rappel resultat indexation
D7703	systeme moteur rappel index utilisateur classement algorithme document requete
D7704	collection moteur resultat information web recherche inverse classement
D7705	requete classement texte utilisateur moteur pertinent
D7706	systeme pertinent classement information inverse texte web document moteur resultat terme
D7707	utilisateur document resultat rappel moteur texte collection web
D7708	pertinent resultat information rappel collection document
D7709	terme texte recherche rappel pertinent document algorithme inverse information
D7710	indexation information rappel utilisateur recherche document inverse texte classement terme precision moteur
D7711	document collection indexation pertinent systeme texte resultat utilisateur
D7712	pertinent classement precision web indexation algorithme terme index collection information resultat texte
D7713	web rappel algorithme texte requete terme index resultat
D7714	recherche utilisateur terme texte precision systeme classement collection index document
D7715	inverse texte classement utilisateur indexation requete terme algorithme information resultat
D7716	document systeme index web inverse indexation texte moteur pertinent information collection utilisateur
D7717	document moteur classement information web collection
D7718	terme utilisateur classement precision index resultat texte algorithme collection
D7719	requete algorithme classement document recherche
D7720	information index inverse classement pertinent algorithme systeme requete
D7721	recherche indexation resultat texte rappel systeme precision index moteur collection
D7722	systeme index recherche terme classement
D7723	web document utilisateur recherche texte rappel collection algorithme index precision terme indexation
D7724	moteur rappel web index collection inverse systeme recherche requete
D7725	pertinent resultat utilisateur requete rappel moteur information systeme precision collection
D7726	terme rappel indexation inverse collection algorithme document
D7727	inverse resultat index systeme information web rappel texte classement precision terme
D7728	utilisateur index rappel document information
D7729	texte index pertinent recherche terme
D7730	recherche resultat texte pertinent requete systeme terme moteur classement index
D7731	pertinent web information classement inverse algorithme systeme requete document rappel recherche collection
D7732	information pertinent algorithme requete moteur
D7733	texte rappel collection recherche requete inverse
D7734	systeme precision inverse texte requete resultat index utilisateur
D7735	web pertinent recherche systeme information
D7736	inverse precision moteur rappel index requete terme collection
D7737	indexation inverse collection index resultat systeme classement
D7738	moteur resultat information terme systeme texte precision indexation recherche web rappel requete
D7739	moteur information web texte collection rappel precision resultat inverse classement index terme
D7740	rappel precision classement pertinent index web recherche requete terme moteur texte algorithme
D7741	moteur recherche information texte web pertinent document utilisateur indexation index requete precision
D7742	collection resultat utilisateur precision inverse index classement terme recherche algorithme information
D7743	collection recherche algorithme index document texte systeme moteur terme rappel resultat pertinent
D7744	document collection index systeme algorithme
D7745	recherche collection rappel index algorithme
D7746	utilisateur rappel terme systeme indexation classement resultat index
D7747	requete document resultat precision utilisateur pertinent
D7748	texte recherche pertinent precision index document systeme indexation inverse terme utilisateur requete
D7749	texte collection inverse algorithme moteur classement
D7750	algorithme index web information requete texte collection document indexation utilisateur terme
D7751	requete recherche document inverse terme
D7752	precision utilisateur inverse indexation requete web
D7753	collection classement utilisateur inverse rappel terme document indexation algorithme
D7754	document indexation moteur texte terme systeme utilisateur precision collection pertinent
D7755	pertinent information web moteur texte requete classement
D7756	moteur pertinent information rappel resultat algorithme indexation utilisateur recherche precision
D7757	indexation collection resultat recherche utilisateur moteur texte information
D7758	precision moteur algorithme requete index texte recherche document indexation
D7759	precision systeme rappel collection terme resultat inverse pertinent utilisateur texte
D7760	requete indexation texte recherche collection algorithme precision document terme index rappel resultat
D7761	requete inverse terme index collection utilisateur
D7762	web pertinent resultat indexation recherche inverse classement algorithme index rappel
D7763	classement index texte inverse information systeme indexation terme
D7764	classement systeme index resultat utilisateur collection requete
D7765	pertinent rappel utilisateur requete classement precision
D7766	collection moteur pertinent utilisateur precision
D7767	algorithme recherche information indexation terme
D7768	precision resultat systeme moteur terme web inverse pertinent information texte
D7769	indexation systeme recherche inverse resultat
D7770	collection utilisateur information systeme inverse pertinent terme web
D7771	recherche pertinent web requete resultat precision collection indexation terme
D7772	web information inverse index classement
D7773	systeme rappel texte collection terme information
D7774	moteur document utilisateur texte terme
D7775	rappel pertinent index indexation precision web recherche texte systeme
D7776	collection indexation terme recherche document utilisateur
D7777	resultat classement precision systeme terme recherche
D7778	resultat information recherche texte indexation document classement rappel algorithme
D7779	classement terme document resultat utilisateur texte requete algorithme systeme recherche collection rappel
D7780	algorithme inverse web recherche utilisateur terme moteur systeme
D7781	resultat recherche web rappel information
D7782	classement texte terme moteur systeme pertinent utilisateur algorithme requete resultat
D7783	pertinent indexation terme precision algorithme document
D7784	precision rappel resultat recherche pertinent index
D7785	utilisateur requete algorithme collection document index systeme
D7786	document index classement recherche inverse moteur precision requete terme resultat utilisateur
D7787	precision terme inverse pertinent algorithme collection recherche texte document classement rappel moteur
D7788	algorithme inverse pertinent rappel texte indexation moteur resultat
D7789	rappel recherche web moteur information utilisateur terme indexation document
D7790	systeme terme precision texte information inverse document indexation recherche utilisateur pertinent algorithme
D7791	recherche moteur information web indexation texte document systeme
D7792	index precision utilisateur terme indexation requete information pertinent moteur rappel
D7793	precision terme resultat algorithme moteur web rappel pertinent document index systeme information
D7794	index rappel moteur pertinent precision
D7795	indexation recherche terme information moteur systeme texte resultat precision pertinent algorithme
D7796	indexation utilisateur systeme web algorithme terme classement inverse texte recherche collection
D7797	index utilisateur terme texte indexation
D7798	collection systeme terme moteur classement resultat
D7799	moteur pertinent texte algorithme collection rappel inverse indexation utilisateur
D7800	pertinent algorithme recherche requete terme moteur web utilisateur rappel
D7801	terme utilisateur classement precision moteur algorithme document rappel recherche systeme resultat
D7802	web texte document pertinent resultat systeme recherche classement inverse moteur utilisateur
D7803	recherche web document information moteur
D7804	index pertinent collection rappel web
D7805	resultat terme indexation pertinent web precision rappel utilisateur document algorithme moteur texte
D7806	collection recherche resultat web terme moteur inverse requete texte
D7807	terme collection inverse resultat classement indexation
D7808	utilisateur moteur terme precision recherche inverse
D7809	moteur indexation pertinent algorithme recherche texte rappel resultat inverse
D7810	web recherche algorithme pertinent utilisateur indexation document precision
D7811	inverse moteur pertinent utilisateur algorithme terme recherche
D7812	pertinent classement index terme inverse requete moteur systeme recherche
D7813	document precision utilisateur web algorithme recherche rappel resultat pertinent indexation information moteur
D7814	index systeme inverse pertinent rappel
D7815	texte information collection classement moteur rappel systeme recherche
D7816	index document algorithme collection web inverse classement systeme terme rappel pertinent requete
D7817	collection rappel moteur texte inverse recherche precision information systeme index web
D7818	index information systeme precision resultat
D7819	indexation texte index utilisateur recherche collection systeme moteur inverse
D7820	collection document terme texte inverse resultat algorithme web utilisateur systeme
D7821	rappel document indexation precision recherche utilisateur
D7822	algorithme document resultat classement recherche information
D7823	classement resultat pertinent algorithme terme index inverse
D7824	rappel resultat texte web pertinent document information collection inverse systeme
D7825	requete utilisateur pertinent collection texte indexation inverse moteur rappel
D7826	terme precision indexation utilisateur document pertinent classement requete information texte recherche collection
D7827	systeme collection algorithme precision requete terme moteur
D7828	resultat index terme indexation texte moteur recherche classement inverse information
D7829	algorithme document index pertinent information moteur rappel collection indexation
D7830	classement utilisateur information requete collection index moteur
D7831	requete index document indexation information pertinent systeme rappel algorithme precision
D7832	moteur algorithme requete resultat indexation utilisateur
D7833	texte inverse index resultat information precision terme
D7834	systeme collection pertinent document index
D7835	indexation moteur algorithme resultat web information
D7836	rappel requete moteur collection document information algorithme texte inverse systeme
D7837	indexation inverse pertinent terme index information collection
D7838	indexation classement collection algorithme recherche pertinent moteur precision
D7839	pertinent rappel document requete collection moteur systeme index algorithme terme inverse resultat
D7840	rappel resultat index pertinent classement collection
D7841	moteur algorithme classement web utilisateur document precision requete systeme terme
D7842	rappel terme pertinent moteur texte information inverse collection algorithme indexation requete
D7843	systeme moteur resultat utilisateur indexation terme precision recherche rappel texte pertinent
D7844	texte pertinent information moteur document rappel
D7845	pertinent classement information utilisateur recherche moteur
D7846	rappel classement inverse algorithme utilisateur requete recherche indexation document information systeme web
D7847	information classement inverse algorithme systeme terme precision
D7848	inverse pertinent web moteur terme requete information recherche systeme collection rappel
D7849	classement web systeme requete document terme index algorithme recherche texte moteur
D7850	rappel precision systeme utilisateur algorithme moteur terme document resultat indexation
D7851	requete precision algorithme texte utilisateur
D7852	inverse precision web utilisateur terme information document index indexation rappel
D7853	web systeme resultat inverse pertinent indexation rappel document algorithme moteur information precision
D7854	indexation document algorithme moteur texte requete information resultat
D7855	precision collection recherche texte index moteur indexation requete terme web classement
D7856	classement document recherche utilisateur collection terme index requete systeme texte algorithme web
D7857	utilisateur indexation systeme algorithme index precision rappel document
D7858	recherche systeme terme moteur collection information texte pertinent index document inverse rappel
D7859	rappel texte pertinent precision indexation information resultat terme moteur recherche
D7860	precision resultat requete moteur web information indexation terme systeme
D7861	pertinent indexation document texte moteur inverse algorithme resultat terme systeme collection rappel
D7862	recherche web pertinent rappel inverse
D7863	rappel collection moteur classement utilisateur texte resultat requete recherche document pertinent
D7864	collection indexation inverse terme requete precision algorithme utilisateur
D7865	inverse rappel index precision utilisateur algorithme recherche systeme moteur classement information
D7866	systeme precision pertinent terme algorithme indexation index information rappel utilisateur web
D7867	utilisateur classement terme pertinent recherche
D7868	indexation requete moteur terme algorithme index systeme classement utilisateur
D7869	index inverse terme classement document algorithme systeme requete
D7870	index precision requete rappel recherche algorithme collection moteur web inverse
D7871	moteur classement resultat systeme recherche utilisateur web document inverse collection information precision
D7872	recherche utilisateur texte requete information
D7873	systeme rappel pertinent classement inverse index information requete texte indexation precision terme
D7874	requete collection indexation pertinent texte moteur document
D7875	document pertinent precision information indexation
D7876	requete rappel terme moteur document collection information algorithme classement web
D7877	algorithme utilisateur web inverse index pertinent requete information collection precision
D7878	moteur resultat web information pertinent inverse algorithme recherche index
D7879	terme inverse index resultat information
D7880	systeme inverse texte algorithme web collection
D7881	document requete index web algorithme rappel systeme utilisateur resultat texte
D7882	collection utilisateur terme indexation document
D7883	algorithme indexation texte classement pertinent
D7884	terme rappel requete recherche utilisateur texte inverse
D7885	information precision inverse recherche resultat pertinent indexation moteur index algorithme terme
D7886	algorithme resultat requete information classement texte web index rappel indexation systeme moteur
D7887	systeme moteur terme rappel inverse pertinent algorithme requete texte
D7888	algorithme terme utilisateur web information recherche document precision resultat systeme rappel
D7889	web requete texte collection index information precision systeme inverse terme indexation utilisateur
D7890	moteur classement requete systeme index pertinent precision terme information document rappel
D7891	utilisateur inverse classement recherche algorithme rappel indexation document
D7892	systeme web precision collection classement indexation pertinent utilisateur information index texte
D7893	index requete texte inverse precision document
D7894	texte systeme document algorithme index utilisateur requete moteur web information terme inverse
D7895	moteur terme pertinent indexation algorithme inverse systeme
D7896	collection index indexation utilisateur web terme
D7897	texte inverse precision pertinent recherche
D7898	collection requete indexation information texte recherche utilisateur terme web pertinent
D7899	information systeme classement requete index indexation texte recherche rappel algorithme inverse
D7900	indexation index precision moteur information inverse systeme classement texte pertinent rappel requete
D7901	terme resultat web pertinent recherche precision document classement rappel collection moteur
D7902	pertinent classement inverse indexation document
D7903	systeme terme utilisateur index document classement moteur algorithme precision inverse
D7904	recherche systeme utilisateur algorithme rappel pertinent inverse requete information
D7905	document pertinent collection precision resultat rappel web algorithme index
D7906	web inverse requete information collection
D7907	index information algorithme collection resultat document
D7908	algorithme collection index indexation resultat utilisateur information requete
D7909	inverse systeme pertinent web classement information index
D7910	systeme algorithme web document resultat texte indexation
D7911	rappel document utilisateur systeme moteur terme collection pertinent texte
D7912	moteur pertinent terme texte information document algorithme rappel precision resultat
D7913	classement utilisateur texte precision systeme algorithme document inverse information
D7914	collection document inverse resultat information pertinent systeme indexation web utilisateur
D7915	systeme resultat rappel recherche classement requete terme moteur information inverse algorithme index
D7916	systeme inverse index web algorithme utilisateur moteur collection texte resultat terme indexation
D7917	indexation recherche moteur information index resultat systeme document precision algorithme rappel requete
D7918	pertinent requete web precision document systeme
D7919	inverse document index precision web pertinent terme classement
D7920	algorithme moteur index terme systeme collection classement utilisateur pertinent
D7921	pertinent information requete systeme resultat index document texte rappel indexation algorithme recherche
D7922	recherche document web requete information collection moteur systeme
D7923	systeme resultat texte moteur pertinent information requete web
D7924	web information requete inverse document
D7925	utilisateur precision moteur document pertinent algorithme
D7926	texte moteur requete utilisateur document
D7927	recherche document web rappel utilisateur terme information indexation systeme classement
D7928	classement terme texte precision document information algorithme pertinent moteur rappel
D7929	terme inverse indexation algorithme pertinent moteur
D7930	systeme moteur precision algorithme indexation pertinent classement collection
D7931	inverse requete classement indexation web document collection moteur systeme information utilisateur
D7932	algorithme pertinent web terme indexation inverse precision resultat
D7933	recherche rappel classement moteur requete resultat systeme pertinent
D7934	utilisateur precision information recherche indexation terme classement resultat moteur algorithme index
D7935	texte resultat web collection document inverse classement algorithme precision
D7936	terme inverse indexation pertinent moteur precision systeme index rappel collection texte classement
D7937	pertinent requete index recherche precision information collection indexation utilisateur
D7938	index rappel indexation requete recherche
D7939	information algorithme indexation moteur inverse texte precision pertinent
D7940	requete utilisateur collection texte web pertinent recherche algorithme terme classement index
D7941	algorithme terme rappel information utilisateur texte classement moteur recherche index systeme
D7942	utilisateur web collection document terme inverse information resultat classement
D7943	inverse information recherche moteur index texte precision
D7944	rappel requete utilisateur terme precision texte recherche
D7945	utilisateur indexation precision moteur recherche pertinent collection inverse systeme terme rappel web
D7946	information recherche document algorithme terme
D7947	precision algorithme classement rappel information pertinent collection index moteur utilisateur texte
D7948	utilisateur moteur algorithme pertinent texte systeme index terme requete
D7949	precision web classement resultat inverse algorithme moteur
D7950	systeme web index collection classement document resultat texte terme pertinent
D7951	terme moteur texte information collection classement
D7952	algorithme utilisateur rappel document terme inverse indexation requete information recherche classement collection
D7953	utilisateur systeme resultat collection document classement moteur indexation inverse pertinent
D7954	algorithme rappel requete precision information collection recherche document web terme pertinent texte
D7955	information resultat precision texte document inverse requete collection pertinent classement terme indexation
D7956	systeme pertinent collection rappel resultat
D7957	indexation systeme moteur algorithme inverse collection document index
D7958	document resultat collection utilisateur moteur
D7959	systeme precision algorithme index indexation recherche utilisateur web terme information document
D7960	moteur index utilisateur algorithme information collection precision classement resultat
D7961	terme texte classement moteur resultat requete indexation inverse pertinent
D7962	moteur index utilisateur rappel classement
D7963	document requete texte classement inverse pertinent terme utilisateur collection recherche rappel systeme
D7964	inverse resultat information pertinent index web
D7965	classement requete recherche index pertinent precision utilisateur
D7966	classement requete inverse algorithme document precision resultat information indexation
D7967	web collection document algorithme information rappel classement requete index moteur indexation texte
D7968	document algorithme utilisateur pertinent collection information inverse
D7969	inverse precision web document recherche requete indexation moteur classement terme pertinent
D7970	index moteur collection inverse rappel
D7971	terme algorithme collection index resultat document recherche texte rappel indexation
D7972	recherche systeme web utilisateur moteur algorithme precision document texte indexation rappel
D7973	inverse web resultat information rappel texte algorithme precision recherche index collection classement
D7974	inverse recherche systeme moteur indexation pertinent
D7975	inverse collection utilisateur systeme index algorithme precision
D7976	terme index web systeme texte recherche classement document algorithme
D7977	utilisateur pertinent indexation document texte algorithme requete precision moteur rappel systeme index
D7978	indexation inverse classement moteur requete collection rappel
D7979	index algorithme web information texte collection recherche classement inverse
D7980	algorithme document recherche collection pertinent indexation terme rappel
D7981	document information precision systeme web texte classement indexation pertinent resultat utilisateur requete
D7982	document collection index moteur information algorithme utilisateur systeme requete pertinent
D7983	inverse requete moteur algorithme terme recherche collection information indexation document
D7984	information web requete precision algorithme
D7985	terme resultat algorithme index indexation moteur
D7986	systeme texte requete indexation web pertinent algorithme rappel utilisateur terme collection
D7987	precision recherche pertinent indexation web index utilisateur collection classement rappel algorithme
D7988	terme utilisateur resultat texte requete
D7989	utilisateur requete systeme moteur indexation web algorithme
D7990	precision index moteur terme collection information
D7991	texte systeme document classement indexation web inverse
D7992	systeme resultat indexation pertinent inverse index utilisateur
D7993	rappel texte web recherche indexation
D7994	algorithme texte inverse document web indexation classement
D7995	pertinent indexation requete information utilisateur
D7996	index utilisateur pertinent classement web
D7997	systeme classement pertinent index algorithme
D7998	classement index precision texte utilisateur recherche moteur inverse resultat web document collection
D7999	texte utilisateur classement precision web pertinent indexation collection algorithme terme moteur
D8000	recherche document moteur rappel texte utilisateur precision information
D8001	inverse terme requete index pertinent rappel systeme texte recherche algorithme
D8002	information rappel indexation moteur document texte index classement collection algorithme
D8003	indexation systeme requete recherche utilisateur terme precision resultat
D8004	utilisateur algorithme index precision inverse moteur information rappel document pertinent collection indexation
D8005	precision classement requete utilisateur recherche document systeme
D8006	index systeme moteur rappel classement algorithme
D8007	index algorithme indexation pertinent precision
D8008	terme precision information texte requete pertinent systeme classement indexation collection rappel
D8009	systeme algorithme precision web texte collection pertinent
D8010	precision recherche terme systeme inverse texte
D8011	systeme resultat texte recherche utilisateur
D8012	index terme recherche classement precision pertinent collection information requete web indexation
D8013	resultat systeme collection inverse index indexation utilisateur terme
D8014	information algorithme terme inverse index resultat document rappel moteur
D8015	index terme recherche texte utilisateur web moteur pertinent
D8016	precision recherche indexation terme requete inverse collection information
D8017	classement rappel recherche texte precision moteur systeme
D8018	rappel collection web classement texte requete utilisateur document index
D8019	terme pertinent moteur classement information collection precision web requete algorithme
D8020	information texte inverse classement recherche algorithme collection terme web indexation resultat
D8021	collection web terme pertinent rappel moteur classement information resultat
D8022	inverse rappel web document utilisateur indexation recherche
D8023	pertinent inverse rappel indexation moteur texte precision resultat requete
D8024	requete information document recherche pertinent terme
D8025	algorithme recherche collection information utilisateur rappel
D8026	indexation rappel pertinent web utilisateur systeme requete collection texte
D8027	precision pertinent information texte inverse
D8028	collection pertinent classement moteur texte algorithme precision systeme web indexation
D8029	web collection rappel indexation utilisateur inverse index requete document precision
D8030	collection algorithme classement moteur precision recherche indexation resultat information
D8031	texte recherche algorithme moteur web requete
D8032	algorithme web classement resultat rappel index collection information utilisateur
D8033	information moteur resultat texte inverse classement rappel
D8034	collection systeme resultat utilisateur inverse information terme web precision pertinent
D8035	texte resultat document rappel systeme precision classement indexation pertinent web algorithme
D8036	systeme inverse rappel texte indexation web utilisateur
D8037	rappel classement index resultat terme utilisateur
D8038	resultat moteur classement collection pertinent rappel information texte
D8039	precision texte moteur recherche classement information pertinent requete utilisateur rappel
D8040	resultat rappel terme utilisateur information inverse precision moteur indexation pertinent web algorithme
D8041	document pertinent indexation index web moteur classement precision collection
D8042	rappel terme information texte precision inverse collection
D8043	recherche texte requete resultat utilisateur systeme collection
D8044	collection recherche inverse classement terme algorithme information systeme index resultat
D8045	collection classement information requete algorithme precision web inverse terme rappel
D8046	inverse classement indexation algorithme systeme rappel precision
D8047	precision collection web requete moteur utilisateur index indexation pertinent resultat terme
D8048	systeme terme utilisateur classement document
D8049	resultat requete pertinent web precision inverse moteur collection classement algorithme utilisateur index
D8050	terme pertinent web recherche precision requete
D8051	requete utilisateur index collection inverse
D8052	pertinent recherche information web classement algorithme texte collection inverse terme
D8053	recherche inverse requete collection algorithme systeme resultat terme precision classement pertinent
D8054	document collection moteur classement requete texte terme systeme algorithme
D8055	moteur rappel pertinent inverse index recherche
D8056	inverse precision information pertinent rappel requete systeme collection indexation
D8057	resultat utilisateur pertinent indexation web recherche systeme document
D8058	resultat requete terme precision texte information web algorithme utilisateur rappel moteur
D8059	recherche texte moteur utilisateur resultat requete document
D8060	indexation rappel moteur collection index
D8061	collection terme moteur rappel recherche indexation pertinent texte requete precision systeme
D8062	inverse recherche indexation collection pertinent
D8063	resultat pertinent texte document terme collection moteur index inverse precision
D8064	systeme recherche utilisateur rappel pertinent requete indexation terme
D8065	resultat document algorithme index precision
D8066	document requete web inverse collection moteur precision index indexation algorithme
D8067	rappel systeme terme utilisateur resultat index document recherche classement
D8068	utilisateur precision texte classement index inverse recherche terme
D8069	pertinent classement texte systeme algorithme web moteur
D8070	moteur web utilisateur document classement precision texte terme
D8071	collection systeme pertinent utilisateur algorithme requete texte
D8072	recherche pertinent rappel indexation systeme utilisateur information classement web texte
D8073	texte inverse information recherche pertinent utilisateur resultat
D8074	resultat inverse requete algorithme utilisateur
D8075	index information web recherche resultat
D8076	document rappel resultat indexation classement recherche pertinent moteur precision algorithme collection requete
D8077	information indexation requete rappel texte terme classement
D8078	index classement utilisateur indexation moteur precision inverse web rappel
D8079	recherche utilisateur moteur pertinent requete indexation precision classement
D8080	index inverse indexation document systeme collection recherche
D8081	algorithme index rappel texte indexation document
D8082	resultat indexation inverse terme web information systeme utilisateur moteur pertinent index
D8083	utilisateur classement terme texte moteur systeme
D8084	rappel systeme moteur inverse collection indexation pertinent information requete terme algorithme utilisateur
D8085	texte information utilisateur precision index indexation classement pertinent moteur
D8086	pertinent web rappel precision information classement algorithme inverse texte resultat recherche requete
D8087	systeme texte collection requete information index indexation recherche algorithme document pertinent
D8088	texte utilisateur document algorithme information inverse resultat classement moteur rappel
D8089	recherche terme utilisateur inverse algorithme collection
D8090	index resultat pertinent precision inverse collection
D8091	algorithme classement moteur rappel pertinent recherche collection requete resultat
D8092	resultat rappel collection precision terme utilisateur texte classement systeme information algorithme document
D8093	pertinent resultat web rappel information algorithme systeme
D8094	requete classement precision web moteur index algorithme resultat
D8095	texte pertinent terme information document requete
D8096	recherche terme systeme inverse algorithme rappel web collection utilisateur resultat precision
D8097	document pertinent requete recherche resultat index inverse precision algorithme moteur web
D8098	information precision moteur texte index
D8099	utilisateur web systeme texte moteur document terme indexation recherche algorithme inverse classement
D8100	web indexation document inverse index collection terme algorithme utilisateur pertinent recherche information
D8101	precision requete resultat information rappel systeme utilisateur web document indexation inverse
D8102	pertinent systeme resultat document requete moteur web collection recherche algorithme
D8103	indexation rappel resultat terme texte inverse pertinent collection information
D8104	information pertinent resultat texte precision recherche
D8105	resultat document moteur web algorithme indexation rappel
D8106	systeme precision collection texte document
D8107	inverse algorithme index utilisateur pertinent
D8108	information inverse index utilisateur terme
D8109	algorithme index pertinent classement utilisateur collection document web
D8110	web collection precision pertinent document indexation
D8111	algorithme document index texte resultat terme requete classement utilisateur indexation pertinent inverse
D8112	rappel information texte inverse systeme terme requete
D8113	requete precision document classement indexation utilisateur inverse
D8114	index document algorithme terme indexation classement
D8115	rappel utilisateur index requete indexation
D8116	pertinent indexation systeme algorithme precision utilisateur
D8117	requete collection utilisateur resultat information terme
D8118	utilisateur inverse index indexation document classement precision systeme collection web
D8119	index moteur requete utilisateur systeme collection precision document texte
D8120	resultat precision pertinent recherche terme
D8121	rappel algorithme systeme requete information
D8122	texte resultat indexation inverse index classement
D8123	collection pertinent information resultat index requete indexation rappel
D8124	index utilisateur systeme collection web inverse texte algorithme moteur information
D8125	utilisateur recherche systeme web pertinent inverse moteur indexation texte index
D8126	classement rappel information pertinent systeme algorithme collection indexation
D8127	inverse recherche algorithme texte index moteur
D8128	algorithme web pertinent indexation precision
D8129	moteur inverse texte pertinent precision indexation algorithme utilisateur web collection index
D8130	moteur index resultat precision terme recherche inverse utilisateur collection
D8131	utilisateur resultat collection rappel indexation
D8132	recherche inverse index terme systeme information document pertinent
D8133	algorithme recherche information pertinent precision collection document
D8134	systeme inverse requete pertinent collection terme rappel document texte
D8135	indexation document collection algorithme pertinent recherche
D8136	systeme rappel terme information texte
D8137	collection inverse terme texte pertinent systeme moteur recherche precision requete information
D8138	collection moteur rappel texte recherche index requete utilisateur document
D8139	classement utilisateur requete systeme recherche resultat
D8140	requete terme indexation moteur utilisateur classement resultat precision algorithme web systeme inverse
D8141	inverse algorithme pertinent texte recherche classement systeme index utilisateur moteur information
D8142	terme rappel resultat recherche document indexation classement utilisateur algorithme precision index
D8143	terme utilisateur pertinent web resultat requete systeme indexation
D8144	recherche requete utilisateur terme texte inverse classement indexation
D8145	rappel texte inverse moteur utilisateur algorithme
D8146	index terme recherche collection document web information classement
D8147	requete precision pertinent texte moteur index collection algorithme utilisateur systeme indexation document
D8148	terme web algorithme recherche systeme
D8149	moteur document resultat requete texte indexation index pertinent
D8150	collection web information indexation resultat terme index
D8151	systeme resultat web document inverse requete
D8152	recherche moteur information classement utilisateur systeme
D8153	rappel algorithme inverse web terme classement collection
D8154	information inverse document recherche terme
D8155	rappel systeme indexation terme requete web document resultat recherche classement index algorithme
D8156	information resultat classement utilisateur texte recherche document
D8157	web inverse classement precision document information systeme collection terme texte
D8158	algorithme information resultat moteur rappel pertinent document terme requete indexation texte
D8159	resultat algorithme classement requete precision collection web recherche rappel indexation document utilisateur
D8160	document precision moteur resultat rappel index texte recherche algorithme indexation inverse
D8161	precision indexation web classement moteur requete document systeme information utilisateur inverse
D8162	precision information requete indexation classement rappel terme utilisateur document systeme texte
D8163	resultat moteur utilisateur pertinent collection algorithme information terme indexation inverse web
D8164	web indexation texte rappel resultat systeme document precision requete utilisateur classement algorithme
D8165	web collection terme rappel document moteur index indexation utilisateur algorithme requete pertinent
D8166	requete index information collection inverse document
D8167	rappel algorithme inverse pertinent collection terme
D8168	information terme precision texte collection moteur requete pertinent
D8169	precision rappel information web classement algorithme utilisateur resultat
D8170	utilisateur indexation collection document web systeme inverse rappel algorithme terme index resultat
D8171	pertinent resultat collection moteur utilisateur web algorithme terme recherche classement inverse indexation
D8172	pertinent inverse algorithme requete classement moteur terme web utilisateur indexation recherche
D8173	utilisateur systeme document collection information
D8174	web information index recherche classement
D8175	inverse texte systeme requete algorithme information indexation collection index
D8176	rappel precision classement index utilisateur web recherche terme moteur requete
D8177	systeme inverse rappel requete document pertinent algorithme recherche web precision collection
D8178	inverse index information document requete
D8179	pertinent precision moteur texte information index
D8180	texte precision indexation document classement
D8181	web requete texte classement recherche rappel indexation inverse moteur document precision systeme
D8182	information rappel systeme recherche algorithme
D8183	precision moteur web recherche texte document
D8184	pertinent systeme recherche texte classement
D8185	systeme information algorithme utilisateur indexation
D8186	moteur web algorithme inverse requete indexation index systeme
D8187	information requete systeme classement utilisateur texte document terme indexation precision
D8188	moteur recherche indexation document inverse utilisateur terme
D8189	moteur recherche classement web requete terme precision pertinent indexation utilisateur
D8190	moteur collection web pertinent index algorithme rappel inverse
D8191	pertinent terme resultat classement utilisateur
D8192	document web algorithme moteur pertinent precision collection indexation rappel
D8193	precision requete classement document web terme texte resultat utilisateur
D8194	web pertinent classement terme texte requete document precision
D8195	rappel document requete pertinent collection indexation terme recherche information web moteur
D8196	resultat recherche algorithme utilisateur rappel web information inverse pertinent terme
D8197	resultat terme document pertinent indexation requete algorithme index
D8198	inverse pertinent precision rappel index utilisateur
D8199	terme resultat information document web recherche rappel index classement systeme
D8200	algorithme utilisateur indexation collection inverse rappel texte document resultat pertinent
D8201	recherche utilisateur moteur systeme texte indexation algorithme web classement resultat rappel collection
D8202	rappel recherche terme moteur precision
D8203	terme utilisateur web index recherche requete
D8204	systeme classement algorithme moteur terme information requete web
D8205	index rappel terme inverse utilisateur web classement information
D8206	indexation texte inverse web utilisateur
D8207	collection utilisateur requete classement recherche inverse indexation web
D8208	collection index rappel indexation moteur pertinent terme systeme classement
D8209	algorithme pertinent resultat information terme
D8210	utilisateur index precision moteur web inverse requete document classement texte resultat indexation
D8211	texte precision information resultat document recherche web indexation rappel pertinent collection moteur
D8212	algorithme indexation inverse index texte collection terme pertinent moteur systeme requete
D8213	indexation inverse texte algorithme rappel document requete systeme collection web moteur terme
D8214	pertinent requete collection classement rappel algorithme
D8215	inverse rappel web precision recherche indexation classement collection systeme moteur resultat information
D8216	terme indexation utilisateur resultat document requete
D8217	document recherche information algorithme index precision resultat pertinent indexation terme systeme inverse
D8218	pertinent resultat indexation precision texte systeme document moteur utilisateur classement
D8219	precision inverse web information systeme resultat document utilisateur requete moteur indexation texte
D8220	precision document utilisateur texte pertinent inverse web
D8221	classement recherche document pertinent index requete resultat
D8222	moteur pertinent classement systeme inverse index recherche resultat utilisateur texte terme requete
D8223	requete rappel classement utilisateur inverse information algorithme pertinent texte
D8224	moteur recherche web indexation requete collection classement
D8225	resultat indexation systeme utilisateur index
D8226	precision collection texte index moteur requete inverse algorithme classement pertinent
D8227	moteur information terme recherche indexation systeme precision utilisateur web
D8228	information rappel index utilisateur collection recherche pertinent inverse web indexation
D8229	systeme indexation texte algorithme terme
D8230	web document classement collection algorithme indexation systeme
D8231	document precision rappel moteur indexation resultat terme requete inverse
D8232	information moteur document index web
D8233	index algorithme indexation systeme moteur resultat
D8234	algorithme precision resultat requete utilisateur indexation information document
D8235	resultat web recherche systeme algorithme index rappel
D8236	texte utilisateur algorithme moteur recherche resultat inverse classement web collection information pertinent
D8237	algorithme moteur inverse rappel document classement requete utilisateur texte web
D8238	pertinent document precision web recherche indexation moteur algorithme systeme information
D8239	indexation texte moteur collection resultat rappel
D8240	texte systeme classement utilisateur algorithme collection indexation web recherche
D8241	resultat terme document requete inverse moteur rappel indexation systeme precision
D8242	terme recherche rappel collection document information indexation
D8243	algorithme requete resultat collection recherche terme moteur index indexation
D8244	requete indexation terme utilisateur moteur document texte systeme
D8245	inverse moteur web recherche indexation
D8246	utilisateur rappel recherche terme resultat systeme index collection precision requete inverse pertinent
D8247	collection indexation information pertinent resultat index web rappel
D8248	information resultat web index systeme document
D8249	web collection inverse algorithme document requete systeme utilisateur resultat indexation rappel
D8250	resultat indexation document requete texte precision
D8251	inverse rappel collection algorithme pertinent terme indexation
D8252	recherche algorithme inverse requete texte index
D8253	inverse information precision recherche requete classement terme rappel resultat algorithme document systeme
D8254	classement requete web recherche information systeme texte
D8255	document collection web rappel inverse terme
D8256	document recherche precision requete collection indexation
D8257	systeme index inverse precision pertinent resultat document moteur recherche information texte rappel
D8258	texte algorithme systeme requete precision index information indexation utilisateur web recherche
D8259	utilisateur terme indexation resultat pertinent inverse
D8260	recherche requete index pertinent document precision algorithme inverse
D8261	recherche algorithme index document systeme collection rappel resultat information inverse
D8262	terme collection classement pertinent rappel inverse resultat document
D8263	web texte utilisateur information document algorithme
D8264	indexation terme algorithme index requete systeme moteur inverse utilisateur texte document
D8265	precision index classement moteur terme
D8266	web pertinent texte index classement terme indexation recherche information moteur
D8267	information indexation classement recherche inverse index
D8268	texte collection classement systeme document algorithme terme precision recherche
D8269	moteur classement indexation index algorithme web rappel systeme pertinent resultat
D8270	classement systeme rappel information pertinent indexation document index terme
D8271	classement utilisateur rappel texte index
D8272	precision systeme index classement requete inverse utilisateur information collection terme
D8273	texte terme document utilisateur precision moteur indexation recherche pertinent rappel collection
D8274	moteur requete precision pertinent algorithme web
D8275	classement requete moteur terme pertinent indexation texte
D8276	terme utilisateur systeme moteur classement pertinent inverse collection document recherche precision
D8277	web precision index requete indexation moteur
D8278	precision terme recherche utilisateur information rappel
D8279	recherche texte classement systeme rappel index document moteur precision requete web
D8280	index information recherche indexation classement pertinent resultat requete
D8281	moteur rappel indexation terme classement recherche web document collection index
D8282	indexation document rappel systeme collection inverse web information precision resultat terme pertinent
D8283	classement terme inverse texte rappel utilisateur
D8284	rappel texte information inverse algorithme systeme web requete moteur pertinent utilisateur index
D8285	indexation algorithme precision index rappel classement utilisateur
D8286	algorithme terme resultat pertinent classement requete
D8287	recherche information index systeme collection rappel moteur web
D8288	terme rappel texte classement utilisateur requete
D8289	rappel resultat terme index precision texte information
D8290	systeme recherche moteur document terme collection inverse pertinent
D8291	recherche rappel index web pertinent precision collection
D8292	indexation moteur precision classement utilisateur inverse pertinent information texte recherche rappel
D8293	information utilisateur precision pertinent web systeme resultat
D8294	inverse web indexation collection classement texte terme recherche
D8295	collection rappel web classement pertinent utilisateur
D8296	collection indexation web inverse recherche document terme index texte utilisateur requete
D8297	index moteur resultat systeme web
D8298	texte indexation recherche document index inverse moteur information precision requete pertinent
D8299	resultat collection texte classement index rappel
D8300	information rappel indexation moteur recherche web collection precision inverse terme
D8301	recherche pertinent moteur requete systeme web inverse rappel
D8302	requete pertinent rappel index precision indexation classement
D8303	moteur recherche classement document algorithme information systeme collection inverse pertinent web precision
D8304	indexation systeme information precision collection requete terme recherche utilisateur texte rappel algorithme
D8305	resultat utilisateur rappel precision web document
D8306	recherche web rappel algorithme classement pertinent index
D8307	inverse rappel requete document collection precision pertinent indexation utilisateur
D8308	information moteur systeme document texte collection classement
D8309	collection pertinent systeme document resultat moteur inverse web precision algorithme classement
D8310	web texte systeme utilisateur resultat precision requete terme
D8311	web terme recherche index inverse indexation rappel moteur precision
D8312	pertinent terme moteur resultat texte
D8313	information texte systeme inverse rappel precision web indexation collection requete
D8314	web index systeme inverse moteur rappel resultat document utilisateur collection
D8315	systeme requete terme classement texte pertinent
D8316	index inverse classement document indexation pertinent systeme resultat recherche
D8317	pertinent inverse resultat rappel information index classement utilisateur requete algorithme collection
D8318	document rappel resultat systeme web
D8319	algorithme systeme index requete document recherche indexation web rappel inverse classement
D8320	moteur resultat requete systeme information algorithme terme web inverse
D8321	indexation resultat pertinent algorithme document rappel inverse systeme index
D8322	rappel web resultat pertinent requete algorithme precision index moteur
D8323	texte document resultat terme recherche rappel requete web
D8324	recherche information moteur collection pertinent resultat requete web document texte algorithme index
D8325	indexation terme inverse rappel requete
D8326	document pertinent recherche indexation precision rappel information algorithme utilisateur
D8327	document web recherche moteur precision resultat requete
D8328	resultat recherche classement indexation web pertinent systeme document
D8329	inverse information recherche moteur index document requete collection
D8330	indexation pertinent moteur requete recherche classement index document texte rappel
D8331	classement utilisateur precision texte information recherche
D8332	requete algorithme precision rappel indexation moteur inverse collection index utilisateur recherche
D8333	algorithme recherche indexation resultat texte utilisateur collection
D8334	requete terme information indexation recherche
D8335	web moteur resultat indexation classement document systeme
D8336	index algorithme precision systeme classement moteur indexation pertinent inverse resultat
D8337	document indexation texte requete information
D8338	web utilisateur index moteur recherche rappel texte indexation algorithme pertinent
D8339	moteur requete precision inverse indexation rappel
D8340	texte terme utilisateur algorithme resultat
D8341	requete rappel terme systeme pertinent classement web document
D8342	web texte document systeme indexation precision classement rappel
D8343	information rappel document resultat index terme collection pertinent
D8344	systeme utilisateur terme moteur recherche precision indexation texte document
D8345	moteur information collection indexation web terme inverse pertinent requete
D8346	resultat texte pertinent inverse rappel
D8347	texte inverse terme utilisateur information recherche systeme document web resultat collection index
D8348	rappel systeme web collection pertinent document inverse precision recherche indexation algorithme texte
D8349	classement index recherche inverse indexation resultat rappel
D8350	recherche information index systeme document
D8351	information rappel systeme algorithme indexation web
D8352	pertinent recherche index precision classement requete information
D8353	pertinent utilisateur systeme resultat indexation index classement moteur recherche information
D8354	indexation utilisateur moteur collection precision systeme pertinent requete inverse recherche algorithme
D8355	algorithme document terme utilisateur indexation systeme collection web recherche classement requete pertinent
D8356	precision inverse classement document collection resultat requete
D8357	terme utilisateur requete texte index document moteur resultat web classement systeme recherche
D8358	classement indexation requete precision rappel document resultat recherche utilisateur
D8359	recherche pertinent utilisateur inverse algorithme
D8360	document web information resultat recherche
D8361	resultat information requete inverse recherche document moteur algorithme utilisateur pertinent indexation
D8362	precision recherche collection requete indexation
D8363	inverse collection classement utilisateur document indexation information requete
D8364	inverse requete indexation precision pertinent rappel
D8365	requete resultat inverse recherche terme pertinent
D8366	algorithme systeme pertinent collection terme web inverse document requete resultat index precision
D8367	pertinent precision systeme web moteur collection requete document index
D8368	index texte moteur requete inverse terme
D8369	pertinent algorithme document resultat index collection texte utilisateur indexation
D8370	moteur algorithme collection utilisateur requete rappel resultat recherche
D8371	terme requete texte inverse moteur information algorithme document precision recherche
D8372	texte moteur web rappel pertinent
D8373	rappel utilisateur algorithme classement web
D8374	classement systeme precision rappel texte
D8375	precision web classement utilisateur index pertinent resultat
D8376	moteur terme rappel precision information systeme utilisateur algorithme index document
D8377	indexation collection terme recherche inverse algorithme information texte systeme pertinent
D8378	index document systeme algorithme rappel indexation web precision information moteur
D8379	classement terme document resultat requete pertinent texte web information utilisateur
D8380	web moteur document resultat inverse information algorithme
D8381	resultat indexation web collection utilisateur document algorithme requete terme index
D8382	recherche pertinent requete texte algorithme information index systeme rappel resultat precision
D8383	utilisateur terme indexation collection systeme algorithme web requete index information rappel recherche
D8384	terme pertinent document information recherche web resultat algorithme classement index
D8385	collection utilisateur classement document information indexation
D8386	rappel resultat information inverse algorithme systeme pertinent texte classement collection utilisateur moteur
D8387	resultat document information rappel index classement web
D8388	web recherche systeme index moteur requete collection rappel inverse utilisateur resultat
D8389	collection algorithme requete terme web systeme
D8390	texte algorithme terme rappel pertinent
D8391	indexation requete systeme classement terme precision recherche utilisateur web information
D8392	pertinent terme index texte requete moteur precision systeme information rappel document
D8393	recherche systeme inverse algorithme precision moteur terme indexation
D8394	information precision indexation index terme recherche web
D8395	precision rappel systeme inverse document information moteur utilisateur index pertinent requete
D8396	classement web rappel requete precision moteur information terme document algorithme utilisateur
D8397	classement information texte moteur precision terme
D8398	classement rappel utilisateur moteur web collection
D8399	index moteur recherche rappel systeme
D8400	indexation pertinent terme utilisateur moteur
D8401	systeme utilisateur moteur precision inverse texte algorithme collection requete information
D8402	moteur pertinent information terme classement web
D8403	document indexation requete rappel moteur
D8404	texte recherche moteur terme web inverse pertinent document
D8405	systeme pertinent resultat algorithme indexation precision collection
D8406	information terme algorithme utilisateur recherche precision pertinent
D8407	inverse texte precision web pertinent moteur requete recherche classement
D8408	texte web collection systeme index
D8409	recherche information inverse precision classement
D8410	terme web resultat texte document pertinent moteur classement requete precision
D8411	index requete algorithme inverse recherche collection moteur precision
D8412	utilisateur indexation classement moteur recherche algorithme
D8413	index collection utilisateur pertinent rappel classement
D8414	web pertinent document rappel moteur requete
D8415	moteur terme web document texte rappel precision pertinent resultat
D8416	rappel web moteur collection document algorithme pertinent inverse texte classement precision
D8417	systeme recherche collection rappel precision utilisateur algorithme requete moteur terme texte
D8418	pertinent recherche index requete utilisateur rappel classement moteur
D8419	information resultat utilisateur precision indexation recherche rappel inverse
D8420	precision document moteur resultat recherche systeme texte information terme algorithme collection
D8421	systeme algorithme collection document information web resultat index precision utilisateur moteur
D8422	moteur recherche collection indexation algorithme web pertinent classement index
D8423	classement pertinent moteur systeme collection precision algorithme web terme rappel
D8424	rappel recherche document index web
D8425	utilisateur algorithme systeme classement requete
D8426	pertinent requete indexation terme algorithme collection resultat
D8427	resultat pertinent rappel recherche utilisateur indexation inverse
D8428	algorithme indexation systeme web rappel classement precision requete collection moteur inverse
D8429	classement moteur pertinent systeme web
D8430	systeme information collection inverse algorithme moteur resultat texte pertinent classement
D8431	utilisateur information texte inverse collection systeme recherche precision web classement resultat rappel
D8432	information resultat inverse rappel classement pertinent indexation systeme recherche
D8433	algorithme index systeme document web
D8434	algorithme precision terme document requete collection index utilisateur
D8435	texte systeme algorithme inverse document terme requete utilisateur
D8436	information algorithme pertinent precision recherche
D8437	inverse indexation pertinent precision collection information moteur terme resultat utilisateur systeme rappel
D8438	precision texte information resultat document inverse algorithme collection systeme
D8439	utilisateur collection recherche classement algorithme resultat precision index requete terme
D8440	rappel recherche utilisateur classement precision resultat collection systeme algorithme web information
D8441	rappel systeme collection resultat precision classement information utilisateur
D8442	inverse indexation document pertinent classement recherche
D8443	algorithme utilisateur texte rappel precision information web moteur terme inverse
D8444	algorithme index precision moteur texte utilisateur rappel requete information pertinent terme indexation
D8445	algorithme collection requete information recherche indexation systeme
D8446	terme inverse recherche utilisateur moteur resultat information classement collection
D8447	document web algorithme collection pertinent requete utilisateur rappel
D8448	recherche index texte requete information document utilisateur precision classement
D8449	precision classement rappel index systeme document algorithme resultat information recherche terme
D8450	rappel terme precision requete classement document utilisateur information
D8451	collection pertinent terme indexation algorithme utilisateur requete texte classement index
D8452	index recherche rappel document resultat precision collection
D8453	recherche classement web document moteur algorithme precision systeme resultat collection information
D8454	texte rappel moteur information classement document inverse terme utilisateur collection
D8455	algorithme requete information pertinent indexation index resultat document utilisateur
D8456	texte resultat requete information web indexation index collection
D8457	recherche indexation algorithme terme classement
D8458	inverse utilisateur index collection precision
D8459	requete pertinent classement texte information inverse utilisateur collection
D8460	texte classement inverse web pertinent resultat utilisateur indexation document recherche precision requete
D8461	texte inverse utilisateur classement resultat algorithme moteur information indexation
D8462	web index algorithme utilisateur precision resultat collection information classement
D8463	document indexation rappel recherche algorithme
D8464	utilisateur index requete moteur information resultat
D8465	requete precision information document terme indexation utilisateur inverse algorithme recherche resultat index
D8466	moteur indexation resultat document systeme collection index terme requete recherche
D8467	collection information algorithme texte resultat recherche requete pertinent precision web terme utilisateur
D8468	web algorithme resultat inverse index
D8469	precision classement systeme document resultat rappel pertinent
D8470	indexation rappel algorithme pertinent collection resultat web information precision index
D8471	precision classement pertinent recherche systeme document rappel
D8472	resultat recherche requete inverse document pertinent moteur indexation collection texte information index
D8473	precision systeme algorithme inverse indexation requete utilisateur web
D8474	pertinent information collection resultat terme moteur rappel utilisateur requete algorithme classement texte
D8475	systeme rappel document web precision
D8476	rappel algorithme systeme pertinent precision
D8477	precision pertinent utilisateur classement algorithme moteur systeme
D8478	information pertinent document terme utilisateur recherche precision texte algorithme
D8479	terme web information rappel resultat recherche indexation algorithme
D8480	recherche web moteur classement resultat information requete index
D8481	rappel index information pertinent resultat inverse algorithme document web recherche utilisateur
D8482	systeme moteur classement utilisateur collection pertinent inverse precision indexation
D8483	systeme web rappel indexation texte classement collection recherche algorithme index utilisateur
D8484	rappel recherche utilisateur pertinent resultat systeme terme
D8485	rappel systeme index information inverse pertinent indexation recherche texte resultat
D8486	texte systeme information rappel indexation web requete classement algorithme recherche pertinent resultat
D8487	resultat document recherche web classement pertinent texte information inverse
D8488	web resultat moteur inverse document recherche terme information
D8489	systeme utilisateur collection resultat rappel
D8490	inverse recherche pertinent indexation algorithme web
D8491	inverse recherche rappel document texte pertinent moteur requete information collection algorithme indexation
D8492	moteur resultat indexation terme algorithme
D8493	indexation web document terme utilisateur texte pertinent index information rappel inverse algorithme
D8494	rappel collection systeme moteur utilisateur pertinent precision requete document algorithme
D8495	precision terme resultat texte indexation
D8496	texte indexation inverse document web collection information systeme
D8497	terme recherche moteur utilisateur systeme web indexation texte
D8498	terme texte precision resultat information requete rappel
D8499	texte index collection classement moteur
D8500	information collection utilisateur document inverse classement web
D8501	rappel indexation pertinent algorithme resultat information index
D8502	inverse pertinent texte terme information recherche rappel index requete
D8503	document systeme web information indexation terme recherche collection precision
D8504	moteur pertinent systeme collection utilisateur texte resultat
D8505	moteur inverse precision resultat utilisateur requete web systeme rappel classement pertinent index
D8506	moteur indexation terme information pertinent
D8507	collection resultat rappel document index inverse systeme moteur
D8508	pertinent utilisateur document terme classement recherche algorithme
D8509	moteur pertinent information requete texte classement recherche indexation utilisateur precision
D8510	texte pertinent algorithme recherche utilisateur web moteur
D8511	web pertinent utilisateur requete index moteur recherche indexation systeme information algorithme classement
D8512	systeme utilisateur collection resultat terme texte
D8513	collection indexation inverse terme systeme texte requete utilisateur rappel
D8514	algorithme terme collection recherche rappel web indexation
D8515	requete document pertinent recherche classement terme web
D8516	terme utilisateur recherche indexation precision algorithme
D8517	utilisateur web texte indexation resultat document precision collection
D8518	rappel inverse collection requete systeme classement utilisateur web indexation
D8519	indexation web index utilisateur collection texte algorithme systeme terme recherche classement document
D8520	recherche resultat indexation texte algorithme precision requete document
D8521	texte document precision moteur terme utilisateur recherche rappel web index algorithme
D8522	algorithme utilisateur inverse systeme pertinent
D8523	moteur inverse recherche pertinent index
D8524	pertinent document inverse moteur texte
D8525	inverse rappel algorithme web utilisateur classement index precision
D8526	precision texte classement index requete collection rappel information indexation terme pertinent
D8527	indexation systeme document recherche requete pertinent
D8528	information terme web systeme requete texte pertinent index collection moteur algorithme
D8529	texte requete utilisateur moteur document collection information recherche index
D8530	recherche information collection index algorithme pertinent document precision terme classement indexation rappel
D8531	pertinent information requete recherche utilisateur moteur index resultat web systeme rappel classement
D8532	moteur precision utilisateur information document systeme collection
D8533	systeme classement information terme algorithme precision pertinent indexation requete
D8534	terme requete pertinent web inverse
D8535	precision indexation resultat collection information texte
D8536	web algorithme indexation pertinent terme
D8537	systeme recherche algorithme terme rappel collection index resultat
D8538	utilisateur precision pertinent resultat information rappel terme web algorithme recherche collection systeme
D8539	collection precision pertinent index recherche systeme information document web inverse classement moteur
D8540	algorithme terme resultat document precision pertinent moteur information recherche
D8541	systeme recherche web pertinent texte utilisateur information
D8542	index web document information algorithme inverse recherche resultat systeme utilisateur
D8543	classement recherche indexation terme pertinent web document inverse information texte precision
D8544	indexation texte rappel terme classement requete algorithme information
D8545	collection moteur precision utilisateur document
D8546	rappel web inverse document collection indexation precision terme resultat index systeme
D8547	classement rappel resultat recherche terme algorithme collection moteur information web index
D8548	systeme document algorithme collection index moteur recherche terme indexation rappel resultat
D8549	web systeme algorithme resultat rappel requete index
D8550	information resultat rappel indexation pertinent
D8551	recherche requete pertinent inverse classement utilisateur web collection terme index moteur
D8552	utilisateur algorithme classement information index
D8553	utilisateur pertinent recherche inverse document resultat information web
D8554	collection classement algorithme information document requete pertinent recherche terme systeme
D8555	precision utilisateur recherche systeme indexation texte moteur classement index rappel algorithme web
D8556	moteur recherche pertinent index information document texte web
D8557	index algorithme inverse collection requete recherche pertinent
D8558	resultat document inverse index requete systeme moteur rappel algorithme terme
D8559	rappel document moteur pertinent texte resultat terme collection indexation web inverse precision
D8560	document terme utilisateur texte information algorithme index web recherche inverse
D8561	web requete classement document moteur rappel pertinent resultat collection index algorithme
D8562	requete precision terme utilisateur resultat indexation information rappel
D8563	classement precision information recherche terme web requete pertinent document index
D8564	inverse texte information web systeme collection recherche rappel classement utilisateur requete document
D8565	information terme indexation classement inverse resultat
D8566	indexation rappel terme texte inverse resultat moteur systeme
D8567	document web systeme information texte indexation
D8568	terme pertinent index precision moteur resultat
D8569	indexation web moteur index texte classement systeme
D8570	requete texte information terme moteur recherche collection classement
D8571	terme moteur texte resultat document collection pertinent
D8572	document collection precision texte utilisateur resultat recherche classement moteur requete
D8573	document precision algorithme moteur systeme terme inverse requete recherche web index utilisateur
D8574	collection requete systeme precision recherche terme
D8575	pertinent precision resultat information recherche algorithme systeme index indexation rappel document
D8576	recherche document web index collection inverse precision
D8577	inverse texte utilisateur resultat indexation web
D8578	algorithme rappel collection texte requete document precision information systeme resultat
D8579	precision systeme terme index rappel web moteur
D8580	requete inverse information pertinent systeme document
D8581	resultat inverse texte index moteur indexation rappel web information systeme pertinent
D8582	information requete inverse recherche precision moteur
D8583	inverse document information rappel indexation classement utilisateur recherche moteur systeme
D8584	utilisateur classement web document resultat information pertinent indexation systeme texte
D8585	precision requete web pertinent classement document
D8586	classement document moteur resultat pertinent utilisateur precision algorithme inverse
D8587	utilisateur document rappel classement index web pertinent
D8588	index information web collection precision terme utilisateur texte
D8589	texte document inverse collection terme algorithme precision resultat recherche systeme classement rappel
D8590	pertinent classement resultat recherche information algorithme web document requete precision collection
D8591	terme document resultat indexation requete classement rappel collection utilisateur web
D8592	inverse pertinent document precision web requete algorithme indexation
D8593	information collection moteur terme texte classement rappel recherche algorithme
D8594	recherche terme texte utilisateur index resultat document precision systeme collection requete
D8595	recherche algorithme document terme classement precision rappel inverse indexation systeme
D8596	inverse web indexation moteur rappel algorithme texte document classement recherche collection
D8597	precision texte terme index document classement pertinent indexation
D8598	precision requete moteur information algorithme systeme classement rappel texte
D8599	web indexation information requete algorithme moteur classement collection inverse
D8600	indexation resultat index document inverse algorithme terme utilisateur precision information web requete
D8601	precision indexation inverse information resultat
D8602	index precision terme resultat indexation utilisateur recherche pertinent document
D8603	web terme pertinent algorithme collection index
D8604	inverse index resultat texte document recherche systeme classement web collection requete terme
D8605	terme classement inverse moteur utilisateur index recherche indexation systeme rappel web
D8606	recherche moteur document pertinent algorithme indexation systeme collection resultat requete
D8607	texte precision indexation terme document inverse systeme recherche
D8608	requete collection algorithme moteur texte resultat inverse
D8609	web algorithme inverse utilisateur precision pertinent document texte systeme
D8610	rappel index resultat indexation document systeme pertinent
D8611	indexation classement index systeme moteur
D8612	utilisateur systeme rappel algorithme recherche
D8613	recherche requete collection index utilisateur
D8614	requete texte indexation rappel classement collection algorithme utilisateur document
D8615	classement moteur systeme indexation requete texte
D8616	index requete resultat rappel indexation terme recherche moteur
D8617	utilisateur inverse classement texte moteur terme requete document indexation
D8618	algorithme utilisateur rappel systeme indexation collection texte inverse classement precision
D8619	collection systeme rappel classement web texte terme algorithme precision utilisateur moteur
D8620	inverse recherche algorithme precision resultat information
D8621	web moteur inverse terme pertinent
D8622	algorithme index pertinent precision indexation terme web moteur collection texte systeme
D8623	algorithme terme texte rappel systeme index collection resultat recherche
D8624	recherche classement web moteur requete texte collection
D8625	document inverse information web pertinent precision texte systeme algorithme classement
D8626	precision terme classement utilisateur systeme information texte requete moteur
D8627	indexation web terme requete rappel pertinent inverse recherche systeme
D8628	collection requete utilisateur document terme algorithme inverse moteur texte rappel information indexation
D8629	indexation moteur systeme terme document
D8630	rappel resultat texte precision document information index collection indexation systeme
D8631	precision pertinent utilisateur information resultat
D8632	systeme algorithme pertinent collection resultat moteur requete texte recherche precision classement
D8633	algorithme information precision recherche moteur index web inverse collection requete document
D8634	requete algorithme recherche inverse utilisateur document texte
D8635	requete resultat precision utilisateur algorithme indexation document web systeme information classement rappel
D8636	terme texte indexation utilisateur inverse collection
D8637	moteur algorithme terme systeme information precision pertinent recherche classement index texte resultat
D8638	web inverse classement collection rappel precision resultat
D8639	algorithme precision utilisateur texte collection requete systeme
D8640	resultat web recherche collection rappel terme algorithme texte indexation inverse
D8641	systeme algorithme classement collection index precision utilisateur document web terme
D8642	rappel precision pertinent requete information indexation
D8643	precision requete web collection indexation utilisateur information systeme algorithme
D8644	collection precision information systeme index recherche inverse classement
D8645	recherche terme requete moteur texte systeme document
D8646	requete moteur pertinent document classement collection rappel texte systeme
D8647	systeme texte moteur resultat requete pertinent collection algorithme web
D8648	rappel utilisateur systeme collection information inverse recherche classement pertinent moteur document
D8649	inverse terme algorithme recherche requete moteur collection
D8650	collection classement pertinent information web
D8651	information precision systeme moteur recherche rappel terme
D8652	information requete document moteur collection algorithme
D8653	information utilisateur texte recherche moteur terme document indexation precision algorithme web
D8654	pertinent systeme rappel precision terme
D8655	indexation texte document classement moteur requete algorithme collection rappel inverse
D8656	moteur texte pertinent systeme collection
D8657	resultat algorithme classement texte recherche moteur rappel
D8658	resultat pertinent rappel index recherche texte information
D8659	information precision requete collection moteur
D8660	requete information recherche index collection terme algorithme texte resultat systeme
D8661	requete terme classement texte utilisateur rappel moteur inverse
D8662	systeme moteur texte document precision index terme rappel collection information resultat algorithme
D8663	texte systeme index indexation web rappel pertinent terme collection information requete
D8664	systeme resultat precision algorithme texte requete collection
D8665	utilisateur collection precision systeme terme information index
D8666	indexation web inverse terme resultat texte systeme moteur collection requete classement
D8667	indexation utilisateur recherche collection requete texte information index classement pertinent
D8668	pertinent requete indexation systeme utilisateur inverse document terme
D8669	precision information index indexation resultat recherche systeme web
D8670	requete recherche indexation classement utilisateur resultat information texte document
D8671	inverse moteur recherche terme indexation rappel collection web systeme
D8672	requete moteur texte web pertinent
D8673	texte resultat web index utilisateur terme requete indexation
D8674	rappel terme moteur algorithme recherche pertinent collection
D8675	moteur recherche pertinent inverse indexation collection
D8676	systeme texte precision terme collection algorithme utilisateur resultat index indexation document information
D8677	classement systeme rappel recherche precision document
D8678	information terme index recherche inverse precision
D8679	utilisateur pertinent texte classement recherche document collection information moteur systeme resultat
D8680	resultat precision index requete recherche
D8681	recherche resultat algorithme moteur collection terme
D8682	moteur pertinent information terme index
D8683	web recherche precision requete index
D8684	systeme document inverse collection index texte utilisateur
D8685	document pertinent precision classement moteur inverse rappel systeme utilisateur
D8686	inverse document resultat collection web classement information pertinent
D8687	index pertinent algorithme collection texte terme utilisateur classement indexation resultat precision
D8688	systeme document resultat information terme rappel indexation inverse index
D8689	requete pertinent web indexation collection algorithme information index
D8690	recherche indexation index resultat inverse utilisateur pertinent systeme collection
D8691	collection resultat requete pertinent moteur utilisateur texte rappel index
D8692	inverse classement algorithme recherche terme
D8693	moteur terme inverse document classement algorithme recherche precision rappel
D8694	classement indexation pertinent resultat systeme collection document requete inverse texte web index
D8695	recherche information index document indexation resultat pertinent classement moteur requete
D8696	web systeme indexation terme inverse utilisateur index classement
D8697	rappel index moteur algorithme terme pertinent
D8698	moteur document terme rappel collection
D8699	moteur index inverse pertinent terme utilisateur collection
D8700	information collection document terme systeme precision
D8701	algorithme classement moteur indexation pertinent recherche collection requete utilisateur information texte web
D8702	recherche precision rappel terme information systeme resultat pertinent requete collection utilisateur classement
D8703	inverse moteur information systeme texte recherche
D8704	recherche index inverse classement requete utilisateur algorithme information document web resultat
D8705	resultat moteur precision information classement
D8706	utilisateur systeme web texte recherche terme algorithme information
D8707	indexation index document inverse resultat
D8708	requete systeme texte recherche precision
D8709	algorithme document requete indexation index precision utilisateur collection texte terme systeme recherche
D8710	classement index information utilisateur systeme requete web
D8711	terme systeme information pertinent utilisateur
D8712	inverse recherche pertinent rappel document terme index systeme algorithme
D8713	pertinent moteur document information classement indexation systeme resultat web texte
D8714	indexation inverse web collection index resultat texte algorithme systeme
D8715	rappel requete pertinent moteur indexation index texte precision document web
D8716	requete precision terme texte pertinent systeme
D8717	texte terme rappel algorithme requete collection inverse pertinent utilisateur
D8718	recherche document web pertinent indexation inverse utilisateur algorithme
D8719	indexation texte moteur precision document information web systeme recherche
D8720	pertinent web rappel moteur index document texte algorithme information inverse collection utilisateur
D8721	texte resultat terme index information classement indexation systeme inverse
D8722	terme collection resultat information pertinent
D8723	inverse recherche moteur resultat texte systeme terme utilisateur web
D8724	precision moteur requete rappel recherche algorithme
D8725	rappel inverse moteur requete indexation recherche resultat
D8726	requete document information precision utilisateur algorithme texte classement inverse web
D8727	classement texte utilisateur moteur web pertinent collection resultat systeme algorithme information
D8728	indexation collection web systeme document resultat classement terme
D8729	requete document utilisateur recherche terme indexation information index classement algorithme rappel inverse
D8730	moteur document texte pertinent web utilisateur precision systeme resultat index information inverse
D8731	texte requete rappel resultat indexation recherche inverse terme utilisateur
D8732	moteur information classement terme rappel recherche systeme texte precision index
D8733	rappel index resultat document terme pertinent texte recherche systeme
D8734	web index pertinent classement requete texte precision information collection algorithme inverse moteur
D8735	pertinent moteur systeme indexation resultat document precision utilisateur
D8736	resultat inverse utilisateur classement terme web pertinent precision information algorithme requete
D8737	document web requete resultat terme collection index recherche utilisateur
D8738	terme resultat collection requete pertinent indexation
D8739	systeme web pertinent requete moteur precision document rappel classement algorithme resultat terme
D8740	systeme resultat precision rappel web
D8741	moteur inverse terme algorithme requete collection document
D8742	pertinent inverse moteur web classement collection utilisateur
D8743	index indexation terme texte information utilisateur resultat precision collection pertinent web moteur
D8744	collection rappel systeme precision inverse moteur resultat pertinent document requete recherche information
D8745	recherche utilisateur collection document resultat inverse algorithme systeme rappel
D8746	classement document collection utilisateur requete precision
D8747	information collection inverse texte moteur resultat pertinent index terme recherche
D8748	web rappel indexation systeme inverse classement moteur collection recherche index requete algorithme
D8749	requete web collection moteur document indexation algorithme inverse classement precision systeme
D8750	texte systeme terme requete web moteur pertinent utilisateur precision algorithme
D8751	systeme index recherche resultat rappel web classement moteur algorithme collection terme precision
D8752	indexation moteur web pertinent algorithme texte classement inverse information precision
D8753	terme indexation recherche texte requete
D8754	algorithme document systeme resultat recherche
D8755	web algorithme inverse terme utilisateur requete classement information collection precision recherche
D8756	document pertinent requete recherche systeme indexation resultat
D8757	texte classement index precision rappel pertinent
D8758	recherche utilisateur precision index terme rappel web pertinent document inverse classement systeme
D8759	texte document inverse moteur classement indexation algorithme resultat
D8760	web rappel classement collection indexation index moteur pertinent inverse utilisateur precision terme
D8761	moteur terme utilisateur systeme pertinent inverse information texte rappel web
D8762	precision requete terme indexation texte pertinent classement moteur collection utilisateur web
D8763	systeme information terme index resultat indexation texte web rappel collection
D8764	algorithme information requete terme pertinent texte systeme collection moteur
D8765	recherche document systeme resultat indexation index
D8766	collection utilisateur resultat pertinent index
D8767	index algorithme moteur texte precision systeme utilisateur indexation terme web requete information
D8768	classement recherche index requete systeme collection pertinent resultat
D8769	indexation terme requete classement information inverse
D8770	pertinent utilisateur classement web rappel moteur recherche precision document requete
D8771	classement requete pertinent web recherche resultat inverse rappel information utilisateur algorithme
D8772	information requete classement moteur terme indexation index rappel web systeme
D8773	rappel indexation utilisateur information moteur requete texte
D8774	moteur resultat utilisateur information texte systeme inverse classement recherche requete terme web
D8775	requete utilisateur document web recherche
D8776	index recherche moteur classement collection terme requete inverse utilisateur rappel pertinent document
D8777	collection information recherche algorithme requete
D8778	texte terme web recherche classement indexation moteur systeme
D8779	requete indexation algorithme index precision web classement recherche resultat utilisateur
D8780	index utilisateur resultat moteur web algorithme collection terme pertinent
D8781	pertinent terme moteur collection texte information precision
D8782	information precision algorithme collection requete classement rappel web systeme resultat terme document
D8783	requete recherche systeme document indexation classement moteur inverse precision web index
D8784	index information systeme utilisateur terme requete collection web
D8785	recherche algorithme requete index information rappel utilisateur moteur pertinent
D8786	web systeme utilisateur classement information indexation moteur terme inverse precision rappel
D8787	pertinent inverse information web collection algorithme classement recherche resultat rappel systeme
D8788	precision recherche moteur systeme classement
D8789	indexation classement moteur requete utilisateur recherche web index algorithme systeme
D8790	collection document classement algorithme resultat information web rappel
D8791	moteur document inverse pertinent resultat algorithme precision
D8792	document index moteur information recherche classement texte precision utilisateur indexation collection
D8793	recherche precision classement requete collection systeme pertinent web moteur
D8794	resultat recherche collection systeme precision pertinent index terme moteur information rappel
D8795	indexation systeme texte collection web
D8796	recherche requete precision utilisateur texte information classement
D8797	moteur precision algorithme systeme index
D8798	index classement algorithme moteur pertinent information requete rappel terme
D8799	rappel terme document classement algorithme precision
D8800	information classement indexation recherche requete algorithme collection index
D8801	rappel moteur information requete document classement
D8802	terme information web inverse indexation algorithme texte
D8803	requete collection web rappel index information moteur classement systeme
D8804	recherche requete document pertinent collection information index classement web utilisateur indexation terme
D8805	systeme moteur document pertinent precision terme rappel algorithme
D8806	requete precision rappel information resultat systeme web classement utilisateur collection recherche
D8807	information resultat classement inverse recherche utilisateur requete pertinent algorithme document terme collection
D8808	pertinent recherche moteur systeme collection resultat document
D8809	requete precision utilisateur pertinent resultat collection classement information
D8810	moteur indexation terme resultat document inverse precision utilisateur
D8811	precision collection information texte utilisateur rappel
D8812	classement inverse moteur recherche index systeme precision algorithme information rappel utilisateur requete
D8813	information index resultat precision requete texte moteur indexation inverse terme algorithme collection
D8814	index pertinent utilisateur algorithme systeme terme information collection rappel document texte
D8815	indexation systeme inverse utilisateur classement texte terme requete
D8816	information systeme collection recherche web
D8817	pertinent collection texte rappel index classement requete algorithme indexation resultat web utilisateur
D8818	document information classement index requete
D8819	systeme information requete collection recherche resultat indexation
D8820	index moteur web texte systeme recherche indexation classement document terme rappel inverse
D8821	moteur index classement recherche pertinent systeme resultat
D8822	rappel precision requete terme index information algorithme
D8823	recherche utilisateur texte information pertinent classement resultat systeme inverse collection document
D8824	moteur systeme precision resultat collection recherche algorithme indexation pertinent terme document
D8825	utilisateur rappel collection precision information document algorithme
D8826	resultat texte rappel collection index utilisateur inverse document indexation information
D8827	rappel web algorithme utilisateur document
D8828	indexation rappel algorithme terme collection resultat information requete utilisateur systeme precision pertinent
D8829	collection index requete systeme indexation pertinent web rappel precision
D8830	indexation pertinent utilisateur web algorithme information collection resultat recherche systeme
D8831	systeme resultat requete indexation precision algorithme collection pertinent moteur information
D8832	moteur utilisateur indexation web rappel requete algorithme collection
D8833	texte terme pertinent collection web indexation precision moteur
D8834	web recherche inverse collection texte index information utilisateur rappel pertinent
D8835	requete document classement texte terme inverse recherche resultat precision utilisateur moteur
D8836	indexation recherche information index moteur systeme
D8837	texte index classement recherche indexation information algorithme systeme utilisateur requete inverse
D8838	algorithme document moteur web precision
D8839	pertinent classement index moteur rappel systeme inverse utilisateur web information resultat recherche
D8840	classement document collection algorithme index web pertinent
D8841	web algorithme information document classement resultat terme
D8842	web inverse classement texte indexation algorithme precision moteur
D8843	information rappel texte systeme precision document classement
D8844	moteur utilisateur document texte algorithme systeme
D8845	systeme web precision indexation requete classement utilisateur pertinent document texte information inverse
D8846	rappel utilisateur precision classement requete information indexation document recherche
D8847	pertinent utilisateur resultat collection algorithme terme requete precision
D8848	texte document classement utilisateur rappel
D8849	precision inverse texte web utilisateur algorithme information requete
D8850	utilisateur requete precision collection texte resultat moteur inverse
D8851	collection systeme inverse web terme classement algorithme
D8852	terme texte recherche systeme indexation pertinent resultat requete utilisateur document
D8853	pertinent web systeme inverse recherche index requete rappel information terme
D8854	systeme moteur precision terme information pertinent algorithme
D8855	index terme information classement rappel web
D8856	resultat document collection algorithme terme precision web indexation rappel requete index
D8857	pertinent classement information recherche algorithme resultat texte
D8858	index indexation document pertinent precision web
D8859	rappel indexation resultat utilisateur information algorithme
D8860	classement inverse requete collection texte indexation precision
D8861	information rappel collection precision indexation moteur texte
D8862	terme recherche index pertinent web texte precision algorithme inverse classement
D8863	collection algorithme rappel terme resultat classement precision indexation
D8864	moteur indexation collection index classement precision
D8865	precision moteur rappel algorithme requete web information recherche collection
D8866	moteur recherche resultat document information classement collection terme indexation
D8867	inverse systeme pertinent precision information terme texte algorithme indexation resultat web
D8868	requete utilisateur index indexation moteur web algorithme texte pertinent collection recherche
D8869	utilisateur indexation index moteur inverse information texte collection recherche precision systeme requete
D8870	web algorithme utilisateur requete information
D8871	index resultat moteur document systeme classement algorithme texte collection information indexation
D8872	rappel indexation algorithme requete web pertinent precision
D8873	collection texte resultat pertinent web utilisateur rappel
D8874	resultat terme collection utilisateur document pertinent
D8875	information precision pertinent collection document systeme terme rappel
D8876	information document systeme terme pertinent
D8877	requete systeme inverse utilisateur moteur classement
D8878	document terme texte pertinent index resultat indexation moteur classement
D8879	index algorithme recherche resultat systeme web requete inverse indexation classement collection
D8880	pertinent algorithme document rappel indexation utilisateur moteur terme texte resultat recherche
D8881	information document moteur classement rappel web precision terme systeme
D8882	collection recherche moteur precision resultat pertinent classement requete information inverse rappel indexation
D8883	systeme rappel collection web indexation inverse classement resultat texte
D8884	resultat rappel index indexation document terme collection requete web algorithme inverse pertinent
D8885	resultat moteur texte terme web precision requete pertinent
D8886	indexation information algorithme utilisateur terme rappel texte index systeme collection precision resultat
D8887	document classement rappel moteur resultat pertinent algorithme collection indexation recherche
D8888	pertinent utilisateur indexation systeme classement document information
D8889	inverse resultat moteur rappel requete document classement
D8890	index utilisateur requete moteur information resultat inverse
D8891	indexation moteur inverse recherche systeme texte
D8892	index recherche algorithme classement moteur pertinent texte document precision requete
D8893	requete systeme algorithme information terme precision pertinent classement inverse
D8894	rappel systeme resultat information collection indexation moteur texte requete
D8895	information collection resultat indexation terme
D8896	algorithme requete utilisateur inverse information rappel collection
D8897	index systeme moteur document collection pertinent terme
D8898	precision indexation index inverse moteur texte recherche
D8899	precision web pertinent texte indexation index
D8900	collection texte information precision rappel inverse requete resultat document
D8901	document inverse rappel utilisateur classement terme
D8902	utilisateur information indexation rappel classement
D8903	systeme index recherche information inverse requete terme document utilisateur
D8904	collection inverse texte algorithme document indexation systeme rappel precision terme
D8905	resultat information inverse terme systeme rappel document precision
D8906	recherche index algorithme rappel texte web classement systeme precision pertinent indexation
D8907	texte resultat recherche moteur inverse
D8908	resultat terme information precision pertinent recherche
D8909	inverse terme moteur pertinent web document resultat utilisateur index indexation
D8910	indexation pertinent algorithme precision web moteur collection
D8911	classement document index inverse requete information systeme resultat algorithme
D8912	texte rappel systeme information algorithme document
D8913	index web document systeme pertinent resultat algorithme requete moteur texte
D8914	precision texte classement rappel resultat information systeme recherche utilisateur algorithme collection pertinent
D8915	indexation recherche resultat texte systeme classement web inverse
D8916	document texte collection web moteur requete indexation utilisateur
D8917	texte document collection moteur recherche utilisateur
D8918	recherche systeme inverse web precision rappel
D8919	rappel information systeme indexation classement pertinent resultat inverse texte utilisateur
D8920	systeme index document collection algorithme classement indexation inverse moteur terme requete web
D8921	precision terme rappel classement inverse algorithme document indexation systeme moteur resultat
D8922	inverse rappel resultat moteur index precision texte information
D8923	moteur algorithme index pertinent document utilisateur collection rappel web
D8924	indexation pertinent algorithme inverse classement systeme utilisateur index moteur requete terme
D8925	indexation information texte classement resultat terme document pertinent requete moteur web collection
D8926	precision indexation texte collection utilisateur classement
D8927	information document recherche inverse rappel
D8928	indexation pertinent moteur requete utilisateur index
D8929	index information indexation resultat inverse web utilisateur texte
D8930	algorithme systeme moteur classement utilisateur recherche pertinent web precision document
D8931	inverse moteur precision index information rappel
D8932	information systeme terme document rappel index pertinent utilisateur web
D8933	pertinent inverse recherche algorithme utilisateur web classement document collection rappel
D8934	index systeme information algorithme utilisateur document
D8935	rappel algorithme terme pertinent indexation web moteur
D8936	moteur collection texte terme recherche algorithme utilisateur systeme
D8937	web utilisateur collection rappel systeme algorithme resultat precision recherche
D8938	index texte collection requete terme pertinent information classement
D8939	classement utilisateur inverse algorithme resultat precision rappel indexation index moteur
D8940	moteur classement index rappel systeme web utilisateur resultat
D8941	information requete inverse indexation systeme terme index classement texte document collection
D8942	recherche requete index classement web texte indexation systeme algorithme moteur pertinent utilisateur
D8943	moteur requete pertinent resultat utilisateur classement recherche precision inverse algorithme document collection
D8944	systeme rappel pertinent classement algorithme terme index moteur document recherche inverse
D8945	inverse resultat terme document algorithme texte classement systeme web
D8946	moteur collection pertinent information document index indexation terme requete
D8947	rappel resultat document systeme texte algorithme web inverse moteur terme classement utilisateur
D8948	index document texte moteur resultat utilisateur inverse recherche systeme collection
D8949	collection document terme utilisateur information pertinent texte algorithme requete precision
D8950	web moteur utilisateur resultat terme pertinent texte
D8951	web texte rappel recherche indexation requete utilisateur moteur index information algorithme
D8952	terme requete collection document pertinent texte rappel inverse indexation web
D8953	precision index systeme moteur document indexation inverse recherche utilisateur resultat
D8954	utilisateur texte moteur collection algorithme inverse document pertinent recherche requete indexation
D8955	requete utilisateur inverse web algorithme moteur classement pertinent rappel resultat
D8956	algorithme recherche rappel precision classement collection resultat index requete web pertinent terme
D8957	algorithme pertinent web classement systeme collection indexation inverse resultat
D8958	moteur rappel utilisateur recherche texte classement pertinent collection web indexation information
D8959	moteur texte requete resultat classement web rappel precision recherche utilisateur pertinent
D8960	resultat texte web pertinent systeme inverse document recherche terme collection algorithme
D8961	inverse pertinent systeme information indexation recherche resultat
D8962	requete terme information document web precision
D8963	utilisateur systeme recherche rappel information pertinent inverse document texte
D8964	resultat indexation utilisateur moteur rappel pertinent recherche algorithme index
D8965	recherche terme rappel information moteur texte pertinent systeme resultat index inverse
D8966	precision utilisateur texte index terme resultat indexation
D8967	texte requete indexation moteur systeme recherche web terme algorithme information
D8968	collection resultat recherche pertinent document utilisateur rappel requete web moteur inverse terme
D8969	collection document systeme precision utilisateur
D8970	collection precision document indexation information texte terme
D8971	resultat indexation terme precision pertinent rappel information
D8972	pertinent web precision terme information texte index indexation inverse
D8973	pertinent inverse indexation terme document rappel resultat classement
D8974	requete moteur precision texte web inverse resultat information terme utilisateur recherche document
D8975	index texte rappel moteur resultat requete collection algorithme
D8976	rappel algorithme resultat recherche classement
D8977	classement indexation information terme moteur utilisateur rappel collection inverse
D8978	collection information rappel texte inverse web utilisateur document classement systeme index requete
D8979	index pertinent algorithme indexation utilisateur terme recherche classement resultat
D8980	recherche requete inverse texte web algorithme utilisateur classement indexation rappel systeme
D8981	pertinent systeme precision collection inverse indexation index moteur document
D8982	document texte requete indexation pertinent utilisateur web index
D8983	utilisateur texte document recherche resultat indexation terme systeme
D8984	recherche resultat rappel web inverse requete texte information document moteur systeme
D8985	classement algorithme moteur texte rappel collection precision terme resultat systeme
D8986	classement terme document texte information index collection systeme
D8987	information index terme document collection inverse pertinent recherche texte
D8988	utilisateur web collection moteur requete classement pertinent precision resultat algorithme information systeme
D8989	collection recherche texte utilisateur terme pertinent resultat moteur systeme
D8990	web algorithme moteur requete recherche information pertinent precision collection indexation
D8991	requete web precision utilisateur recherche collection systeme resultat texte indexation document
D8992	rappel indexation utilisateur precision classement moteur terme
D8993	moteur inverse web indexation precision classement utilisateur rappel
D8994	terme document pertinent requete information index precision collection moteur recherche
D8995	recherche texte classement utilisateur resultat
D8996	algorithme document moteur information pertinent precision
D8997	web moteur precision indexation information collection
D8998	collection texte requete pertinent recherche terme systeme web precision utilisateur
D8999	recherche classement information utilisateur moteur document rappel systeme indexation index web resultat
D9000	systeme algorithme classement collection indexation rappel
D9001	classement information resultat index collection utilisateur rappel texte moteur
D9002	resultat moteur collection pertinent algorithme rappel information document recherche
D9003	collection terme recherche rappel classement precision information utilisateur moteur pertinent resultat
D9004	rappel utilisateur resultat document texte pertinent moteur web information indexation
D9005	inverse texte pertinent moteur utilisateur web
D9006	index web recherche pertinent indexation
D9007	precision indexation resultat recherche pertinent inverse index systeme document terme moteur texte
D9008	texte inverse terme web resultat utilisateur systeme
D9009	terme indexation pertinent information precision web index document utilisateur classement
D9010	systeme web classement information index document pertinent requete inverse texte resultat
D9011	recherche rappel index utilisateur information texte resultat systeme classement inverse
D9012	utilisateur resultat texte systeme information
D9013	inverse rappel document texte information
D9014	recherche index moteur web document precision classement rappel texte pertinent terme
D9015	utilisateur algorithme collection web precision resultat requete document inverse pertinent moteur rappel
D9016	resultat moteur utilisateur web indexation
D9017	systeme algorithme classement precision web requete texte index document recherche
D9018	terme recherche texte classement moteur requete document pertinent index algorithme
D9019	terme indexation index rappel document utilisateur resultat texte
D9020	moteur classement algorithme recherche systeme requete inverse rappel resultat utilisateur document
D9021	inverse pertinent index document resultat classement utilisateur
D9022	moteur inverse information web collection classement
D9023	index systeme collection pertinent resultat classement web moteur utilisateur algorithme
D9024	texte rappel utilisateur web classement information collection algorithme moteur
D9025	pertinent utilisateur inverse collection document terme web index information resultat rappel classement
D9026	recherche terme inverse requete resultat rappel document algorithme pertinent
D9027	inverse systeme index texte pertinent moteur
D9028	utilisateur terme web systeme texte inverse information algorithme
D9029	terme index collection classement inverse rappel
D9030	index systeme requete document texte
D9031	utilisateur texte indexation information classement
D9032	systeme terme information document requete
D9033	classement terme collection indexation texte pertinent precision
D9034	information terme classement recherche document collection resultat texte pertinent
D9035	inverse indexation requete systeme rappel collection web algorithme precision information texte
D9036	web algorithme document utilisateur moteur indexation recherche classement index information collection
D9037	classement document index indexation systeme web
D9038	requete classement pertinent document terme index
D9039	recherche web information algorithme precision terme rappel pertinent
D9040	indexation pertinent moteur precision resultat rappel
D9041	texte precision inverse terme pertinent collection index information document classement moteur
D9042	pertinent document moteur texte index systeme utilisateur precision resultat recherche web
D9043	web collection precision moteur rappel
D9044	recherche systeme requete texte inverse moteur rappel information
D9045	algorithme collection terme web document resultat index rappel requete texte utilisateur
D9046	requete algorithme information moteur document classement
D9047	index recherche rappel indexation resultat
D9048	web index texte terme systeme inverse precision indexation
D9049	algorithme texte collection requete indexation recherche utilisateur classement precision document terme
D9050	terme recherche utilisateur rappel web indexation texte collection index inverse algorithme information
D9051	moteur rappel precision collection utilisateur classement terme information index indexation requete
D9052	algorithme document requete utilisateur pertinent index rappel resultat recherche
D9053	indexation collection resultat inverse requete utilisateur rappel algorithme classement systeme
D9054	index information precision systeme moteur
D9055	requete algorithme information recherche document resultat indexation collection moteur
D9056	indexation document rappel utilisateur index collection web
D9057	index recherche classement requete resultat moteur web
D9058	index requete recherche pertinent information web terme inverse resultat moteur
D9059	moteur collection classement index algorithme
D9060	indexation rappel information utilisateur texte index inverse moteur resultat classement precision pertinent
D9061	collection pertinent texte utilisateur classement moteur document
D9062	recherche document precision resultat indexation texte pertinent utilisateur requete terme classement collection
D9063	algorithme precision information texte web index indexation classement document moteur requete utilisateur
D9064	inverse information systeme utilisateur web requete classement index collection rappel
D9065	recherche requete information systeme rappel utilisateur indexation pertinent
D9066	collection web classement index rappel document utilisateur texte resultat precision requete
D9067	texte document moteur precision requete rappel information resultat algorithme indexation pertinent utilisateur
D9068	recherche indexation rappel web systeme collection requete precision inverse resultat algorithme
D9069	rappel classement index collection requete texte resultat moteur systeme pertinent web document
D9070	inverse collection classement utilisateur web document recherche index texte indexation
D9071	classement inverse terme texte rappel indexation document
D9072	information document classement texte precision
D9073	web classement pertinent terme systeme precision resultat rappel recherche algorithme inverse
D9074	algorithme moteur terme resultat precision inverse rappel index texte requete
D9075	information recherche indexation resultat index
D9076	inverse resultat moteur web terme information
D9077	terme systeme rappel algorithme classement utilisateur resultat
D9078	collection moteur inverse requete information document web
D9079	pertinent information texte utilisateur index resultat
D9080	systeme resultat algorithme utilisateur requete web inverse terme rappel moteur precision
D9081	information collection systeme index pertinent requete texte
D9082	classement inverse texte indexation pertinent utilisateur collection
D9083	web classement resultat document recherche requete
D9084	texte algorithme requete resultat inverse precision rappel collection systeme recherche document
D9085	algorithme moteur resultat pertinent classement requete utilisateur texte
D9086	indexation classement precision web recherche terme pertinent algorithme resultat texte
D9087	collection pertinent indexation resultat algorithme precision systeme index web
D9088	document texte systeme inverse classement resultat recherche information requete terme algorithme utilisateur
D9089	resultat index collection rappel indexation
D9090	precision requete collection pertinent moteur inverse rappel web information recherche indexation systeme
D9091	utilisateur rappel resultat algorithme requete information indexation texte
D9092	classement algorithme resultat precision recherche requete index rappel moteur inverse web
D9093	terme algorithme texte resultat indexation rappel precision
D9094	index utilisateur texte document resultat requete algorithme information
D9095	classement document information indexation rappel pertinent inverse requete index moteur systeme utilisateur
D9096	resultat requete classement document systeme utilisateur rappel pertinent algorithme
D9097	precision requete rappel classement web texte pertinent algorithme document moteur index
D9098	document web rappel collection precision information algorithme pertinent resultat systeme inverse utilisateur
D9099	document terme moteur systeme collection utilisateur recherche rappel
D9100	texte pertinent moteur algorithme terme collection information classement
D9101	index utilisateur terme document indexation texte requete classement collection web algorithme
D9102	index recherche precision rappel document collection
D9103	systeme pertinent algorithme terme resultat document texte moteur requete rappel web precision
D9104	web classement utilisateur document texte
D9105	pertinent moteur inverse precision systeme classement collection utilisateur terme texte rappel index
D9106	precision classement indexation requete index web inverse document moteur terme pertinent algorithme
D9107	terme moteur index collection web pertinent inverse information recherche systeme requete classement
D9108	index terme web document systeme algorithme resultat recherche
D9109	moteur utilisateur classement document collection web pertinent indexation resultat recherche
D9110	resultat moteur pertinent precision systeme information index terme rappel algorithme indexation inverse
D9111	precision inverse classement utilisateur pertinent rappel indexation resultat information
D9112	index requete web indexation classement rappel algorithme
D9113	resultat information document moteur requete inverse algorithme recherche
D9114	information inverse precision algorithme index pertinent
D9115	document indexation resultat rappel requete web
D9116	terme indexation classement web precision resultat index systeme document
D9117	moteur precision indexation index classement algorithme resultat pertinent inverse
D9118	document inverse information web precision algorithme rappel systeme
D9119	classement rappel web requete inverse pertinent precision resultat
D9120	requete collection utilisateur moteur resultat pertinent terme rappel indexation precision systeme
D9121	web texte pertinent requete classement systeme
D9122	recherche precision indexation web moteur utilisateur
D9123	utilisateur collection information requete classement document rappel
D9124	collection texte inverse moteur terme document indexation requete systeme classement
D9125	precision moteur document algorithme utilisateur recherche rappel pertinent requete information
D9126	recherche requete information resultat inverse rappel pertinent web precision
D9127	terme web rappel recherche texte pertinent systeme
D9128	precision inverse web terme utilisateur indexation systeme collection rappel
D9129	classement recherche document resultat indexation inverse requete systeme pertinent utilisateur
D9130	requete terme classement index web moteur information resultat utilisateur document systeme precision
D9131	recherche pertinent rappel document systeme information terme precision utilisateur
D9132	information indexation document recherche resultat
D9133	inverse texte algorithme recherche moteur precision indexation information resultat utilisateur pertinent
D9134	precision indexation pertinent algorithme collection document requete
D9135	collection indexation recherche moteur document texte pertinent algorithme classement requete
D9136	inverse precision algorithme moteur terme indexation classement collection
D9137	rappel web classement texte index collection recherche document pertinent indexation utilisateur requete
D9138	recherche information algorithme systeme precision moteur terme index requete pertinent indexation
D9139	utilisateur pertinent terme information resultat index indexation
D9140	index systeme terme classement information collection precision
D9141	web terme information moteur rappel index
D9142	pertinent collection moteur resultat information classement terme document algorithme inverse
D9143	recherche pertinent moteur web resultat classement index rappel document
D9144	systeme terme utilisateur classement web inverse information rappel document
D9145	utilisateur resultat rappel moteur indexation information collection
D9146	moteur collection rappel precision recherche web inverse index
D9147	moteur algorithme systeme classement recherche index
D9148	inverse texte algorithme pertinent moteur rappel collection information resultat document
D9149	resultat moteur precision document requete collection web classement
D9150	moteur indexation precision index terme
D9151	requete resultat utilisateur systeme pertinent terme document moteur recherche texte classement precision
D9152	indexation precision algorithme inverse rappel web systeme collection texte
D9153	document collection rappel indexation classement algorithme
D9154	indexation requete collection systeme rappel
D9155	inverse utilisateur algorithme web systeme collection pertinent
D9156	document systeme algorithme requete classement recherche information
D9157	classement moteur inverse texte rappel web
D9158	algorithme recherche pertinent information resultat terme
D9159	moteur inverse classement precision collection indexation index algorithme information document pertinent
D9160	document web classement utilisateur inverse
D9161	moteur pertinent systeme recherche web
D9162	inverse indexation web resultat systeme utilisateur algorithme requete precision moteur texte
D9163	moteur precision texte utilisateur web systeme information document
D9164	web inverse recherche terme systeme requete precision pertinent document resultat collection
D9165	inverse document classement rappel precision web pertinent index
D9166	algorithme inverse index terme requete rappel classement information systeme
D9167	terme classement systeme algorithme information index resultat requete rappel web
D9168	information texte rappel collection recherche inverse indexation index algorithme pertinent requete
D9169	indexation inverse index requete document texte web recherche terme information algorithme
D9170	rappel recherche requete collection web terme index algorithme pertinent indexation
D9171	indexation index rappel recherche moteur systeme texte resultat web inverse requete
D9172	classement algorithme utilisateur texte index document
D9173	pertinent requete web resultat utilisateur inverse recherche terme document systeme
D9174	collection texte pertinent information requete document moteur web terme systeme index resultat
D9175	document web classement requete resultat moteur precision texte utilisateur
D9176	rappel inverse texte information requete resultat classement pertinent collection precision
D9177	document pertinent rappel algorithme utilisateur requete indexation
D9178	web pertinent rappel resultat systeme
D9179	requete systeme recherche web information collection precision algorithme
D9180	utilisateur classement moteur rappel indexation systeme inverse
D9181	recherche algorithme document resultat indexation terme rappel collection
D9182	algorithme rappel information precision collection texte resultat indexation
D9183	indexation classement algorithme resultat rappel recherche systeme web
D9184	index resultat document rappel texte
D9185	utilisateur classement web rappel terme collection systeme
D9186	terme index requete classement collection
D9187	requete utilisateur terme document information classement rappel web indexation algorithme systeme moteur
D9188	collection systeme requete terme web document pertinent resultat information inverse
D9189	requete recherche pertinent precision texte moteur
D9190	collection classement document web rappel inverse recherche algorithme
D9191	indexation classement moteur information rappel utilisateur algorithme systeme texte terme web index
D9192	indexation web document requete moteur classement resultat precision pertinent utilisateur algorithme information
D9193	collection classement indexation index information requete utilisateur precision algorithme terme document texte
D9194	requete texte collection rappel document inverse precision pertinent resultat
D9195	inverse utilisateur moteur systeme rappel pertinent requete
D9196	terme web systeme requete algorithme index classement
D9197	classement web precision moteur systeme rappel terme document
D9198	systeme requete index classement inverse collection indexation utilisateur terme information
D9199	collection precision recherche algorithme requete utilisateur
D9200	classement web texte indexation systeme pertinent requete inverse document
D9201	rappel systeme web index terme classement algorithme utilisateur document
D9202	pertinent web inverse rappel classement indexation terme
D9203	texte document requete index indexation web precision utilisateur
D9204	index classement web precision moteur algorithme recherche utilisateur collection terme
D9205	systeme requete pertinent indexation precision utilisateur
D9206	utilisateur resultat recherche inverse requete terme classement systeme texte pertinent
D9207	algorithme indexation texte utilisateur systeme requete
D9208	document resultat requete utilisateur rappel indexation precision
D9209	classement index moteur pertinent precision document information utilisateur algorithme web requete
D9210	indexation recherche information document algorithme precision utilisateur resultat inverse rappel requete texte
D9211	systeme recherche utilisateur requete texte collection inverse
D9212	recherche classement collection systeme requete index web information rappel document
D9213	requete classement pertinent systeme document information index
D9214	index web utilisateur terme information systeme inverse resultat classement moteur texte collection
D9215	resultat systeme texte rappel index utilisateur
D9216	pertinent recherche rappel index resultat web
D9217	algorithme terme moteur resultat index collection classement inverse
D9218	pertinent index information requete collection recherche moteur inverse web
D9219	moteur requete index precision inverse web classement texte pertinent
D9220	recherche classement pertinent index web
D9221	algorithme pertinent information web systeme requete classement indexation texte moteur
D9222	algorithme requete systeme resultat pertinent recherche inverse terme utilisateur texte document
D9223	collection terme algorithme pertinent information inverse document indexation
D9224	collection resultat recherche indexation classement terme requete utilisateur document
D9225	pertinent utilisateur resultat texte moteur document requete
D9226	requete indexation rappel recherche index resultat information
D9227	precision utilisateur web pertinent resultat
D9228	algorithme indexation web terme index requete precision rappel texte inverse
D9229	rappel systeme moteur pertinent texte index inverse classement document web
D9230	precision terme recherche systeme document moteur
D9231	inverse collection rappel information recherche indexation terme systeme utilisateur precision index
D9232	inverse algorithme indexation rappel document information requete index
D9233	requete index rappel recherche pertinent information collection
D9234	index precision texte terme information
D9235	information texte algorithme rappel terme classement indexation precision
D9236	terme pertinent rappel requete moteur algorithme precision texte systeme information classement recherche
D9237	texte systeme web inverse moteur
D9238	collection rappel pertinent web recherche texte document
D9239	index classement algorithme requete collection recherche indexation
D9240	algorithme collection indexation moteur precision classement terme systeme utilisateur
D9241	resultat utilisateur indexation moteur recherche rappel terme requete systeme algorithme document
D9242	classement collection pertinent inverse recherche terme utilisateur resultat rappel texte precision algorithme
D9243	algorithme classement indexation document utilisateur recherche texte
D9244	moteur web precision information pertinent systeme texte
D9245	inverse terme algorithme recherche texte rappel index web resultat collection indexation
D9246	information classement pertinent inverse resultat algorithme recherche indexation precision
D9247	pertinent inverse indexation resultat rappel web
D9248	terme web algorithme indexation systeme inverse requete pertinent
D9249	document texte precision utilisateur rappel indexation algorithme
D9250	terme systeme moteur information pertinent classement resultat document recherche indexation inverse
D9251	resultat pertinent requete information indexation collection recherche inverse
D9252	indexation classement algorithme rappel pertinent utilisateur
D9253	information pertinent web requete texte recherche
D9254	rappel moteur pertinent indexation resultat document index
D9255	resultat terme collection indexation inverse algorithme rappel document classement index
D9256	inverse index information indexation precision utilisateur pertinent recherche requete moteur collection classement
D9257	document systeme texte recherche rappel terme
D9258	pertinent web utilisateur requete indexation recherche algorithme
D9259	resultat precision document algorithme inverse rappel indexation
D9260	utilisateur systeme rappel collection index information inverse
D9261	web rappel moteur document collection terme classement
D9262	web classement document moteur recherche information rappel precision requete texte
D9263	pertinent resultat document collection utilisateur moteur texte web systeme
D9264	document rappel recherche classement index information indexation systeme pertinent moteur utilisateur
D9265	classement moteur web collection pertinent rappel utilisateur terme
D9266	index indexation recherche terme precision pertinent
D9267	requete precision collection algorithme information moteur systeme document terme inverse index resultat
D9268	index systeme web algorithme recherche rappel utilisateur
D9269	utilisateur resultat indexation recherche precision requete
D9270	systeme document moteur collection resultat
D9271	classement rappel indexation pertinent information algorithme index inverse
D9272	index precision information web texte indexation document resultat
D9273	classement recherche terme collection index moteur pertinent indexation web texte systeme
D9274	information moteur web classement document indexation pertinent collection algorithme resultat
D9275	classement requete recherche utilisateur algorithme precision resultat document inverse information
D9276	information precision index classement systeme requete
D9277	algorithme rappel information requete document terme texte precision index indexation collection inverse
D9278	rappel collection web utilisateur information algorithme recherche classement
D9279	terme inverse information systeme index document web
D9280	collection texte index web recherche algorithme
D9281	recherche moteur utilisateur collection document web inverse information rappel
D9282	algorithme requete terme moteur inverse collection information indexation pertinent
D9283	precision web recherche pertinent information indexation document requete
D9284	indexation resultat terme index requete texte utilisateur
D9285	precision classement collection web resultat systeme moteur rappel terme algorithme
D9286	texte index indexation rappel terme collection recherche pertinent
D9287	utilisateur texte resultat classement pertinent inverse terme
D9288	moteur systeme texte collection classement information resultat algorithme
D9289	precision classement index utilisateur algorithme inverse
D9290	precision utilisateur moteur texte terme algorithme inverse resultat requete rappel pertinent index
D9291	information document classement pertinent precision systeme moteur
D9292	inverse information rappel document systeme collection texte
D9293	moteur texte information inverse utilisateur index algorithme pertinent rappel precision requete recherche
D9294	inverse texte classement systeme web algorithme pertinent
D9295	algorithme systeme web pertinent resultat requete inverse collection recherche texte information
D9296	requete terme index precision inverse document resultat information utilisateur classement moteur recherche
D9297	precision moteur inverse document texte algorithme pertinent
D9298	inverse collection information document precision
D9299	recherche indexation pertinent information collection systeme
D9300	terme inverse rappel document indexation systeme collection
D9301	utilisateur systeme web resultat collection
D9302	systeme inverse texte rappel terme moteur indexation web document information
D9303	rappel terme algorithme utilisateur requete
D9304	inverse utilisateur rappel classement document requete pertinent precision algorithme indexation recherche
D9305	recherche rappel pertinent information utilisateur web resultat indexation document inverse index
D9306	systeme rappel algorithme recherche indexation moteur
D9307	classement requete index algorithme document collection precision
D9308	moteur requete index terme recherche texte systeme algorithme information
D9309	rappel collection inverse texte index information requete indexation utilisateur
D9310	requete inverse systeme resultat algorithme precision classement
D9311	terme resultat algorithme index recherche precision pertinent
D9312	collection texte document information precision index pertinent terme moteur rappel
D9313	rappel classement algorithme resultat indexation index document systeme terme inverse
D9314	moteur systeme classement precision indexation resultat algorithme requete utilisateur information texte
D9315	utilisateur terme collection inverse resultat document moteur
D9316	information systeme indexation web collection document requete
D9317	classement information systeme resultat document
D9318	terme precision systeme indexation moteur inverse
D9319	collection texte moteur terme systeme utilisateur information index
D9320	utilisateur index requete web resultat classement recherche systeme terme inverse
D9321	precision index pertinent document moteur texte requete information
D9322	recherche pertinent rappel information document algorithme
D9323	collection moteur recherche web index
D9324	classement moteur requete inverse utilisateur algorithme recherche resultat collection rappel
D9325	indexation document resultat rappel systeme
D9326	resultat utilisateur algorithme classement moteur
D9327	classement web requete inverse document information precision
D9328	indexation rappel inverse resultat terme information utilisateur
D9329	precision resultat recherche requete terme utilisateur indexation
D9330	precision algorithme classement rappel moteur resultat texte web
D9331	pertinent web classement document texte requete inverse collection algorithme indexation moteur
D9332	document precision utilisateur classement texte systeme
D9333	requete algorithme systeme resultat document index collection information inverse texte recherche classement
D9334	web inverse recherche information pertinent texte resultat terme indexation algorithme classement rappel
D9335	collection moteur index document pertinent classement algorithme terme resultat
D9336	terme classement utilisateur web algorithme precision index resultat indexation moteur document recherche
D9337	texte systeme utilisateur collection information inverse recherche resultat pertinent classement requete
D9338	utilisateur requete indexation document recherche precision
D9339	algorithme information document texte classement
D9340	utilisateur index texte document inverse indexation pertinent requete resultat
D9341	utilisateur recherche web precision terme requete resultat
D9342	precision document index terme moteur texte resultat classement
D9343	indexation requete resultat information systeme precision terme inverse texte recherche document
D9344	index rappel inverse web classement texte algorithme utilisateur information recherche
D9345	moteur recherche rappel texte collection requete precision
D9346	collection document classement utilisateur pertinent moteur indexation
D9347	algorithme indexation collection index utilisateur precision recherche systeme requete terme
D9348	pertinent algorithme terme moteur inverse collection
D9349	pertinent inverse classement resultat terme systeme moteur document web indexation utilisateur
D9350	moteur collection inverse texte algorithme requete
D9351	requete index algorithme pertinent precision moteur web indexation utilisateur classement collection
D9352	information classement algorithme systeme index utilisateur indexation
D9353	recherche web inverse terme pertinent index systeme utilisateur requete
D9354	document requete collection algorithme index recherche rappel pertinent precision
D9355	information web terme collection document classement requete systeme resultat texte algorithme
D9356	information classement texte rappel algorithme pertinent collection utilisateur recherche
D9357	algorithme recherche resultat indexation utilisateur pertinent rappel index information
D9358	recherche web index information indexation classement requete pertinent rappel collection algorithme
D9359	utilisateur information texte index inverse web moteur
D9360	web document pertinent classement utilisateur resultat precision indexation rappel requete inverse
D9361	resultat algorithme precision systeme web moteur rappel pertinent texte information document
D9362	requete classement collection texte recherche systeme algorithme web inverse utilisateur
D9363	classement texte indexation rappel utilisateur information moteur terme
D9364	systeme rappel pertinent information moteur indexation
D9365	classement rappel terme index resultat
D9366	inverse terme recherche indexation rappel index systeme collection
D9367	index rappel moteur resultat pertinent algorithme systeme
D9368	classement texte systeme document utilisateur rappel requete pertinent web index moteur
D9369	precision systeme classement index document web rappel utilisateur moteur algorithme indexation inverse
D9370	information moteur requete pertinent algorithme resultat classement index utilisateur recherche document
D9371	systeme texte rappel document web index moteur recherche information inverse
D9372	rappel algorithme information systeme pertinent collection classement recherche terme
D9373	rappel classement precision inverse index document terme
D9374	web resultat document utilisateur systeme
D9375	information index document moteur web texte utilisateur resultat systeme terme pertinent rappel
D9376	requete classement terme indexation collection document
D9377	inverse rappel web index indexation algorithme document resultat information
D9378	information collection systeme resultat terme inverse algorithme requete recherche moteur precision classement
D9379	indexation texte requete moteur resultat utilisateur
D9380	information collection inverse moteur web texte requete resultat index algorithme rappel recherche
D9381	web precision texte pertinent algorithme collection
D9382	resultat texte moteur rappel indexation information precision algorithme inverse
D9383	pertinent algorithme collection moteur web texte
D9384	collection index algorithme recherche texte web inverse resultat pertinent utilisateur indexation
D9385	requete classement terme collection web systeme rappel document indexation
D9386	indexation resultat classement pertinent terme rappel systeme information index
D9387	classement information recherche document requete systeme moteur indexation index web resultat rappel
D9388	collection texte resultat web pertinent information indexation index
D9389	information terme rappel classement index moteur document web collection
D9390	collection index rappel texte pertinent terme requete
D9391	resultat inverse pertinent requete algorithme recherche
D9392	indexation information texte precision document
D9393	web pertinent moteur requete resultat texte information terme
D9394	classement index rappel systeme moteur precision terme recherche
D9395	moteur utilisateur inverse systeme requete
D9396	terme information requete document pertinent
D9397	rappel information systeme document precision pertinent inverse utilisateur
D9398	moteur requete document resultat algorithme rappel precision terme index indexation systeme classement
D9399	pertinent information systeme recherche moteur algorithme texte terme resultat rappel
D9400	requete information resultat precision document moteur classement index
D9401	inverse indexation classement terme index resultat moteur requete systeme algorithme precision
D9402	terme systeme classement resultat web pertinent document precision
D9403	web utilisateur indexation resultat requete terme document systeme moteur collection information
D9404	collection index web classement resultat indexation pertinent algorithme document information recherche systeme
D9405	inverse terme rappel document information systeme texte collection utilisateur recherche precision moteur
D9406	collection web classement recherche rappel algorithme terme inverse precision document information moteur
D9407	requete collection terme information document rappel moteur algorithme systeme resultat classement pertinent
D9408	resultat algorithme inverse pertinent requete indexation terme collection rappel
D9409	utilisateur index document resultat information algorithme inverse texte requete pertinent
D9410	classement web recherche texte algorithme requete collection systeme inverse utilisateur terme
D9411	precision texte inverse information indexation classement algorithme
D9412	systeme information recherche collection requete pertinent algorithme index
D9413	recherche requete information algorithme moteur document web resultat classement systeme index utilisateur
D9414	recherche texte requete information algorithme moteur index document inverse rappel terme
D9415	web index precision recherche rappel pertinent resultat information systeme inverse indexation
D9416	precision information resultat rappel texte inverse systeme terme indexation requete pertinent algorithme
D9417	document moteur classement precision collection indexation systeme utilisateur
D9418	requete precision index algorithme web information classement collection resultat pertinent utilisateur
D9419	terme requete inverse utilisateur information indexation moteur systeme texte classement
D9420	indexation terme collection information document texte inverse rappel requete index utilisateur
D9421	classement moteur rappel resultat inverse index recherche indexation information collection web pertinent
D9422	index collection rappel inverse terme document indexation requete recherche algorithme
D9423	algorithme web index document information
D9424	algorithme rappel texte inverse index
D9425	texte systeme collection inverse resultat pertinent
D9426	information document systeme index rappel recherche precision classement collection utilisateur
D9427	precision classement index recherche pertinent utilisateur document moteur terme texte
D9428	rappel indexation inverse requete algorithme document
D9429	utilisateur resultat document collection terme precision information
D9430	document terme indexation precision collection moteur requete texte utilisateur rappel
D9431	document systeme web recherche moteur information pertinent requete index texte collection resultat
D9432	rappel inverse utilisateur classement terme document
D9433	pertinent moteur recherche requete indexation algorithme rappel precision document inverse resultat index
D9434	systeme precision pertinent web utilisateur moteur
D9435	index classement systeme recherche information precision utilisateur resultat
D9436	indexation document inverse information requete precision recherche terme moteur web index
D9437	index pertinent requete resultat texte inverse algorithme recherche
D9438	systeme pertinent texte utilisateur rappel
D9439	systeme document terme collection index resultat
D9440	precision web resultat requete texte
D9441	document algorithme utilisateur terme moteur web precision collection
D9442	web moteur pertinent recherche index classement information collection
D9443	terme requete inverse precision utilisateur moteur information systeme document index pertinent
D9444	web indexation inverse classement systeme pertinent moteur
D9445	algorithme texte indexation web index resultat rappel terme collection systeme
D9446	terme moteur indexation resultat precision algorithme web requete
D9447	classement web texte algorithme information
D9448	terme utilisateur collection indexation systeme moteur resultat algorithme precision information inverse
D9449	utilisateur indexation systeme inverse algorithme precision pertinent requete moteur texte terme
D9450	web document recherche information terme utilisateur moteur requete algorithme inverse rappel index
D9451	rappel resultat pertinent index document
D9452	moteur precision collection algorithme information document web texte recherche requete resultat rappel
D9453	utilisateur texte recherche moteur index classement requete indexation inverse web resultat
D9454	document collection precision recherche requete
D9455	systeme index rappel document web resultat utilisateur algorithme
D9456	terme recherche utilisateur rappel web moteur systeme collection pertinent algorithme inverse precision
D9457	information resultat precision systeme indexation requete document
D9458	inverse algorithme rappel information terme pertinent systeme web moteur texte index resultat
D9459	utilisateur terme document information collection
D9460	classement rappel utilisateur precision web recherche resultat indexation
D9461	moteur collection document precision web terme requete utilisateur recherche
D9462	collection recherche classement rappel requete pertinent utilisateur web indexation terme
D9463	systeme pertinent rappel document utilisateur
D9464	terme information indexation web collection document requete inverse
D9465	terme resultat inverse recherche algorithme
D9466	classement rappel pertinent information algorithme systeme recherche indexation inverse texte moteur precision
D9467	recherche index pertinent web texte
D9468	document index indexation algorithme pertinent precision rappel
D9469	requete moteur systeme index algorithme utilisateur
D9470	indexation moteur precision utilisateur recherche index algorithme systeme pertinent
D9471	rappel utilisateur collection indexation algorithme inverse systeme classement
D9472	pertinent resultat index terme algorithme information requete web document
D9473	index inverse moteur systeme pertinent utilisateur indexation information document texte
D9474	requete precision resultat classement information systeme inverse moteur index web
D9475	information recherche texte pertinent requete precision indexation rappel index
D9476	document recherche rappel moteur inverse systeme terme information
D9477	pertinent terme recherche precision indexation texte
D9478	precision web document pertinent utilisateur information index systeme indexation
D9479	collection classement precision rappel requete information moteur indexation systeme inverse
D9480	classement inverse collection rappel resultat requete terme web indexation
D9481	texte classement document systeme inverse moteur web resultat algorithme collection utilisateur requete
D9482	inverse index document rappel resultat classement indexation systeme web pertinent recherche moteur
D9483	index resultat information classement requete algorithme web terme inverse rappel
D9484	document requete index web moteur precision rappel information
D9485	precision indexation resultat inverse information systeme terme
D9486	information requete resultat terme rappel collection recherche texte utilisateur precision
D9487	utilisateur pertinent requete algorithme classement moteur indexation recherche information terme collection web
D9488	systeme inverse document collection classement resultat texte precision information utilisateur
D9489	terme document texte requete precision rappel web inverse classement indexation collection moteur
D9490	index resultat texte indexation document collection rappel algorithme recherche
D9491	requete rappel collection utilisateur indexation recherche systeme algorithme moteur web information pertinent
D9492	pertinent recherche requete classement resultat information rappel index collection inverse
D9493	recherche precision collection texte indexation index document pertinent
D9494	requete document collection algorithme inverse texte moteur
D9495	document resultat requete algorithme pertinent
D9496	web requete document moteur terme collection texte systeme
D9497	pertinent precision terme recherche systeme rappel collection index moteur
D9498	classement index systeme texte terme information inverse utilisateur pertinent requete indexation document
D9499	moteur resultat utilisateur algorithme recherche systeme texte index indexation inverse
D9500	resultat inverse systeme rappel document indexation
D9501	rappel resultat indexation inverse recherche index classement texte requete utilisateur collection information
D9502	recherche index precision indexation web pertinent classement
D9503	terme inverse indexation systeme classement resultat requete web algorithme recherche
D9504	moteur document systeme requete precision texte index
D9505	pertinent web systeme texte precision utilisateur terme algorithme moteur
D9506	algorithme utilisateur precision index recherche inverse moteur information pertinent systeme
D9507	utilisateur collection requete moteur precision rappel
D9508	requete index systeme classement texte resultat document utilisateur algorithme information terme inverse
D9509	inverse texte information index moteur rappel
D9510	web moteur algorithme requete document resultat index indexation systeme inverse pertinent
D9511	rappel recherche terme web document algorithme index classement information inverse indexation
D9512	indexation web moteur index inverse texte requete pertinent collection resultat information
D9513	utilisateur web classement texte rappel inverse collection
D9514	resultat algorithme rappel recherche precision terme requete moteur
D9515	precision requete rappel collection pertinent indexation systeme utilisateur
D9516	systeme rappel pertinent index moteur document terme information resultat classement utilisateur
D9517	requete index indexation recherche algorithme document rappel pertinent classement information
D9518	requete inverse precision recherche collection information indexation systeme utilisateur
D9519	indexation resultat classement precision inverse texte moteur recherche web index
D9520	collection information utilisateur web inverse requete document systeme resultat precision pertinent
D9521	web systeme rappel information texte index pertinent
D9522	collection indexation classement pertinent resultat inverse
D9523	resultat utilisateur web texte indexation precision collection systeme recherche pertinent classement
D9524	texte information requete rappel systeme utilisateur inverse precision resultat indexation terme
D9525	information requete classement web moteur
D9526	moteur collection resultat precision classement index information terme rappel texte requete
D9527	algorithme texte rappel document moteur requete information
D9528	precision resultat pertinent classement texte
D9529	pertinent collection texte terme rappel requete recherche
D9530	indexation web inverse requete classement algorithme information
D9531	pertinent document inverse texte rappel information terme classement precision
D9532	indexation texte recherche pertinent inverse systeme algorithme classement requete moteur information
D9533	recherche rappel classement information document moteur indexation systeme index web requete texte
D9534	texte algorithme terme classement rappel indexation resultat document index
D9535	web texte requete document terme systeme indexation inverse recherche utilisateur classement
D9536	systeme information resultat requete collection terme
D9537	resultat requete index precision document texte
D9538	requete information recherche terme texte
D9539	algorithme utilisateur requete terme inverse document precision resultat
D9540	classement precision requete document terme information
D9541	web pertinent classement collection systeme resultat algorithme information terme rappel index
D9542	index algorithme texte indexation pertinent terme utilisateur inverse systeme
D9543	information index inverse moteur resultat collection document rappel classement
D9544	document utilisateur moteur pertinent requete indexation rappel inverse classement information
D9545	precision algorithme texte collection systeme document recherche requete index resultat web
D9546	texte web requete moteur document inverse recherche algorithme terme systeme information rappel
D9547	resultat collection systeme texte indexation information requete terme recherche
D9548	web inverse texte information indexation recherche
D9549	moteur rappel web algorithme information resultat systeme precision recherche utilisateur terme
D9550	collection resultat information web pertinent algorithme requete indexation rappel index precision utilisateur
D9551	indexation information utilisateur index resultat requete classement texte algorithme terme systeme
D9552	utilisateur document recherche indexation texte classement
D9553	moteur collection resultat algorithme web utilisateur recherche inverse requete terme
D9554	index algorithme requete utilisateur information terme collection
D9555	precision classement index requete recherche indexation web inverse information
D9556	systeme precision terme resultat rappel collection pertinent utilisateur moteur index web algorithme
D9557	document collection indexation recherche rappel classement web requete
D9558	moteur algorithme rappel systeme terme
D9559	web indexation rappel document texte inverse
D9560	resultat texte algorithme requete document web recherche
D9561	document moteur precision inverse requete
D9562	systeme indexation information classement inverse web rappel recherche requete
D9563	classement recherche rappel algorithme terme resultat pertinent inverse
D9564	systeme algorithme rappel terme document utilisateur web index indexation classement requete moteur
D9565	terme utilisateur information texte requete collection web algorithme inverse
D9566	web rappel classement information index document collection pertinent systeme requete moteur terme
D9567	algorithme terme recherche rappel precision information
D9568	algorithme texte index collection requete information utilisateur classement web pertinent
D9569	information rappel inverse web terme utilisateur indexation
D9570	indexation inverse texte web systeme index collection moteur pertinent algorithme
D9571	document terme resultat inverse classement collection recherche pertinent requete precision systeme index
D9572	pertinent resultat precision rappel indexation utilisateur systeme
D9573	requete utilisateur rappel resultat algorithme inverse
D9574	systeme inverse moteur terme classement document index recherche rappel collection utilisateur
D9575	systeme moteur collection algorithme precision
D9576	inverse algorithme information recherche moteur
D9577	inverse collection moteur systeme utilisateur resultat requete rappel precision terme
D9578	moteur requete utilisateur classement precision algorithme
D9579	indexation web precision collection algorithme systeme classement resultat rappel recherche texte document
D9580	inverse recherche utilisateur rappel systeme terme web moteur document
D9581	web requete collection indexation precision recherche pertinent utilisateur moteur
D9582	collection inverse algorithme pertinent systeme
D9583	inverse classement rappel indexation web terme document precision resultat
D9584	terme rappel index systeme indexation information moteur utilisateur classement
D9585	systeme terme classement texte rappel index recherche document moteur collection web information
D9586	utilisateur index indexation information terme collection
D9587	precision systeme recherche inverse classement document information algorithme requete
D9588	rappel utilisateur algorithme document collection web classement recherche indexation index requete precision
D9589	information classement requete terme indexation utilisateur rappel index inverse algorithme precision
D9590	moteur indexation rappel inverse algorithme systeme precision collection document
D9591	rappel document resultat indexation classement
D9592	collection moteur systeme precision inverse utilisateur algorithme document indexation resultat
D9593	indexation inverse resultat utilisateur pertinent rappel collection information terme texte document
D9594	inverse algorithme terme pertinent precision index
D9595	index resultat requete classement web precision document terme texte algorithme recherche collection
D9596	terme requete utilisateur moteur inverse algorithme
D9597	requete resultat terme systeme index inverse moteur recherche
D9598	classement rappel recherche texte moteur collection resultat
D9599	systeme moteur indexation resultat terme
D9600	collection rappel terme systeme moteur web
D9601	information requete collection pertinent algorithme document moteur index
D9602	index classement pertinent information texte moteur algorithme precision document resultat utilisateur
D9603	texte rappel algorithme document precision information resultat systeme classement utilisateur
D9604	algorithme resultat requete moteur web utilisateur
D9605	pertinent document algorithme resultat moteur systeme texte classement terme
D9606	texte recherche inverse precision algorithme utilisateur classement information pertinent systeme rappel
D9607	precision classement document systeme information pertinent
D9608	index document inverse requete resultat utilisateur algorithme information classement recherche pertinent
D9609	precision classement pertinent algorithme document requete indexation
D9610	information texte classement pertinent requete rappel web terme utilisateur resultat systeme
D9611	inverse indexation information pertinent recherche collection systeme terme precision texte
D9612	collection precision index document recherche rappel algorithme information web requete
D9613	web algorithme utilisateur information requete rappel
D9614	inverse web terme recherche indexation utilisateur precision pertinent information collection requete
D9615	recherche information pertinent texte precision resultat index web indexation terme systeme
D9616	texte moteur requete terme precision indexation pertinent rappel information classement
D9617	systeme information requete moteur collection
D9618	terme rappel collection pertinent inverse resultat classement utilisateur web document algorithme
D9619	requete collection precision document utilisateur pertinent recherche rappel resultat moteur
D9620	systeme algorithme moteur classement requete texte resultat index terme web
D9621	pertinent web classement terme collection indexation texte
D9622	web recherche terme precision classement requete utilisateur information inverse index pertinent algorithme
D9623	systeme texte requete information moteur precision rappel
D9624	algorithme collection rappel information texte moteur web classement indexation
D9625	inverse document rappel precision classement terme information resultat requete systeme utilisateur
D9626	index collection pertinent web recherche texte utilisateur
D9627	precision texte information terme recherche indexation resultat requete rappel moteur
D9628	algorithme pertinent moteur indexation collection information precision inverse web systeme requete recherche
D9629	collection rappel precision requete information texte
D9630	precision algorithme pertinent information requete systeme collection
D9631	information resultat indexation index texte algorithme
D9632	terme rappel utilisateur information algorithme recherche collection
D9633	inverse resultat index indexation texte recherche requete collection
D9634	precision indexation rappel resultat algorithme
D9635	rappel systeme collection texte terme index resultat indexation
D9636	precision web moteur information rappel collection terme index pertinent
D9637	systeme terme precision information recherche classement algorithme moteur requete web utilisateur
D9638	web rappel collection utilisateur document index
D9639	pertinent document web index precision information utilisateur inverse systeme collection
D9640	precision texte systeme inverse classement
D9641	resultat information utilisateur indexation collection classement terme algorithme rappel systeme precision document
D9642	inverse recherche web collection rappel
D9643	collection classement utilisateur pertinent rappel indexation information requete inverse
D9644	texte collection pertinent algorithme precision systeme moteur rappel
D9645	terme algorithme indexation recherche moteur resultat collection information pertinent
D9646	rappel moteur information indexation requete index pertinent web classement
D9647	indexation precision information systeme resultat terme pertinent algorithme
D9648	systeme requete pertinent rappel resultat precision texte inverse
D9649	resultat rappel utilisateur collection classement web
D9650	rappel texte indexation terme classement moteur pertinent web information collection
D9651	requete resultat rappel texte document recherche indexation pertinent collection index algorithme
D9652	utilisateur index inverse information recherche rappel indexation classement moteur pertinent terme precision
D9653	algorithme systeme rappel precision classement recherche moteur index document requete
D9654	terme inverse index texte algorithme recherche
D9655	pertinent web recherche algorithme requete information
D9656	texte precision document inverse terme collection resultat algorithme classement index pertinent
D9657	pertinent algorithme resultat indexation systeme requete
D9658	document web information precision resultat moteur indexation texte
D9659	collection document precision resultat web pertinent requete indexation
D9660	resultat systeme moteur texte algorithme utilisateur indexation recherche pertinent
D9661	collection precision rappel information terme pertinent resultat document indexation systeme
D9662	collection classement utilisateur algorithme texte rappel inverse recherche moteur document terme precision
D9663	utilisateur requete terme precision information document collection
D9664	classement information moteur requete recherche document rappel terme
D9665	precision classement rappel algorithme terme utilisateur
D9666	precision texte rappel web classement algorithme terme
D9667	requete algorithme document web texte systeme
D9668	document collection rappel terme pertinent
D9669	document pertinent rappel requete moteur
D9670	indexation web requete recherche terme algorithme information inverse utilisateur systeme
D9671	document pertinent classement collection precision systeme information
D9672	texte moteur information classement terme precision systeme utilisateur rappel
D9673	classement web algorithme utilisateur information recherche inverse document resultat pertinent texte precision
D9674	rappel collection resultat moteur indexation requete classement terme utilisateur inverse
D9675	moteur pertinent terme classement collection indexation
D9676	utilisateur precision texte information systeme
D9677	terme recherche utilisateur moteur pertinent index collection rappel document information inverse texte
D9678	resultat systeme classement document rappel indexation utilisateur texte pertinent recherche terme
D9679	pertinent resultat classement requete utilisateur moteur indexation information terme collection inverse
D9680	inverse information index texte classement
D9681	inverse document pertinent terme requete rappel web collection
D9682	pertinent inverse document algorithme requete
D9683	utilisateur indexation moteur classement requete texte systeme web pertinent algorithme document rappel
D9684	utilisateur inverse precision requete recherche information
D9685	utilisateur rappel precision recherche resultat
D9686	requete precision algorithme information pertinent utilisateur document inverse index
D9687	resultat precision texte indexation algorithme rappel classement recherche
D9688	moteur requete document utilisateur collection rappel web precision texte
D9689	requete index recherche information systeme terme
D9690	web index precision systeme utilisateur
D9691	terme algorithme systeme document texte indexation classement index information moteur recherche pertinent
D9692	requete systeme recherche texte rappel classement indexation pertinent document web
D9693	utilisateur rappel texte classement document precision information recherche index systeme requete pertinent
D9694	resultat systeme inverse algorithme index terme moteur information document precision
D9695	information precision inverse utilisateur collection rappel web pertinent recherche resultat systeme algorithme
D9696	indexation terme moteur texte algorithme
D9697	inverse rappel resultat systeme index moteur information texte precision terme document recherche
D9698	information requete texte collection resultat algorithme moteur index rappel precision
D9699	resultat pertinent index document moteur collection classement
D9700	pertinent inverse indexation texte collection
D9701	resultat inverse algorithme systeme collection recherche pertinent rappel
D9702	indexation inverse algorithme collection precision texte resultat terme moteur utilisateur
D9703	information precision texte resultat terme recherche systeme
D9704	index utilisateur algorithme systeme web indexation collection rappel
D9705	terme inverse indexation classement web resultat
D9706	systeme terme web precision collection resultat information moteur
D9707	index classement information requete terme indexation rappel
D9708	pertinent inverse precision requete algorithme resultat collection index
D9709	document systeme index collection requete indexation inverse web terme precision resultat
D9710	indexation resultat collection recherche information
D9711	pertinent document rappel systeme terme web
D9712	collection indexation rappel terme inverse
D9713	rappel moteur pertinent recherche resultat
D9714	information precision classement rappel systeme requete
D9715	utilisateur terme web inverse requete precision algorithme rappel pertinent resultat document classement
D9716	information systeme index algorithme web pertinent resultat requete
D9717	pertinent web information moteur precision document inverse texte classement terme resultat
D9718	classement rappel indexation resultat precision information
D9719	collection recherche document inverse indexation
D9720	terme document moteur algorithme index collection systeme requete pertinent recherche
D9721	inverse index algorithme utilisateur web document resultat rappel
D9722	moteur requete recherche information pertinent web inverse systeme document
D9723	systeme pertinent utilisateur requete classement algorithme precision resultat texte collection
D9724	classement information resultat web indexation collection rappel requete recherche terme utilisateur
D9725	web recherche terme moteur utilisateur rappel precision algorithme requete resultat
D9726	classement resultat pertinent recherche information document inverse indexation collection
D9727	rappel systeme web classement precision requete information algorithme index moteur utilisateur recherche
D9728	utilisateur rappel index precision web classement algorithme
D9729	index texte classement algorithme systeme recherche inverse document collection requete
D9730	moteur resultat collection algorithme index information texte requete document terme utilisateur precision
D9731	document inverse algorithme texte information rappel utilisateur systeme
D9732	utilisateur texte moteur indexation precision document classement rappel algorithme index pertinent terme
D9733	systeme moteur texte web pertinent utilisateur inverse index
D9734	index systeme recherche indexation utilisateur information precision texte collection classement requete
D9735	requete algorithme web resultat systeme classement terme texte moteur
D9736	pertinent texte classement collection algorithme utilisateur terme moteur requete indexation index rappel
D9737	recherche precision algorithme information document indexation resultat systeme
D9738	utilisateur information index rappel collection terme precision resultat document web moteur
D9739	rappel collection terme systeme document
D9740	systeme collection resultat moteur indexation requete information index recherche
D9741	systeme web information terme moteur index inverse rappel resultat utilisateur
D9742	resultat rappel document classement texte inverse collection terme pertinent information moteur requete
D9743	moteur requete classement collection web recherche
D9744	recherche moteur information texte terme rappel indexation inverse document systeme
D9745	requete pertinent recherche collection index classement document
D9746	index algorithme texte inverse terme collection systeme utilisateur recherche indexation pertinent
D9747	moteur collection web texte algorithme systeme requete information utilisateur recherche precision
D9748	classement information systeme moteur pertinent algorithme
D9749	web requete inverse systeme information index rappel indexation document moteur precision texte
D9750	classement document indexation resultat rappel
D9751	rappel systeme classement pertinent inverse document terme texte resultat requete
D9752	collection requete moteur precision recherche classement indexation index inverse rappel information algorithme
D9753	algorithme utilisateur index information terme recherche moteur
D9754	rappel index document classement algorithme web collection texte recherche
D9755	rappel texte terme classement resultat
D9756	information requete pertinent terme classement moteur document utilisateur texte resultat rappel web
D9757	collection web algorithme moteur indexation texte
D9758	index information classement inverse precision resultat rappel recherche web pertinent moteur requete
D9759	web classement terme utilisateur recherche rappel algorithme collection resultat precision
D9760	requete algorithme inverse resultat collection rappel texte utilisateur document precision recherche systeme
D9761	collection index document texte precision classement web indexation recherche moteur
D9762	utilisateur requete rappel systeme texte index collection information
D9763	resultat systeme document web moteur pertinent
D9764	indexation requete precision moteur document
D9765	indexation information moteur classement rappel resultat collection web
D9766	classement terme indexation rappel web resultat document precision texte moteur
D9767	pertinent terme indexation moteur index recherche web information
D9768	classement texte rappel collection pertinent web
D9769	collection information rappel systeme requete utilisateur terme algorithme document
D9770	rappel web algorithme information precision classement indexation index pertinent
D9771	requete index resultat rappel recherche terme
D9772	utilisateur index precision indexation recherche collection
D9773	utilisateur texte index terme precision document information algorithme web
D9774	pertinent classement indexation information resultat
D9775	information collection classement rappel moteur utilisateur inverse indexation pertinent algorithme terme texte
D9776	collection resultat index moteur utilisateur rappel recherche information document requete terme
D9777	terme indexation texte inverse precision requete utilisateur moteur classement
D9778	web algorithme classement information rappel systeme collection
D9779	resultat recherche rappel classement inverse pertinent terme
D9780	rappel document texte classement collection recherche inverse requete
D9781	precision systeme web collection algorithme requete utilisateur rappel
D9782	index terme utilisateur texte precision algorithme
D9783	moteur systeme precision resultat terme rappel pertinent collection web utilisateur
D9784	rappel systeme web information document recherche classement indexation index terme utilisateur
D9785	systeme algorithme resultat web rappel texte information
D9786	web precision rappel texte index document inverse systeme indexation
D9787	recherche terme collection rappel information texte requete algorithme pertinent
D9788	rappel requete recherche index texte classement document algorithme utilisateur
D9789	terme utilisateur algorithme requete classement rappel web document precision resultat
D9790	recherche algorithme indexation texte pertinent document terme information precision requete rappel web
D9791	inverse index indexation collection resultat terme requete precision algorithme rappel
D9792	systeme collection moteur terme texte
D9793	information precision recherche systeme algorithme rappel pertinent collection
D9794	recherche resultat requete pertinent indexation index
D9795	recherche document information inverse algorithme
D9796	precision information resultat moteur utilisateur texte terme
D9797	resultat requete texte indexation precision index rappel utilisateur systeme
D9798	information classement texte inverse rappel pertinent terme systeme requete
D9799	inverse requete terme collection rappel texte moteur resultat systeme recherche index
D9800	classement precision information collection utilisateur
D9801	resultat pertinent indexation precision classement
D9802	pertinent document classement web moteur
D9803	terme precision algorithme classement inverse information
D9804	terme information inverse rappel pertinent indexation document classement resultat
D9805	terme index indexation moteur information requete systeme
D9806	indexation classement utilisateur inverse document texte
D9807	recherche pertinent document moteur requete
D9808	pertinent classement moteur inverse requete
D9809	texte classement algorithme collection indexation systeme index requete utilisateur
D9810	rappel indexation texte precision document
D9811	requete moteur inverse indexation document utilisateur index resultat systeme collection
D9812	requete algorithme document rappel classement
D9813	recherche pertinent collection algorithme resultat
D9814	recherche resultat utilisateur requete inverse terme algorithme moteur classement web precision document
D9815	resultat index rappel pertinent utilisateur indexation
D9816	recherche collection web utilisateur indexation systeme document moteur texte index
D9817	moteur precision terme collection systeme algorithme indexation document rappel
D9818	utilisateur moteur information recherche systeme document terme
D9819	rappel utilisateur inverse indexation document pertinent collection systeme requete recherche
D9820	classement moteur algorithme requete precision information rappel texte index pertinent terme document
D9821	precision rappel utilisateur terme inverse recherche indexation resultat index algorithme systeme requete
D9822	collection precision terme moteur systeme inverse document algorithme utilisateur web indexation requete
D9823	web requete recherche information texte utilisateur index moteur systeme resultat rappel precision
D9824	utilisateur requete moteur inverse resultat recherche information texte terme rappel web
D9825	collection document information systeme pertinent inverse resultat indexation web requete
D9826	document moteur inverse collection resultat index classement systeme web utilisateur recherche
D9827	document web inverse indexation rappel index
D9828	collection index resultat precision web pertinent recherche
D9829	information pertinent index algorithme texte collection requete web utilisateur inverse classement recherche
D9830	inverse moteur systeme pertinent web algorithme utilisateur indexation
D9831	requete algorithme document classement information indexation systeme texte recherche pertinent collection
D9832	pertinent utilisateur web information systeme recherche algorithme rappel indexation requete inverse document
D9833	utilisateur document algorithme rappel inverse systeme classement collection pertinent
D9834	index document information collection pertinent
D9835	rappel document utilisateur web pertinent recherche inverse collection index moteur classement
D9836	texte index pertinent utilisateur indexation moteur rappel
D9837	moteur requete algorithme indexation terme information precision
D9838	rappel utilisateur pertinent information indexation moteur recherche algorithme
D9839	terme indexation texte recherche rappel index algorithme collection moteur pertinent information utilisateur
D9840	recherche web inverse resultat classement moteur systeme texte
D9841	systeme requete indexation rappel collection document
D9842	information utilisateur index inverse recherche terme classement
D9843	indexation inverse information terme recherche resultat moteur algorithme requete document texte
D9844	index utilisateur collection resultat systeme rappel terme moteur classement web indexation document
D9845	classement utilisateur rappel precision inverse resultat web indexation collection information algorithme
D9846	resultat systeme inverse algorithme web index
D9847	web indexation collection index resultat
D9848	indexation utilisateur terme resultat algorithme moteur information texte systeme pertinent classement index
D9849	information precision web systeme utilisateur requete classement rappel moteur recherche algorithme
D9850	document utilisateur web resultat index classement requete collection texte algorithme
D9851	terme texte document precision rappel collection web pertinent moteur
D9852	document texte classement collection terme precision recherche rappel
D9853	pertinent recherche index precision indexation utilisateur classement rappel
D9854	resultat classement inverse texte algorithme requete utilisateur terme
D9855	pertinent algorithme web indexation precision
D9856	pertinent requete moteur systeme precision terme web document
D9857	inverse requete recherche algorithme precision moteur terme resultat rappel systeme
D9858	document systeme pertinent indexation terme utilisateur index
D9859	resultat algorithme collection web pertinent information classement utilisateur precision indexation rappel
D9860	document algorithme index texte rappel
D9861	algorithme terme classement collection rappel inverse requete utilisateur
D9862	classement texte pertinent indexation resultat web algorithme index precision information moteur document
D9863	pertinent recherche information web rappel algorithme precision moteur classement
D9864	inverse web algorithme moteur information index
D9865	web document recherche indexation information classement resultat collection inverse moteur precision
D9866	precision systeme inverse requete resultat rappel
D9867	document information pertinent systeme recherche index classement web
D9868	recherche precision terme classement inverse algorithme systeme index
D9869	indexation requete terme collection precision information
D9870	document inverse moteur indexation rappel index resultat precision recherche utilisateur
D9871	pertinent classement information collection web
D9872	systeme information requete terme resultat texte rappel classement web
D9873	classement pertinent requete index collection information document recherche texte
D9874	collection pertinent terme precision indexation systeme requete moteur algorithme
D9875	terme web precision collection texte utilisateur inverse systeme moteur rappel pertinent
D9876	moteur resultat precision pertinent document
D9877	utilisateur terme web pertinent algorithme information document recherche indexation moteur texte classement
D9878	utilisateur collection resultat web moteur rappel indexation classement
D9879	inverse indexation document utilisateur web recherche
D9880	classement rappel document utilisateur index precision collection pertinent resultat indexation inverse requete
D9881	resultat web collection recherche terme moteur inverse index algorithme
D9882	requete terme index document inverse resultat texte systeme rappel
D9883	precision moteur index web indexation resultat terme inverse collection systeme requete algorithme
D9884	index classement utilisateur information terme algorithme precision
D9885	document resultat collection classement inverse systeme algorithme requete pertinent index information rappel
D9886	utilisateur indexation recherche information moteur requete
D9887	inverse utilisateur recherche index web document systeme terme indexation precision resultat collection
D9888	moteur utilisateur systeme inverse rappel index precision
D9889	terme moteur information precision algorithme index systeme texte recherche
D9890	collection precision pertinent resultat index information texte algorithme classement recherche web document
D9891	recherche index web information algorithme classement systeme requete document
D9892	precision pertinent collection resultat rappel classement requete moteur utilisateur web inverse indexation
D9893	indexation precision document information index algorithme utilisateur web terme pertinent
D9894	inverse collection algorithme indexation systeme information pertinent web precision requete index
D9895	texte precision collection recherche inverse web requete
D9896	recherche requete algorithme texte information classement systeme resultat index terme
D9897	moteur information recherche algorithme utilisateur terme texte document
D9898	systeme algorithme rappel index texte collection
D9899	classement index algorithme pertinent indexation
D9900	web texte document requete moteur recherche index rappel information classement
D9901	moteur requete precision inverse utilisateur
D9902	pertinent classement systeme rappel terme document resultat
D9903	pertinent indexation rappel utilisateur document texte algorithme terme
D9904	resultat classement texte collection precision rappel utilisateur
D9905	collection inverse moteur requete indexation classement web
D9906	resultat collection terme classement texte document moteur utilisateur systeme
D9907	pertinent precision resultat terme indexation requete rappel algorithme document web information
D9908	information indexation web moteur requete algorithme classement resultat document collection precision pertinent
D9909	web resultat moteur information inverse collection
D9910	web document recherche precision systeme algorithme resultat index terme
D9911	systeme document utilisateur recherche web resultat index rappel moteur algorithme
D9912	information collection terme texte moteur utilisateur inverse indexation precision resultat
D9913	index rappel requete pertinent web document information utilisateur
D9914	pertinent terme collection index utilisateur texte precision classement algorithme inverse
D9915	inverse precision utilisateur resultat index classement indexation rappel document systeme
D9916	web document pertinent index rappel collection inverse precision information indexation requete
D9917	collection recherche requete precision classement algorithme web rappel inverse document texte
D9918	information pertinent recherche web resultat collection classement index moteur
D9919	requete information collection web algorithme resultat document recherche rappel terme
D9920	precision resultat index moteur terme collection
D9921	terme rappel information algorithme collection texte web systeme pertinent requete recherche
D9922	inverse requete web terme recherche texte pertinent document moteur classement
D9923	recherche classement systeme inverse information requete resultat texte
D9924	requete indexation inverse utilisateur index texte rappel terme classement pertinent
D9925	web information precision classement index collection terme texte rappel indexation
D9926	classement resultat requete web information systeme terme algorithme precision
D9927	rappel requete index information document
D9928	inverse collection precision classement algorithme information moteur index recherche rappel document
D9929	index recherche algorithme collection utilisateur rappel pertinent terme precision moteur
D9930	systeme algorithme document collection requete recherche information inverse texte
D9931	systeme collection recherche index terme moteur resultat utilisateur algorithme
D9932	terme inverse information systeme document pertinent indexation
D9933	pertinent indexation web requete recherche classement precision utilisateur collection systeme
D9934	collection terme rappel texte information index algorithme resultat precision moteur pertinent recherche
D9935	resultat index precision classement terme recherche document inverse requete texte pertinent
D9936	indexation pertinent rappel utilisateur document inverse resultat moteur systeme collection requete
D9937	rappel algorithme pertinent document web index information inverse systeme
D9938	classement utilisateur indexation rappel document algorithme resultat information moteur
D9939	pertinent collection recherche resultat information inverse classement terme
D9940	moteur information systeme index utilisateur
D9941	collection information texte document inverse web recherche
D9942	precision web indexation pertinent inverse document requete moteur
D9943	information resultat precision moteur web
D9944	document index indexation requete pertinent resultat utilisateur texte
D9945	information systeme indexation moteur collection utilisateur
D9946	web inverse index requete terme pertinent
D9947	indexation pertinent recherche collection precision requete classement utilisateur information
D9948	systeme rappel inverse pertinent information resultat
D9949	information collection moteur resultat recherche pertinent rappel web
D9950	rappel requete utilisateur information systeme pertinent
D9951	classement collection algorithme requete information
D9952	collection terme rappel texte utilisateur moteur indexation document index resultat
D9953	collection recherche classement indexation index information texte terme pertinent moteur resultat
D9954	web moteur rappel precision utilisateur algorithme
D9955	collection classement terme inverse document moteur requete texte
D9956	precision pertinent information indexation texte
D9957	inverse systeme index moteur web information utilisateur
D9958	recherche systeme moteur information resultat utilisateur algorithme index
D9959	resultat index terme precision information recherche collection requete web
D9960	classement requete utilisateur document precision inverse
D9961	resultat indexation inverse recherche utilisateur
D9962	texte web indexation precision document utilisateur algorithme resultat inverse requete terme
D9963	collection precision requete index rappel terme information inverse
D9964	terme information inverse web recherche document utilisateur algorithme precision pertinent classement
D9965	pertinent moteur resultat document precision recherche utilisateur texte requete algorithme
D9966	web terme moteur utilisateur rappel index indexation document pertinent
D9967	index information utilisateur algorithme texte web pertinent document indexation
D9968	algorithme collection texte document recherche pertinent indexation
D9969	utilisateur pertinent collection systeme precision inverse classement
D9970	precision document rappel terme recherche information algorithme classement requete pertinent
D9971	pertinent document web index requete inverse recherche
D9972	texte collection requete pertinent inverse terme
D9973	moteur index web algorithme pertinent inverse terme precision rappel
D9974	algorithme classement index recherche pertinent moteur
D9975	pertinent systeme information utilisateur recherche terme
D9976	web classement rappel terme systeme moteur algorithme precision utilisateur recherche
D9977	systeme texte pertinent utilisateur information moteur document terme classement collection index rappel
D9978	requete information pertinent web texte rappel resultat algorithme
D9979	systeme index inverse classement algorithme precision information rappel
D9980	requete rappel precision index collection systeme inverse moteur terme
D9981	precision terme index pertinent moteur classement texte information inverse
D9982	systeme pertinent web utilisateur resultat terme recherche moteur index texte
D9983	information pertinent requete document index
D9984	classement information requete resultat indexation index document algorithme
D9985	inverse document terme resultat precision texte index information indexation systeme moteur
D9986	collection terme pertinent inverse texte moteur classement utilisateur
D9987	recherche pertinent texte utilisateur collection resultat document precision
D9988	resultat indexation utilisateur inverse rappel terme precision recherche information moteur classement
D9989	resultat algorithme pertinent information indexation collection index
D9990	utilisateur moteur precision recherche texte index systeme rappel algorithme resultat pertinent terme
D9991	index information requete rappel resultat texte classement utilisateur systeme
D9992	resultat pertinent terme systeme texte recherche index inverse rappel precision collection information
D9993	rappel recherche algorithme moteur utilisateur pertinent information
D9994	information recherche precision indexation collection classement
D9995	index utilisateur inverse texte terme resultat web algorithme
D9996	resultat recherche indexation pertinent web document terme precision index
D9997	algorithme terme web resultat classement information moteur collection systeme texte
D9998	precision collection resultat requete utilisateur indexation document systeme texte terme web
D9999	information rappel inverse index texte algorithme requete recherche terme utilisateur
D10000	indexation resultat index collection precision requete inverse
